ensembl_id	n_datasets	gene_symbol	dataset_fraction	model_gene_index
ENSG00000000003	15	TSPAN6	1.0	0
ENSG00000000005	15	TNMD	1.0	1
ENSG00000000419	15	DPM1	1.0	2
ENSG00000000457	15	SCYL3	1.0	3
ENSG00000000460	15	FIRRM	1.0	4
ENSG00000000938	15	FGR	1.0	5
ENSG00000000971	15	CFH	1.0	6
ENSG00000001036	15	FUCA2	1.0	7
ENSG00000001084	15	GCLC	1.0	8
ENSG00000001167	15	NFYA	1.0	9
ENSG00000001460	15	STPG1	1.0	10
ENSG00000001461	15	NIPAL3	1.0	11
ENSG00000001497	15	LAS1L	1.0	12
ENSG00000001561	15	ENPP4	1.0	13
ENSG00000001617	15	SEMA3F	1.0	14
ENSG00000001626	15	CFTR	1.0	15
ENSG00000001629	15	ANKIB1	1.0	16
ENSG00000001630	15	CYP51A1	1.0	17
ENSG00000001631	15	KRIT1	1.0	18
ENSG00000002016	15	RAD52	1.0	19
ENSG00000002330	15	BAD	1.0	20
ENSG00000002549	15	LAP3	1.0	21
ENSG00000002586	15	CD99	1.0	22
ENSG00000002587	15	HS3ST1	1.0	23
ENSG00000002746	15	HECW1	1.0	24
ENSG00000002822	15	MAD1L1	1.0	25
ENSG00000002834	15	LASP1	1.0	26
ENSG00000002919	15	SNX11	1.0	27
ENSG00000002933	15	TMEM176A	1.0	28
ENSG00000003056	15	M6PR	1.0	29
ENSG00000003096	15	KLHL13	1.0	30
ENSG00000003137	15	CYP26B1	1.0	31
ENSG00000003147	15	ICA1	1.0	32
ENSG00000003249	15	DBNDD1	1.0	33
ENSG00000003393	15	ALS2	1.0	34
ENSG00000003400	15	CASP10	1.0	35
ENSG00000003402	15	CFLAR	1.0	36
ENSG00000003436	15	TFPI	1.0	37
ENSG00000003509	15	NDUFAF7	1.0	38
ENSG00000003756	15	RBM5	1.0	39
ENSG00000003987	15	MTMR7	1.0	40
ENSG00000003989	15	SLC7A2	1.0	41
ENSG00000004059	15	ARF5	1.0	42
ENSG00000004139	15	SARM1	1.0	43
ENSG00000004142	15	POLDIP2	1.0	44
ENSG00000004399	15	PLXND1	1.0	45
ENSG00000004455	15	AK2	1.0	46
ENSG00000004468	15	CD38	1.0	47
ENSG00000004478	15	FKBP4	1.0	48
ENSG00000004487	15	KDM1A	1.0	49
ENSG00000004534	15	RBM6	1.0	50
ENSG00000004660	15	CAMKK1	1.0	51
ENSG00000004700	15	RECQL	1.0	52
ENSG00000004776	15	HSPB6	1.0	53
ENSG00000004777	15	ARHGAP33	1.0	54
ENSG00000004779	15	NDUFAB1	1.0	55
ENSG00000004799	15	PDK4	1.0	56
ENSG00000004809	15	SLC22A16	1.0	57
ENSG00000004838	15	ZMYND10	1.0	58
ENSG00000004846	15	ABCB5	1.0	59
ENSG00000004848	15	ARX	1.0	60
ENSG00000004864	15	SLC25A13	1.0	61
ENSG00000004866	15	ST7	1.0	62
ENSG00000004897	15	CDC27	1.0	63
ENSG00000004939	15	SLC4A1	1.0	64
ENSG00000004948	15	CALCR	1.0	65
ENSG00000004961	15	HCCS	1.0	66
ENSG00000004975	15	DVL2	1.0	67
ENSG00000005001	15	PRSS22	1.0	68
ENSG00000005007	15	UPF1	1.0	69
ENSG00000005020	15	SKAP2	1.0	70
ENSG00000005022	15	SLC25A5	1.0	71
ENSG00000005073	15	HOXA11	1.0	72
ENSG00000005075	15	POLR2J	1.0	73
ENSG00000005100	15	DHX33	1.0	74
ENSG00000005102	15	MEOX1	1.0	75
ENSG00000005108	15	THSD7A	1.0	76
ENSG00000005156	15	LIG3	1.0	77
ENSG00000005175	15	RPAP3	1.0	78
ENSG00000005187	15	ACSM3	1.0	79
ENSG00000005194	15	CIAPIN1	1.0	80
ENSG00000005238	15	ATOSB	1.0	81
ENSG00000005243	15	COPZ2	1.0	82
ENSG00000005249	15	PRKAR2B	1.0	83
ENSG00000005302	15	MSL3	1.0	84
ENSG00000005339	15	CREBBP	1.0	85
ENSG00000005381	15	MPO	1.0	86
ENSG00000005421	15	PON1	1.0	87
ENSG00000005436	15	GCFC2	1.0	88
ENSG00000005448	15	WDR54	1.0	89
ENSG00000005469	15	CROT	1.0	90
ENSG00000005471	15	ABCB4	1.0	91
ENSG00000005483	15	KMT2E	1.0	92
ENSG00000005486	15	RHBDD2	1.0	93
ENSG00000005513	15	SOX8	1.0	94
ENSG00000005700	15	IBTK	1.0	95
ENSG00000005801	15	ZNF195	1.0	96
ENSG00000005810	15	MYCBP2	1.0	97
ENSG00000005812	15	FBXL3	1.0	98
ENSG00000005844	15	ITGAL	1.0	99
ENSG00000005882	15	PDK2	1.0	100
ENSG00000005884	15	ITGA3	1.0	101
ENSG00000005889	15	ZFX	1.0	102
ENSG00000005893	15	LAMP2	1.0	103
ENSG00000005961	15	ITGA2B	1.0	104
ENSG00000005981	15	ASB4	1.0	105
ENSG00000006007	15	GDE1	1.0	106
ENSG00000006016	15	CRLF1	1.0	107
ENSG00000006025	15	OSBPL7	1.0	108
ENSG00000006042	15	TMEM98	1.0	109
ENSG00000006047	15	YBX2	1.0	110
ENSG00000006071	15	ABCC8	1.0	111
ENSG00000006118	15	TMEM132A	1.0	112
ENSG00000006125	15	AP2B1	1.0	113
ENSG00000006128	15	TAC1	1.0	114
ENSG00000006194	15	ZNF263	1.0	115
ENSG00000006210	15	CX3CL1	1.0	116
ENSG00000006282	15	SPATA20	1.0	117
ENSG00000006283	15	CACNA1G	1.0	118
ENSG00000006327	15	TNFRSF12A	1.0	119
ENSG00000006432	15	MAP3K9	1.0	120
ENSG00000006451	15	RALA	1.0	121
ENSG00000006453	15	BAIAP2L1	1.0	122
ENSG00000006459	15	KDM7A	1.0	123
ENSG00000006468	15	ETV1	1.0	124
ENSG00000006530	15	AGK	1.0	125
ENSG00000006534	15	ALDH3B1	1.0	126
ENSG00000006555	15	TTC22	1.0	127
ENSG00000006576	15	PHTF2	1.0	128
ENSG00000006606	15	CCL26	1.0	129
ENSG00000006607	15	FARP2	1.0	130
ENSG00000006611	15	USH1C	1.0	131
ENSG00000006625	15	GGCT	1.0	132
ENSG00000006634	15	DBF4	1.0	133
ENSG00000006638	15	TBXA2R	1.0	134
ENSG00000006652	15	IFRD1	1.0	135
ENSG00000006695	15	COX10	1.0	136
ENSG00000006704	15	GTF2IRD1	1.0	137
ENSG00000006712	15	PAF1	1.0	138
ENSG00000006715	15	VPS41	1.0	139
ENSG00000006740	15	ARHGAP44	1.0	140
ENSG00000006744	15	ELAC2	1.0	141
ENSG00000006747	15	SCIN	1.0	142
ENSG00000006756	15	ARSD	1.0	143
ENSG00000006757	15	PNPLA4	1.0	144
ENSG00000006831	15	ADIPOR2	1.0	145
ENSG00000006837	15	CDKL3	1.0	146
ENSG00000007001	15	UPP2	1.0	147
ENSG00000007038	15	PRSS21	1.0	148
ENSG00000007047	15	MARK4	1.0	149
ENSG00000007062	15	PROM1	1.0	150
ENSG00000007080	15	CCDC124	1.0	151
ENSG00000007129	15	CEACAM21	1.0	152
ENSG00000007168	15	PAFAH1B1	1.0	153
ENSG00000007171	15	NOS2	1.0	154
ENSG00000007174	15	DNAH9	1.0	155
ENSG00000007202	15	BLTP2	1.0	156
ENSG00000007216	15	SLC13A2	1.0	157
ENSG00000007237	15	GAS7	1.0	158
ENSG00000007255	15	TRAPPC6A	1.0	159
ENSG00000007264	15	MATK	1.0	160
ENSG00000007312	15	CD79B	1.0	161
ENSG00000007314	15	SCN4A	1.0	162
ENSG00000007341	15	ST7L	1.0	163
ENSG00000007350	15	TKTL1	1.0	164
ENSG00000007372	15	PAX6	1.0	165
ENSG00000007376	15	RPUSD1	1.0	166
ENSG00000007384	15	RHBDF1	1.0	167
ENSG00000007392	15	LUC7L	1.0	168
ENSG00000007402	15	CACNA2D2	1.0	169
ENSG00000007516	15	BAIAP3	1.0	170
ENSG00000007520	15	TSR3	1.0	171
ENSG00000007541	15	PIGQ	1.0	172
ENSG00000007866	15	TEAD3	1.0	173
ENSG00000007908	15	SELE	1.0	174
ENSG00000007923	15	DNAJC11	1.0	175
ENSG00000007933	15	FMO3	1.0	176
ENSG00000007944	15	MYLIP	1.0	177
ENSG00000007968	15	E2F2	1.0	178
ENSG00000008018	15	PSMB1	1.0	179
ENSG00000008056	15	SYN1	1.0	180
ENSG00000008083	15	JARID2	1.0	181
ENSG00000008086	15	CDKL5	1.0	182
ENSG00000008118	15	CAMK1G	1.0	183
ENSG00000008128	15	CDK11A	1.0	184
ENSG00000008130	15	NADK	1.0	185
ENSG00000008196	15	TFAP2B	1.0	186
ENSG00000008226	15	DLEC1	1.0	187
ENSG00000008256	15	CYTH3	1.0	188
ENSG00000008277	15	ADAM22	1.0	189
ENSG00000008282	15	SYPL1	1.0	190
ENSG00000008283	15	CYB561	1.0	191
ENSG00000008294	15	SPAG9	1.0	192
ENSG00000008300	15	CELSR3	1.0	193
ENSG00000008311	15	AASS	1.0	194
ENSG00000008323	15	PLEKHG6	1.0	195
ENSG00000008324	15	SS18L2	1.0	196
ENSG00000008382	15	MPND	1.0	197
ENSG00000008394	15	MGST1	1.0	198
ENSG00000008405	15	CRY1	1.0	199
ENSG00000008441	15	NFIX	1.0	200
ENSG00000008513	15	ST3GAL1	1.0	201
ENSG00000008516	15	MMP25	1.0	202
ENSG00000008517	15	IL32	1.0	203
ENSG00000008710	15	PKD1	1.0	204
ENSG00000008735	15	MAPK8IP2	1.0	205
ENSG00000008838	15	MED24	1.0	206
ENSG00000008853	15	RHOBTB2	1.0	207
ENSG00000008869	15	HEATR5B	1.0	208
ENSG00000008952	15	SEC62	1.0	209
ENSG00000008988	15	RPS20	1.0	210
ENSG00000009307	15	CSDE1	1.0	211
ENSG00000009335	15	UBE3C	1.0	212
ENSG00000009413	15	REV3L	1.0	213
ENSG00000009694	15	TENM1	1.0	214
ENSG00000009724	15	MASP2	1.0	215
ENSG00000009765	15	IYD	1.0	216
ENSG00000009780	15	FAM76A	1.0	217
ENSG00000009790	15	TRAF3IP3	1.0	218
ENSG00000009830	15	POMT2	1.0	219
ENSG00000009844	15	VTA1	1.0	220
ENSG00000009950	15	MLXIPL	1.0	221
ENSG00000009954	15	BAZ1B	1.0	222
ENSG00000010017	15	RANBP9	1.0	223
ENSG00000010030	15	ETV7	1.0	224
ENSG00000010072	15	SPRTN	1.0	225
ENSG00000010219	15	DYRK4	1.0	226
ENSG00000010244	15	ZNF207	1.0	227
ENSG00000010256	15	UQCRC1	1.0	228
ENSG00000010270	15	STARD3NL	1.0	229
ENSG00000010278	15	CD9	1.0	230
ENSG00000010292	15	NCAPD2	1.0	231
ENSG00000010295	15	IFFO1	1.0	232
ENSG00000010310	15	GIPR	1.0	233
ENSG00000010318	15	PHF7	1.0	234
ENSG00000010319	15	SEMA3G	1.0	235
ENSG00000010322	15	NISCH	1.0	236
ENSG00000010327	15	STAB1	1.0	237
ENSG00000010361	15	FUZ	1.0	238
ENSG00000010404	15	IDS	1.0	239
ENSG00000010438	15	PRSS3	1.0	240
ENSG00000010539	15	ZNF200	1.0	241
ENSG00000010610	15	CD4	1.0	242
ENSG00000010626	15	LRRC23	1.0	243
ENSG00000010671	15	BTK	1.0	244
ENSG00000010704	15	HFE	1.0	245
ENSG00000010803	15	SCMH1	1.0	246
ENSG00000010810	15	FYN	1.0	247
ENSG00000010818	15	HIVEP2	1.0	248
ENSG00000010932	15	FMO1	1.0	249
ENSG00000011009	15	LYPLA2	1.0	250
ENSG00000011021	15	CLCN6	1.0	251
ENSG00000011028	15	MRC2	1.0	252
ENSG00000011083	15	SLC6A7	1.0	253
ENSG00000011105	15	TSPAN9	1.0	254
ENSG00000011114	15	BTBD7	1.0	255
ENSG00000011132	15	APBA3	1.0	256
ENSG00000011143	15	MKS1	1.0	257
ENSG00000011198	15	ABHD5	1.0	258
ENSG00000011243	15	AKAP8L	1.0	259
ENSG00000011258	15	MBTD1	1.0	260
ENSG00000011260	15	UTP18	1.0	261
ENSG00000011275	15	RNF216	1.0	262
ENSG00000011295	15	TTC19	1.0	263
ENSG00000011304	15	PTBP1	1.0	264
ENSG00000011332	15	DPF1	1.0	265
ENSG00000011347	15	SYT7	1.0	266
ENSG00000011376	15	LARS2	1.0	267
ENSG00000011405	15	PIK3C2A	1.0	268
ENSG00000011422	15	PLAUR	1.0	269
ENSG00000011426	15	ANLN	1.0	270
ENSG00000011451	15	WIZ	1.0	271
ENSG00000011454	15	RABGAP1	1.0	272
ENSG00000011465	15	DCN	1.0	273
ENSG00000011478	15	QPCTL	1.0	274
ENSG00000011485	15	PPP5C	1.0	275
ENSG00000011523	15	CEP68	1.0	276
ENSG00000011566	15	MAP4K3	1.0	277
ENSG00000011590	15	ZBTB32	1.0	278
ENSG00000011600	15	TYROBP	1.0	279
ENSG00000012048	15	BRCA1	1.0	280
ENSG00000012061	15	ERCC1	1.0	281
ENSG00000012124	15	CD22	1.0	282
ENSG00000012174	15	MBTPS2	1.0	283
ENSG00000012211	15	PRICKLE3	1.0	284
ENSG00000012223	15	LTF	1.0	285
ENSG00000012232	15	EXTL3	1.0	286
ENSG00000012660	15	ELOVL5	1.0	287
ENSG00000012779	15	ALOX5	1.0	288
ENSG00000012822	15	CALCOCO1	1.0	289
ENSG00000012963	15	UBR7	1.0	290
ENSG00000012983	15	MAP4K5	1.0	291
ENSG00000013016	15	EHD3	1.0	292
ENSG00000013275	15	PSMC4	1.0	293
ENSG00000013288	15	MAN2B2	1.0	294
ENSG00000013293	15	SLC7A14	1.0	295
ENSG00000013306	15	SLC25A39	1.0	296
ENSG00000013364	15	MVP	1.0	297
ENSG00000013374	15	NUB1	1.0	298
ENSG00000013375	15	PGM3	1.0	299
ENSG00000013392	15	RWDD2A	1.0	300
ENSG00000013441	15	CLK1	1.0	301
ENSG00000013503	15	POLR3B	1.0	302
ENSG00000013523	15	ANGEL1	1.0	303
ENSG00000013561	15	RNF14	1.0	304
ENSG00000013563	15	DNASE1L1	1.0	305
ENSG00000013573	15	DDX11	1.0	306
ENSG00000013583	15	HEBP1	1.0	307
ENSG00000013588	15	GPRC5A	1.0	308
ENSG00000013619	15	MAMLD1	1.0	309
ENSG00000013725	15	CD6	1.0	310
ENSG00000013810	15	TACC3	1.0	311
ENSG00000014123	15	UFL1	1.0	312
ENSG00000014138	15	POLA2	1.0	313
ENSG00000014164	15	ZC3H3	1.0	314
ENSG00000014216	15	CAPN1	1.0	315
ENSG00000014641	15	MDH1	1.0	316
ENSG00000014824	15	SLC30A9	1.0	317
ENSG00000014914	15	MTMR11	1.0	318
ENSG00000014919	15	COX15	1.0	319
ENSG00000015133	15	CCDC88C	1.0	320
ENSG00000015153	15	YAF2	1.0	321
ENSG00000015171	15	ZMYND11	1.0	322
ENSG00000015285	15	WAS	1.0	323
ENSG00000015413	15	DPEP1	1.0	324
ENSG00000015475	15	BID	1.0	325
ENSG00000015520	15	NPC1L1	1.0	326
ENSG00000015532	15	XYLT2	1.0	327
ENSG00000015568	15	RGPD5	1.0	328
ENSG00000015592	15	STMN4	1.0	329
ENSG00000015676	15	NUDCD3	1.0	330
ENSG00000016082	15	ISL1	1.0	331
ENSG00000016391	15	CHDH	1.0	332
ENSG00000016402	15	IL20RA	1.0	333
ENSG00000016602	15	CLCA4	1.0	334
ENSG00000016864	15	GLT8D1	1.0	335
ENSG00000017260	15	ATP2C1	1.0	336
ENSG00000017427	15	IGF1	1.0	337
ENSG00000017483	15	SLC38A5	1.0	338
ENSG00000017797	15	RALBP1	1.0	339
ENSG00000018189	15	RUFY3	1.0	340
ENSG00000018236	15	CNTN1	1.0	341
ENSG00000018280	15	SLC11A1	1.0	342
ENSG00000018408	15	WWTR1	1.0	343
ENSG00000018510	15	AGPS	1.0	344
ENSG00000018625	15	ATP1A2	1.0	345
ENSG00000018699	15	TTC27	1.0	346
ENSG00000018869	15	ZNF582	1.0	347
ENSG00000019102	15	VSIG2	1.0	348
ENSG00000019144	15	PHLDB1	1.0	349
ENSG00000019169	15	MARCO	1.0	350
ENSG00000019186	15	CYP24A1	1.0	351
ENSG00000019485	15	PRDM11	1.0	352
ENSG00000019505	15	SYT13	1.0	353
ENSG00000019549	15	SNAI2	1.0	354
ENSG00000019582	15	CD74	1.0	355
ENSG00000019991	15	HGF	1.0	356
ENSG00000019995	15	ZRANB1	1.0	357
ENSG00000020129	15	NCDN	1.0	358
ENSG00000020256	15	ZFP64	1.0	359
ENSG00000020426	15	MNAT1	1.0	360
ENSG00000020577	15	SAMD4A	1.0	361
ENSG00000020633	15	RUNX3	1.0	362
ENSG00000021300	15	PLEKHB1	1.0	363
ENSG00000021355	15	SERPINB1	1.0	364
ENSG00000021574	15	SPAST	1.0	365
ENSG00000021645	15	NRXN3	1.0	366
ENSG00000021762	15	OSBPL5	1.0	367
ENSG00000021776	15	AQR	1.0	368
ENSG00000021826	15	CPS1	1.0	369
ENSG00000021852	15	C8B	1.0	370
ENSG00000022267	15	FHL1	1.0	371
ENSG00000022556	15	NLRP2	1.0	372
ENSG00000022567	15	SLC45A4	1.0	373
ENSG00000022840	15	RNF10	1.0	374
ENSG00000022976	15	ZNF839	1.0	375
ENSG00000023041	15	ZDHHC6	1.0	376
ENSG00000023171	15	GRAMD1B	1.0	377
ENSG00000023191	15	RNH1	1.0	378
ENSG00000023228	15	NDUFS1	1.0	379
ENSG00000023287	15	RB1CC1	1.0	380
ENSG00000023318	15	ERP44	1.0	381
ENSG00000023330	15	ALAS1	1.0	382
ENSG00000023445	15	BIRC3	1.0	383
ENSG00000023516	15	AKAP11	1.0	384
ENSG00000023572	15	GLRX2	1.0	385
ENSG00000023608	15	SNAPC1	1.0	386
ENSG00000023697	15	DERA	1.0	387
ENSG00000023734	15	STRAP	1.0	388
ENSG00000023839	15	ABCC2	1.0	389
ENSG00000023892	15	DEF6	1.0	390
ENSG00000023902	15	PLEKHO1	1.0	391
ENSG00000023909	15	GCLM	1.0	392
ENSG00000024048	15	UBR2	1.0	393
ENSG00000024422	15	EHD2	1.0	394
ENSG00000024526	15	DEPDC1	1.0	395
ENSG00000024862	15	CCDC28A	1.0	396
ENSG00000025039	15	RRAGD	1.0	397
ENSG00000025156	15	HSF2	1.0	398
ENSG00000025293	15	PHF20	1.0	399
ENSG00000025423	15	HSD17B6	1.0	400
ENSG00000025434	15	NR1H3	1.0	401
ENSG00000025708	15	TYMP	1.0	402
ENSG00000025770	15	NCAPH2	1.0	403
ENSG00000025772	15	TOMM34	1.0	404
ENSG00000025796	15	SEC63	1.0	405
ENSG00000025800	15	KPNA6	1.0	406
ENSG00000026025	15	VIM	1.0	407
ENSG00000026103	15	FAS	1.0	408
ENSG00000026297	15	RNASET2	1.0	409
ENSG00000026508	15	CD44	1.0	410
ENSG00000026559	15	KCNG1	1.0	411
ENSG00000026652	15	AGPAT4	1.0	412
ENSG00000026751	15	SLAMF7	1.0	413
ENSG00000026950	15	BTN3A1	1.0	414
ENSG00000027001	15	MIPEP	1.0	415
ENSG00000027075	15	PRKCH	1.0	416
ENSG00000027697	15	IFNGR1	1.0	417
ENSG00000027847	15	B4GALT7	1.0	418
ENSG00000027869	15	SH2D2A	1.0	419
ENSG00000028116	15	VRK2	1.0	420
ENSG00000028137	15	TNFRSF1B	1.0	421
ENSG00000028203	15	VEZT	1.0	422
ENSG00000028277	15	POU2F2	1.0	423
ENSG00000028310	15	BRD9	1.0	424
ENSG00000028528	15	SNX1	1.0	425
ENSG00000028839	15	TBPL1	1.0	426
ENSG00000029153	15	BMAL2	1.0	427
ENSG00000029363	15	BCLAF1	1.0	428
ENSG00000029364	15	SLC39A9	1.0	429
ENSG00000029534	15	ANK1	1.0	430
ENSG00000029639	15	TFB1M	1.0	431
ENSG00000029725	15	RABEP1	1.0	432
ENSG00000029993	15	HMGB3	1.0	433
ENSG00000030066	15	NUP160	1.0	434
ENSG00000030110	15	BAK1	1.0	435
ENSG00000030419	15	IKZF2	1.0	436
ENSG00000030582	15	GRN	1.0	437
ENSG00000031003	15	FAM13B	1.0	438
ENSG00000031081	15	ARHGAP31	1.0	439
ENSG00000031691	15	CENPQ	1.0	440
ENSG00000031823	15	RANBP3	1.0	441
ENSG00000032219	15	ARID4A	1.0	442
ENSG00000032444	15	PNPLA6	1.0	443
ENSG00000032742	15	IFT88	1.0	444
ENSG00000033011	15	ALG1	1.0	445
ENSG00000033030	15	ZCCHC8	1.0	446
ENSG00000033100	15	CHPF2	1.0	447
ENSG00000033122	15	LRRC7	1.0	448
ENSG00000033170	15	FUT8	1.0	449
ENSG00000033178	15	UBA6	1.0	450
ENSG00000033327	15	GAB2	1.0	451
ENSG00000033627	15	ATP6V0A1	1.0	452
ENSG00000033800	15	PIAS1	1.0	453
ENSG00000033867	15	SLC4A7	1.0	454
ENSG00000034053	15	APBA2	1.0	455
ENSG00000034152	15	MAP2K3	1.0	456
ENSG00000034239	15	CLXN	1.0	457
ENSG00000034510	15	TMSB10	1.0	458
ENSG00000034533	15	ASTE1	1.0	459
ENSG00000034677	15	RNF19A	1.0	460
ENSG00000034693	15	PEX3	1.0	461
ENSG00000034713	15	GABARAPL2	1.0	462
ENSG00000034971	15	MYOC	1.0	463
ENSG00000035115	15	SH3YL1	1.0	464
ENSG00000035141	15	FAM136A	1.0	465
ENSG00000035403	15	VCL	1.0	466
ENSG00000035499	15	DEPDC1B	1.0	467
ENSG00000035664	15	DAPK2	1.0	468
ENSG00000035681	15	NSMAF	1.0	469
ENSG00000035720	15	STAP1	1.0	470
ENSG00000035862	15	TIMP2	1.0	471
ENSG00000035928	15	RFC1	1.0	472
ENSG00000036054	15	TBC1D23	1.0	473
ENSG00000036257	15	CUL3	1.0	474
ENSG00000036448	15	MYOM2	1.0	475
ENSG00000036530	15	CYP46A1	1.0	476
ENSG00000036672	15	USP2	1.0	477
ENSG00000037042	15	TUBG2	1.0	478
ENSG00000037241	15	RPL26L1	1.0	479
ENSG00000037280	15	FLT4	1.0	480
ENSG00000037474	15	NSUN2	1.0	481
ENSG00000037637	15	FBXO42	1.0	482
ENSG00000037749	15	MFAP3	1.0	483
ENSG00000037757	15	MRI1	1.0	484
ENSG00000037897	15	METTL1	1.0	485
ENSG00000038002	15	AGA	1.0	486
ENSG00000038210	15	PI4K2B	1.0	487
ENSG00000038219	15	BOD1L1	1.0	488
ENSG00000038274	15	MAT2B	1.0	489
ENSG00000038295	15	TLL1	1.0	490
ENSG00000038358	15	EDC4	1.0	491
ENSG00000038382	15	TRIO	1.0	492
ENSG00000038427	15	VCAN	1.0	493
ENSG00000038532	15	CLEC16A	1.0	494
ENSG00000038945	15	MSR1	1.0	495
ENSG00000039068	15	CDH1	1.0	496
ENSG00000039139	15	DNAH5	1.0	497
ENSG00000039319	15	ZFYVE16	1.0	498
ENSG00000039560	15	RAI14	1.0	499
ENSG00000039650	15	PNKP	1.0	500
ENSG00000040199	15	PHLPP2	1.0	501
ENSG00000040275	15	SPDL1	1.0	502
ENSG00000040341	15	STAU2	1.0	503
ENSG00000040531	15	CTNS	1.0	504
ENSG00000040608	15	RTN4R	1.0	505
ENSG00000040633	15	PHF23	1.0	506
ENSG00000040933	15	INPP4A	1.0	507
ENSG00000041353	15	RAB27B	1.0	508
ENSG00000041357	15	PSMA4	1.0	509
ENSG00000041515	15	MYO16	1.0	510
ENSG00000041802	15	LSG1	1.0	511
ENSG00000041880	15	PARP3	1.0	512
ENSG00000041982	15	TNC	1.0	513
ENSG00000041988	15	THAP3	1.0	514
ENSG00000042088	15	TDP1	1.0	515
ENSG00000042286	15	AIFM2	1.0	516
ENSG00000042317	15	SPATA7	1.0	517
ENSG00000042429	15	MED17	1.0	518
ENSG00000042445	15	RETSAT	1.0	519
ENSG00000042493	15	CAPG	1.0	520
ENSG00000042753	15	AP2S1	1.0	521
ENSG00000042813	15	ZPBP	1.0	522
ENSG00000042832	15	TG	1.0	523
ENSG00000042980	15	ADAM28	1.0	524
ENSG00000043039	15	BARX2	1.0	525
ENSG00000043093	15	DCUN1D1	1.0	526
ENSG00000043143	15	JADE2	1.0	527
ENSG00000043462	15	LCP2	1.0	528
ENSG00000043514	15	TRIT1	1.0	529
ENSG00000043591	15	ADRB1	1.0	530
ENSG00000044090	15	CUL7	1.0	531
ENSG00000044115	15	CTNNA1	1.0	532
ENSG00000044446	15	PHKA2	1.0	533
ENSG00000044459	15	CNTLN	1.0	534
ENSG00000044524	15	EPHA3	1.0	535
ENSG00000044574	15	HSPA5	1.0	536
ENSG00000046604	15	DSG2	1.0	537
ENSG00000046647	15	GEMIN8	1.0	538
ENSG00000046651	15	OFD1	1.0	539
ENSG00000046653	15	GPM6B	1.0	540
ENSG00000046889	15	PREX2	1.0	541
ENSG00000047056	15	WDR37	1.0	542
ENSG00000047188	15	YTHDC2	1.0	543
ENSG00000047230	15	CTPS2	1.0	544
ENSG00000047249	15	ATP6V1H	1.0	545
ENSG00000047315	15	POLR2B	1.0	546
ENSG00000047346	15	ATOSA	1.0	547
ENSG00000047365	15	ARAP2	1.0	548
ENSG00000047410	15	TPR	1.0	549
ENSG00000047457	15	CP	1.0	550
ENSG00000047579	15	DTNBP1	1.0	551
ENSG00000047617	15	ANO2	1.0	552
ENSG00000047621	15	FERRY3	1.0	553
ENSG00000047634	15	SCML1	1.0	554
ENSG00000047644	15	WWC3	1.0	555
ENSG00000047648	15	ARHGAP6	1.0	556
ENSG00000047662	15	FAM184B	1.0	557
ENSG00000047849	15	MAP4	1.0	558
ENSG00000047932	15	GOPC	1.0	559
ENSG00000048028	15	USP28	1.0	560
ENSG00000048052	15	HDAC9	1.0	561
ENSG00000048140	15	TSPAN17	1.0	562
ENSG00000048162	15	NOP16	1.0	563
ENSG00000048342	15	CC2D2A	1.0	564
ENSG00000048392	15	RRM2B	1.0	565
ENSG00000048405	15	ZNF800	1.0	566
ENSG00000048462	15	TNFRSF17	1.0	567
ENSG00000048471	15	SNX29	1.0	568
ENSG00000048540	15	LMO3	1.0	569
ENSG00000048544	15	MRPS10	1.0	570
ENSG00000048649	15	RSF1	1.0	571
ENSG00000048707	15	VPS13D	1.0	572
ENSG00000048740	15	CELF2	1.0	573
ENSG00000048828	15	FAM120A	1.0	574
ENSG00000048991	15	R3HDM1	1.0	575
ENSG00000049089	15	COL9A2	1.0	576
ENSG00000049130	15	KITLG	1.0	577
ENSG00000049167	15	ERCC8	1.0	578
ENSG00000049192	15	ADAMTS6	1.0	579
ENSG00000049239	15	H6PD	1.0	580
ENSG00000049245	15	VAMP3	1.0	581
ENSG00000049246	15	PER3	1.0	582
ENSG00000049247	15	UTS2	1.0	583
ENSG00000049249	15	TNFRSF9	1.0	584
ENSG00000049283	15	EPN3	1.0	585
ENSG00000049323	15	LTBP1	1.0	586
ENSG00000049449	15	RCN1	1.0	587
ENSG00000049540	15	ELN	1.0	588
ENSG00000049541	15	RFC2	1.0	589
ENSG00000049618	15	ARID1B	1.0	590
ENSG00000049656	15	CLPTM1L	1.0	591
ENSG00000049759	15	NEDD4L	1.0	592
ENSG00000049768	15	FOXP3	1.0	593
ENSG00000049769	15	PPP1R3F	1.0	594
ENSG00000049860	15	HEXB	1.0	595
ENSG00000049883	15	PTCD2	1.0	596
ENSG00000050130	15	JKAMP	1.0	597
ENSG00000050165	15	DKK3	1.0	598
ENSG00000050327	15	ARHGEF5	1.0	599
ENSG00000050344	15	NFE2L3	1.0	600
ENSG00000050393	15	MCUR1	1.0	601
ENSG00000050405	15	LIMA1	1.0	602
ENSG00000050426	15	LETMD1	1.0	603
ENSG00000050438	15	SLC4A8	1.0	604
ENSG00000050555	15	LAMC3	1.0	605
ENSG00000050628	15	PTGER3	1.0	606
ENSG00000050730	15	TNIP3	1.0	607
ENSG00000050748	15	MAPK9	1.0	608
ENSG00000050767	15	COL23A1	1.0	609
ENSG00000050820	15	BCAR1	1.0	610
ENSG00000051108	15	HERPUD1	1.0	611
ENSG00000051128	15	HOMER3	1.0	612
ENSG00000051341	15	POLQ	1.0	613
ENSG00000051382	15	PIK3CB	1.0	614
ENSG00000051523	15	CYBA	1.0	615
ENSG00000051596	15	THOC3	1.0	616
ENSG00000051620	15	HEBP2	1.0	617
ENSG00000051825	15	MPHOSPH9	1.0	618
ENSG00000052126	15	PLEKHA5	1.0	619
ENSG00000052344	15	PRSS8	1.0	620
ENSG00000052723	15	SIKE1	1.0	621
ENSG00000052749	15	RRP12	1.0	622
ENSG00000052795	15	FNIP2	1.0	623
ENSG00000052802	15	MSMO1	1.0	624
ENSG00000052841	15	TTC17	1.0	625
ENSG00000052850	15	ALX4	1.0	626
ENSG00000053108	15	FSTL4	1.0	627
ENSG00000053254	15	FOXN3	1.0	628
ENSG00000053371	15	AKR7A2	1.0	629
ENSG00000053372	15	MRTO4	1.0	630
ENSG00000053438	15	NNAT	1.0	631
ENSG00000053501	15	USE1	1.0	632
ENSG00000053524	15	MCF2L2	1.0	633
ENSG00000053702	15	NRIP2	1.0	634
ENSG00000053747	15	LAMA3	1.0	635
ENSG00000053770	15	AP5M1	1.0	636
ENSG00000053900	15	ANAPC4	1.0	637
ENSG00000053918	15	KCNQ1	1.0	638
ENSG00000054116	15	TRAPPC3	1.0	639
ENSG00000054118	15	THRAP3	1.0	640
ENSG00000054148	15	PHPT1	1.0	641
ENSG00000054179	15	ENTPD2	1.0	642
ENSG00000054219	15	LY75	1.0	643
ENSG00000054267	15	ARID4B	1.0	644
ENSG00000054277	15	OPN3	1.0	645
ENSG00000054282	15	SDCCAG8	1.0	646
ENSG00000054356	15	PTPRN	1.0	647
ENSG00000054392	15	HHAT	1.0	648
ENSG00000054523	15	KIF1B	1.0	649
ENSG00000054598	15	FOXC1	1.0	650
ENSG00000054611	15	TBC1D22A	1.0	651
ENSG00000054654	15	SYNE2	1.0	652
ENSG00000054690	15	PLEKHH1	1.0	653
ENSG00000054793	15	ATP9A	1.0	654
ENSG00000054803	15	CBLN4	1.0	655
ENSG00000054938	15	CHRDL2	1.0	656
ENSG00000054965	15	FAM168A	1.0	657
ENSG00000054967	15	RELT	1.0	658
ENSG00000054983	15	GALC	1.0	659
ENSG00000055044	15	NOP58	1.0	660
ENSG00000055070	15	SZRD1	1.0	661
ENSG00000055118	15	KCNH2	1.0	662
ENSG00000055130	15	CUL1	1.0	663
ENSG00000055147	15	FAM114A2	1.0	664
ENSG00000055163	15	CYFIP2	1.0	665
ENSG00000055208	15	TAB2	1.0	666
ENSG00000055211	15	GINM1	1.0	667
ENSG00000055332	15	EIF2AK2	1.0	668
ENSG00000055483	15	USP36	1.0	669
ENSG00000055609	15	KMT2C	1.0	670
ENSG00000055732	15	MCOLN3	1.0	671
ENSG00000055813	15	CCDC85A	1.0	672
ENSG00000055917	15	PUM2	1.0	673
ENSG00000055950	15	MRPL43	1.0	674
ENSG00000055955	15	ITIH4	1.0	675
ENSG00000056097	15	ZFR	1.0	676
ENSG00000056277	15	ZNF280C	1.0	677
ENSG00000056291	15	NPFFR2	1.0	678
ENSG00000056487	15	PHF21B	1.0	679
ENSG00000056558	15	TRAF1	1.0	680
ENSG00000056586	15	RC3H2	1.0	681
ENSG00000056736	15	IL17RB	1.0	682
ENSG00000056972	15	TRAF3IP2	1.0	683
ENSG00000056998	15	GYG2	1.0	684
ENSG00000057019	15	DCBLD2	1.0	685
ENSG00000057149	15	SERPINB3	1.0	686
ENSG00000057252	15	SOAT1	1.0	687
ENSG00000057294	15	PKP2	1.0	688
ENSG00000057593	15	F7	1.0	689
ENSG00000057608	15	GDI2	1.0	690
ENSG00000057657	15	PRDM1	1.0	691
ENSG00000057663	15	ATG5	1.0	692
ENSG00000057704	15	TMCC3	1.0	693
ENSG00000057757	15	PITHD1	1.0	694
ENSG00000057935	15	MTA3	1.0	695
ENSG00000058056	15	USP13	1.0	696
ENSG00000058063	15	ATP11B	1.0	697
ENSG00000058085	15	LAMC2	1.0	698
ENSG00000058091	15	CDK14	1.0	699
ENSG00000058262	15	SEC61A1	1.0	700
ENSG00000058272	15	PPP1R12A	1.0	701
ENSG00000058335	15	RASGRF1	1.0	702
ENSG00000058404	15	CAMK2B	1.0	703
ENSG00000058453	15	CROCC	1.0	704
ENSG00000058600	15	POLR3E	1.0	705
ENSG00000058668	15	ATP2B4	1.0	706
ENSG00000058673	15	ZC3H11A	1.0	707
ENSG00000058729	15	RIOK2	1.0	708
ENSG00000058799	15	YIPF1	1.0	709
ENSG00000058804	15	NDC1	1.0	710
ENSG00000058866	15	DGKG	1.0	711
ENSG00000059122	15	FLYWCH1	1.0	712
ENSG00000059145	15	UNKL	1.0	713
ENSG00000059377	15	TBXAS1	1.0	714
ENSG00000059378	15	PARP12	1.0	715
ENSG00000059573	15	ALDH18A1	1.0	716
ENSG00000059588	15	TARBP1	1.0	717
ENSG00000059728	15	MXD1	1.0	718
ENSG00000059758	15	CDK17	1.0	719
ENSG00000059769	15	DNAJC25	1.0	720
ENSG00000059804	15	SLC2A3	1.0	721
ENSG00000059915	15	PSD	1.0	722
ENSG00000060069	15	CTDP1	1.0	723
ENSG00000060138	15	YBX3	1.0	724
ENSG00000060140	15	STYK1	1.0	725
ENSG00000060237	15	WNK1	1.0	726
ENSG00000060339	15	CCAR1	1.0	727
ENSG00000060491	15	OGFR	1.0	728
ENSG00000060558	15	GNA15	1.0	729
ENSG00000060642	15	PIGV	1.0	730
ENSG00000060656	15	PTPRU	1.0	731
ENSG00000060688	15	SNRNP40	1.0	732
ENSG00000060709	15	RIMBP2	1.0	733
ENSG00000060718	15	COL11A1	1.0	734
ENSG00000060749	15	QSER1	1.0	735
ENSG00000060762	15	MPC1	1.0	736
ENSG00000060971	15	ACAA1	1.0	737
ENSG00000060982	15	BCAT1	1.0	738
ENSG00000061273	15	HDAC7	1.0	739
ENSG00000061337	15	LZTS1	1.0	740
ENSG00000061455	15	PRDM6	1.0	741
ENSG00000061656	15	SPAG4	1.0	742
ENSG00000061676	15	NCKAP1	1.0	743
ENSG00000061794	15	MRPS35	1.0	744
ENSG00000061936	15	SFSWAP	1.0	745
ENSG00000061938	15	TNK2	1.0	746
ENSG00000061987	15	MON2	1.0	747
ENSG00000062038	15	CDH3	1.0	748
ENSG00000062194	15	GPBP1	1.0	749
ENSG00000062282	15	DGAT2	1.0	750
ENSG00000062370	15	ZNF112	1.0	751
ENSG00000062485	15	CS	1.0	752
ENSG00000062524	15	LTK	1.0	753
ENSG00000062598	15	ELMO2	1.0	754
ENSG00000062716	15	VMP1	1.0	755
ENSG00000062725	15	APPBP2	1.0	756
ENSG00000062822	15	POLD1	1.0	757
ENSG00000063015	15	SEZ6	1.0	758
ENSG00000063046	15	EIF4B	1.0	759
ENSG00000063127	15	SLC6A16	1.0	760
ENSG00000063176	15	SPHK2	1.0	761
ENSG00000063177	15	RPL18	1.0	762
ENSG00000063180	15	CA11	1.0	763
ENSG00000063241	15	ISOC2	1.0	764
ENSG00000063244	15	U2AF2	1.0	765
ENSG00000063245	15	EPN1	1.0	766
ENSG00000063322	15	MED29	1.0	767
ENSG00000063587	15	ZNF275	1.0	768
ENSG00000063601	15	MTMR1	1.0	769
ENSG00000063660	15	GPC1	1.0	770
ENSG00000063761	15	ADCK1	1.0	771
ENSG00000063854	15	HAGH	1.0	772
ENSG00000063978	15	RNF4	1.0	773
ENSG00000064012	15	CASP8	1.0	774
ENSG00000064042	15	LIMCH1	1.0	775
ENSG00000064115	15	TM7SF3	1.0	776
ENSG00000064195	15	DLX3	1.0	777
ENSG00000064199	15	SPA17	1.0	778
ENSG00000064201	15	TSPAN32	1.0	779
ENSG00000064218	15	DMRT3	1.0	780
ENSG00000064225	15	ST3GAL6	1.0	781
ENSG00000064270	15	ATP2C2	1.0	782
ENSG00000064300	15	NGFR	1.0	783
ENSG00000064309	15	CDON	1.0	784
ENSG00000064313	15	TAF2	1.0	785
ENSG00000064393	15	HIPK2	1.0	786
ENSG00000064419	15	TNPO3	1.0	787
ENSG00000064490	15	RFXANK	1.0	788
ENSG00000064545	15	TMEM161A	1.0	789
ENSG00000064547	15	LPAR2	1.0	790
ENSG00000064601	15	CTSA	1.0	791
ENSG00000064607	15	SUGP2	1.0	792
ENSG00000064651	15	SLC12A2	1.0	793
ENSG00000064652	15	SNX24	1.0	794
ENSG00000064655	15	EYA2	1.0	795
ENSG00000064666	15	CNN2	1.0	796
ENSG00000064687	15	ABCA7	1.0	797
ENSG00000064692	15	SNCAIP	1.0	798
ENSG00000064703	15	DDX20	1.0	799
ENSG00000064726	15	BTBD1	1.0	800
ENSG00000064763	15	FAR2	1.0	801
ENSG00000064787	15	BCAS1	1.0	802
ENSG00000064886	15	CHI3L2	1.0	803
ENSG00000064932	15	SBNO2	1.0	804
ENSG00000064933	15	PMS1	1.0	805
ENSG00000064961	15	HMG20B	1.0	806
ENSG00000064989	15	CALCRL	1.0	807
ENSG00000064995	15	TAF11	1.0	808
ENSG00000064999	15	ANKS1A	1.0	809
ENSG00000065000	15	AP3D1	1.0	810
ENSG00000065029	15	ZNF76	1.0	811
ENSG00000065054	15	NHERF2	1.0	812
ENSG00000065057	15	NTHL1	1.0	813
ENSG00000065060	15	BLTP3A	1.0	814
ENSG00000065135	15	GNAI3	1.0	815
ENSG00000065150	15	IPO5	1.0	816
ENSG00000065154	15	OAT	1.0	817
ENSG00000065183	15	WDR3	1.0	818
ENSG00000065243	15	PKN2	1.0	819
ENSG00000065268	15	WDR18	1.0	820
ENSG00000065308	15	TRAM2	1.0	821
ENSG00000065320	15	NTN1	1.0	822
ENSG00000065328	15	MCM10	1.0	823
ENSG00000065357	15	DGKA	1.0	824
ENSG00000065361	15	ERBB3	1.0	825
ENSG00000065371	15	ROPN1	1.0	826
ENSG00000065413	15	ANKRD44	1.0	827
ENSG00000065457	15	ADAT1	1.0	828
ENSG00000065485	15	PDIA5	1.0	829
ENSG00000065491	15	TBC1D22B	1.0	830
ENSG00000065518	15	NDUFB4	1.0	831
ENSG00000065526	15	SPEN	1.0	832
ENSG00000065534	15	MYLK	1.0	833
ENSG00000065548	15	ZC3H15	1.0	834
ENSG00000065559	15	MAP2K4	1.0	835
ENSG00000065613	15	SLK	1.0	836
ENSG00000065615	15	CYB5R4	1.0	837
ENSG00000065618	15	COL17A1	1.0	838
ENSG00000065621	15	GSTO2	1.0	839
ENSG00000065665	15	SEC61A2	1.0	840
ENSG00000065675	15	PRKCQ	1.0	841
ENSG00000065717	15	TLE2	1.0	842
ENSG00000065802	15	ASB1	1.0	843
ENSG00000065809	15	FAM107B	1.0	844
ENSG00000065833	15	ME1	1.0	845
ENSG00000065882	15	TBC1D1	1.0	846
ENSG00000065883	15	CDK13	1.0	847
ENSG00000065911	15	MTHFD2	1.0	848
ENSG00000065923	15	SLC9A7	1.0	849
ENSG00000065970	15	FOXJ2	1.0	850
ENSG00000065978	15	YBX1	1.0	851
ENSG00000065989	15	PDE4A	1.0	852
ENSG00000066027	15	PPP2R5A	1.0	853
ENSG00000066044	15	ELAVL1	1.0	854
ENSG00000066056	15	TIE1	1.0	855
ENSG00000066084	15	DIP2B	1.0	856
ENSG00000066117	15	SMARCD1	1.0	857
ENSG00000066136	15	NFYC	1.0	858
ENSG00000066185	15	ZMYND12	1.0	859
ENSG00000066248	15	NGEF	1.0	860
ENSG00000066279	15	ASPM	1.0	861
ENSG00000066294	15	CD84	1.0	862
ENSG00000066322	15	ELOVL1	1.0	863
ENSG00000066336	15	SPI1	1.0	864
ENSG00000066382	15	MPPED2	1.0	865
ENSG00000066422	15	ZBTB11	1.0	866
ENSG00000066427	15	ATXN3	1.0	867
ENSG00000066455	15	GOLGA5	1.0	868
ENSG00000066468	15	FGFR2	1.0	869
ENSG00000066557	15	LRRC40	1.0	870
ENSG00000066583	15	ISOC1	1.0	871
ENSG00000066629	15	EML1	1.0	872
ENSG00000066651	15	TRMT11	1.0	873
ENSG00000066654	15	THUMPD1	1.0	874
ENSG00000066697	15	MSANTD3	1.0	875
ENSG00000066735	15	KIF26A	1.0	876
ENSG00000066739	15	ATG2B	1.0	877
ENSG00000066777	15	ARFGEF1	1.0	878
ENSG00000066813	15	ACSM2B	1.0	879
ENSG00000066827	15	ZFAT	1.0	880
ENSG00000066855	15	MTFR1	1.0	881
ENSG00000066923	15	STAG3	1.0	882
ENSG00000066926	15	FECH	1.0	883
ENSG00000066933	15	MYO9A	1.0	884
ENSG00000067057	15	PFKP	1.0	885
ENSG00000067064	15	IDI1	1.0	886
ENSG00000067066	15	SP100	1.0	887
ENSG00000067082	15	KLF6	1.0	888
ENSG00000067141	15	NEO1	1.0	889
ENSG00000067167	15	TRAM1	1.0	890
ENSG00000067177	15	PHKA1	1.0	891
ENSG00000067182	15	TNFRSF1A	1.0	892
ENSG00000067191	15	CACNB1	1.0	893
ENSG00000067208	15	EVI5	1.0	894
ENSG00000067221	15	STOML1	1.0	895
ENSG00000067225	15	PKM	1.0	896
ENSG00000067248	15	DHX29	1.0	897
ENSG00000067334	15	DNTTIP2	1.0	898
ENSG00000067365	15	METTL22	1.0	899
ENSG00000067369	15	TP53BP1	1.0	900
ENSG00000067445	15	TRO	1.0	901
ENSG00000067533	15	RRP15	1.0	902
ENSG00000067560	15	RHOA	1.0	903
ENSG00000067596	15	DHX8	1.0	904
ENSG00000067606	15	PRKCZ	1.0	905
ENSG00000067704	15	IARS2	1.0	906
ENSG00000067715	15	SYT1	1.0	907
ENSG00000067798	15	NAV3	1.0	908
ENSG00000067829	15	IDH3G	1.0	909
ENSG00000067836	15	ROGDI	1.0	910
ENSG00000067840	15	PDZD4	1.0	911
ENSG00000067900	15	ROCK1	1.0	912
ENSG00000067955	15	CBFB	1.0	913
ENSG00000067992	15	PDK3	1.0	914
ENSG00000068001	15	HYAL2	1.0	915
ENSG00000068024	15	HDAC4	1.0	916
ENSG00000068028	15	RASSF1	1.0	917
ENSG00000068078	15	FGFR3	1.0	918
ENSG00000068079	15	IFI35	1.0	919
ENSG00000068097	15	HEATR6	1.0	920
ENSG00000068120	15	COASY	1.0	921
ENSG00000068137	15	PLEKHH3	1.0	922
ENSG00000068305	15	MEF2A	1.0	923
ENSG00000068308	15	OTUD5	1.0	924
ENSG00000068323	15	TFE3	1.0	925
ENSG00000068354	15	TBC1D25	1.0	926
ENSG00000068366	15	ACSL4	1.0	927
ENSG00000068383	15	INPP5A	1.0	928
ENSG00000068394	15	GPKOW	1.0	929
ENSG00000068400	15	GRIPAP1	1.0	930
ENSG00000068438	15	FTSJ1	1.0	931
ENSG00000068489	15	PRR11	1.0	932
ENSG00000068615	15	REEP1	1.0	933
ENSG00000068650	15	ATP11A	1.0	934
ENSG00000068654	15	POLR1A	1.0	935
ENSG00000068697	15	LAPTM4A	1.0	936
ENSG00000068724	15	TTC7A	1.0	937
ENSG00000068745	15	IP6K2	1.0	938
ENSG00000068784	15	SRBD1	1.0	939
ENSG00000068796	15	KIF2A	1.0	940
ENSG00000068831	15	RASGRP2	1.0	941
ENSG00000068878	15	PSME4	1.0	942
ENSG00000068903	15	SIRT2	1.0	943
ENSG00000068912	15	ERLEC1	1.0	944
ENSG00000068971	15	PPP2R5B	1.0	945
ENSG00000068976	15	PYGM	1.0	946
ENSG00000069011	15	PITX1	1.0	947
ENSG00000069020	15	MAST4	1.0	948
ENSG00000069188	15	SDK2	1.0	949
ENSG00000069248	15	NUP133	1.0	950
ENSG00000069275	15	NUCKS1	1.0	951
ENSG00000069329	15	VPS35	1.0	952
ENSG00000069345	15	DNAJA2	1.0	953
ENSG00000069399	15	BCL3	1.0	954
ENSG00000069424	15	KCNAB2	1.0	955
ENSG00000069431	15	ABCC9	1.0	956
ENSG00000069482	15	GAL	1.0	957
ENSG00000069493	15	CLEC2D	1.0	958
ENSG00000069509	15	FUNDC1	1.0	959
ENSG00000069535	15	MAOB	1.0	960
ENSG00000069667	15	RORA	1.0	961
ENSG00000069696	15	DRD4	1.0	962
ENSG00000069702	15	TGFBR3	1.0	963
ENSG00000069764	15	PLA2G10	1.0	964
ENSG00000069812	15	HES2	1.0	965
ENSG00000069849	15	ATP1B3	1.0	966
ENSG00000069869	15	NEDD4	1.0	967
ENSG00000069943	15	PIGB	1.0	968
ENSG00000069956	15	MAPK6	1.0	969
ENSG00000069966	15	GNB5	1.0	970
ENSG00000069974	15	RAB27A	1.0	971
ENSG00000070018	15	LRP6	1.0	972
ENSG00000070031	15	SCT	1.0	973
ENSG00000070047	15	PHRF1	1.0	974
ENSG00000070081	15	NUCB2	1.0	975
ENSG00000070087	15	PFN2	1.0	976
ENSG00000070159	15	PTPN3	1.0	977
ENSG00000070182	15	SPTB	1.0	978
ENSG00000070190	15	DAPP1	1.0	979
ENSG00000070193	15	FGF10	1.0	980
ENSG00000070214	15	SLC44A1	1.0	981
ENSG00000070269	15	TMEM260	1.0	982
ENSG00000070366	15	SMG6	1.0	983
ENSG00000070367	15	EXOC5	1.0	984
ENSG00000070371	15	CLTCL1	1.0	985
ENSG00000070388	15	FGF22	1.0	986
ENSG00000070404	15	FSTL3	1.0	987
ENSG00000070413	15	DGCR2	1.0	988
ENSG00000070423	15	RNF126	1.0	989
ENSG00000070444	15	MNT	1.0	990
ENSG00000070476	15	ZXDC	1.0	991
ENSG00000070495	15	JMJD6	1.0	992
ENSG00000070501	15	POLB	1.0	993
ENSG00000070526	15	ST6GALNAC1	1.0	994
ENSG00000070540	15	WIPI1	1.0	995
ENSG00000070601	15	FRMPD1	1.0	996
ENSG00000070610	15	GBA2	1.0	997
ENSG00000070614	15	NDST1	1.0	998
ENSG00000070669	15	ASNS	1.0	999
ENSG00000070718	15	AP3M2	1.0	1000
ENSG00000070729	15	CNGB1	1.0	1001
ENSG00000070731	15	ST6GALNAC2	1.0	1002
ENSG00000070756	15	PABPC1	1.0	1003
ENSG00000070759	15	TESK2	1.0	1004
ENSG00000070770	15	CSNK2A2	1.0	1005
ENSG00000070778	15	PTPN21	1.0	1006
ENSG00000070785	15	EIF2B3	1.0	1007
ENSG00000070808	15	CAMK2A	1.0	1008
ENSG00000070814	15	TCOF1	1.0	1009
ENSG00000070831	15	CDC42	1.0	1010
ENSG00000070882	15	OSBPL3	1.0	1011
ENSG00000070950	15	RAD18	1.0	1012
ENSG00000070961	15	ATP2B1	1.0	1013
ENSG00000071051	15	NCK2	1.0	1014
ENSG00000071054	15	MAP4K4	1.0	1015
ENSG00000071073	15	MGAT4A	1.0	1016
ENSG00000071082	15	RPL31	1.0	1017
ENSG00000071127	15	WDR1	1.0	1018
ENSG00000071189	15	SNX13	1.0	1019
ENSG00000071205	15	ARHGAP10	1.0	1020
ENSG00000071242	15	RPS6KA2	1.0	1021
ENSG00000071243	15	ING3	1.0	1022
ENSG00000071246	15	VASH1	1.0	1023
ENSG00000071282	15	LMCD1	1.0	1024
ENSG00000071537	15	SEL1L	1.0	1025
ENSG00000071539	15	TRIP13	1.0	1026
ENSG00000071553	15	ATP6AP1	1.0	1027
ENSG00000071564	15	TCF3	1.0	1028
ENSG00000071575	15	TRIB2	1.0	1029
ENSG00000071626	15	DAZAP1	1.0	1030
ENSG00000071655	15	MBD3	1.0	1031
ENSG00000071794	15	HLTF	1.0	1032
ENSG00000071859	15	FAM50A	1.0	1033
ENSG00000071889	15	FAM3A	1.0	1034
ENSG00000071894	15	CPSF1	1.0	1035
ENSG00000071909	15	MYO3B	1.0	1036
ENSG00000071967	15	CYBRD1	1.0	1037
ENSG00000071991	15	CDH19	1.0	1038
ENSG00000071994	15	PDCD2	1.0	1039
ENSG00000072041	15	SLC6A15	1.0	1040
ENSG00000072042	15	RDH11	1.0	1041
ENSG00000072062	15	PRKACA	1.0	1042
ENSG00000072110	15	ACTN1	1.0	1043
ENSG00000072121	15	ZFYVE26	1.0	1044
ENSG00000072133	15	RPS6KA6	1.0	1045
ENSG00000072134	15	EPN2	1.0	1046
ENSG00000072135	15	PTPN18	1.0	1047
ENSG00000072163	15	LIMS2	1.0	1048
ENSG00000072182	15	ASIC4	1.0	1049
ENSG00000072195	15	SPEG	1.0	1050
ENSG00000072201	15	LNX1	1.0	1051
ENSG00000072210	15	ALDH3A2	1.0	1052
ENSG00000072274	15	TFRC	1.0	1053
ENSG00000072310	15	SREBF1	1.0	1054
ENSG00000072364	15	AFF4	1.0	1055
ENSG00000072401	15	UBE2D1	1.0	1056
ENSG00000072422	15	RHOBTB1	1.0	1057
ENSG00000072501	15	SMC1A	1.0	1058
ENSG00000072506	15	HSD17B10	1.0	1059
ENSG00000072518	15	MARK2	1.0	1060
ENSG00000072571	15	HMMR	1.0	1061
ENSG00000072609	15	CHFR	1.0	1062
ENSG00000072682	15	P4HA2	1.0	1063
ENSG00000072694	15	FCGR2B	1.0	1064
ENSG00000072736	15	NFATC3	1.0	1065
ENSG00000072756	15	TRNT1	1.0	1066
ENSG00000072778	15	ACADVL	1.0	1067
ENSG00000072786	15	STK10	1.0	1068
ENSG00000072803	15	FBXW11	1.0	1069
ENSG00000072818	15	ACAP1	1.0	1070
ENSG00000072832	15	CRMP1	1.0	1071
ENSG00000072840	15	EVC	1.0	1072
ENSG00000072849	15	DERL2	1.0	1073
ENSG00000072858	15	SIDT1	1.0	1074
ENSG00000072864	15	NDE1	1.0	1075
ENSG00000072954	15	TMEM38A	1.0	1076
ENSG00000072958	15	AP1M1	1.0	1077
ENSG00000073008	15	PVR	1.0	1078
ENSG00000073050	15	XRCC1	1.0	1079
ENSG00000073060	15	SCARB1	1.0	1080
ENSG00000073111	15	MCM2	1.0	1081
ENSG00000073146	15	MOV10L1	1.0	1082
ENSG00000073150	15	PANX2	1.0	1083
ENSG00000073282	15	TP63	1.0	1084
ENSG00000073331	15	ALPK1	1.0	1085
ENSG00000073350	15	LLGL2	1.0	1086
ENSG00000073417	15	PDE8A	1.0	1087
ENSG00000073464	15	CLCN4	1.0	1088
ENSG00000073536	15	NLE1	1.0	1089
ENSG00000073578	15	SDHA	1.0	1090
ENSG00000073584	15	SMARCE1	1.0	1091
ENSG00000073605	15	GSDMB	1.0	1092
ENSG00000073614	15	KDM5A	1.0	1093
ENSG00000073670	15	ADAM11	1.0	1094
ENSG00000073711	15	PPP2R3A	1.0	1095
ENSG00000073712	15	FERMT2	1.0	1096
ENSG00000073737	15	DHRS9	1.0	1097
ENSG00000073756	15	PTGS2	1.0	1098
ENSG00000073792	15	IGF2BP2	1.0	1099
ENSG00000073803	15	MAP3K13	1.0	1100
ENSG00000073849	15	ST6GAL1	1.0	1101
ENSG00000073861	15	TBX21	1.0	1102
ENSG00000073910	15	FRY	1.0	1103
ENSG00000073921	15	PICALM	1.0	1104
ENSG00000073969	15	NSF	1.0	1105
ENSG00000074047	15	GLI2	1.0	1106
ENSG00000074054	15	CLASP1	1.0	1107
ENSG00000074071	15	MRPS34	1.0	1108
ENSG00000074181	15	NOTCH3	1.0	1109
ENSG00000074201	15	CLNS1A	1.0	1110
ENSG00000074211	15	PPP2R2C	1.0	1111
ENSG00000074219	15	TEAD2	1.0	1112
ENSG00000074266	15	EED	1.0	1113
ENSG00000074319	15	TSG101	1.0	1114
ENSG00000074370	15	ATP2A3	1.0	1115
ENSG00000074410	15	CA12	1.0	1116
ENSG00000074416	15	MGLL	1.0	1117
ENSG00000074527	15	NTN4	1.0	1118
ENSG00000074582	15	BCS1L	1.0	1119
ENSG00000074590	15	NUAK1	1.0	1120
ENSG00000074603	15	DPP8	1.0	1121
ENSG00000074621	15	SLC24A1	1.0	1122
ENSG00000074657	15	ZNF532	1.0	1123
ENSG00000074660	15	SCARF1	1.0	1124
ENSG00000074695	15	LMAN1	1.0	1125
ENSG00000074706	15	IPCEF1	1.0	1126
ENSG00000074755	15	ZZEF1	1.0	1127
ENSG00000074800	15	ENO1	1.0	1128
ENSG00000074855	15	ANO8	1.0	1129
ENSG00000074935	15	TUBE1	1.0	1130
ENSG00000074964	15	ARHGEF10L	1.0	1131
ENSG00000074966	15	TXK	1.0	1132
ENSG00000075035	15	WSCD2	1.0	1133
ENSG00000075073	15	TACR2	1.0	1134
ENSG00000075089	15	ACTR6	1.0	1135
ENSG00000075131	15	TIPIN	1.0	1136
ENSG00000075142	15	SRI	1.0	1137
ENSG00000075151	15	EIF4G3	1.0	1138
ENSG00000075188	15	NUP37	1.0	1139
ENSG00000075213	15	SEMA3A	1.0	1140
ENSG00000075218	15	GTSE1	1.0	1141
ENSG00000075223	15	SEMA3C	1.0	1142
ENSG00000075234	15	TTC38	1.0	1143
ENSG00000075239	15	ACAT1	1.0	1144
ENSG00000075240	15	GRAMD4	1.0	1145
ENSG00000075275	15	CELSR1	1.0	1146
ENSG00000075292	15	ZNF638	1.0	1147
ENSG00000075303	15	SLC25A40	1.0	1148
ENSG00000075336	15	TIMM21	1.0	1149
ENSG00000075340	15	ADD2	1.0	1150
ENSG00000075391	15	RASAL2	1.0	1151
ENSG00000075399	15	VPS9D1	1.0	1152
ENSG00000075407	15	ZNF37A	1.0	1153
ENSG00000075413	15	MARK3	1.0	1154
ENSG00000075415	15	SLC25A3	1.0	1155
ENSG00000075420	15	FNDC3B	1.0	1156
ENSG00000075426	15	FOSL2	1.0	1157
ENSG00000075461	15	CACNG4	1.0	1158
ENSG00000075539	15	FRYL	1.0	1159
ENSG00000075568	15	TMEM131	1.0	1160
ENSG00000075618	15	FSCN1	1.0	1161
ENSG00000075624	15	ACTB	1.0	1162
ENSG00000075643	15	MOCOS	1.0	1163
ENSG00000075651	15	PLD1	1.0	1164
ENSG00000075702	15	WDR62	1.0	1165
ENSG00000075711	15	DLG1	1.0	1166
ENSG00000075785	15	RAB7A	1.0	1167
ENSG00000075790	15	BCAP29	1.0	1168
ENSG00000075826	15	SEC31B	1.0	1169
ENSG00000075856	15	SART3	1.0	1170
ENSG00000075884	15	ARHGAP15	1.0	1171
ENSG00000075886	15	TUBA3D	1.0	1172
ENSG00000075891	15	PAX2	1.0	1173
ENSG00000075914	15	EXOSC7	1.0	1174
ENSG00000075945	15	KIFAP3	1.0	1175
ENSG00000075975	15	MKRN2	1.0	1176
ENSG00000076003	15	MCM6	1.0	1177
ENSG00000076043	15	REXO2	1.0	1178
ENSG00000076053	15	RBM7	1.0	1179
ENSG00000076067	15	RBMS2	1.0	1180
ENSG00000076108	15	BAZ2A	1.0	1181
ENSG00000076201	15	PTPN23	1.0	1182
ENSG00000076242	15	MLH1	1.0	1183
ENSG00000076248	15	UNG	1.0	1184
ENSG00000076258	15	FMO4	1.0	1185
ENSG00000076321	15	KLHL20	1.0	1186
ENSG00000076344	15	RGS11	1.0	1187
ENSG00000076351	15	SLC46A1	1.0	1188
ENSG00000076356	15	PLXNA2	1.0	1189
ENSG00000076513	15	ANKRD13A	1.0	1190
ENSG00000076554	15	TPD52	1.0	1191
ENSG00000076555	15	ACACB	1.0	1192
ENSG00000076604	15	TRAF4	1.0	1193
ENSG00000076641	15	PAG1	1.0	1194
ENSG00000076650	15	GPATCH1	1.0	1195
ENSG00000076662	15	ICAM3	1.0	1196
ENSG00000076685	15	NT5C2	1.0	1197
ENSG00000076706	15	MCAM	1.0	1198
ENSG00000076716	15	GPC4	1.0	1199
ENSG00000076770	15	MBNL3	1.0	1200
ENSG00000076826	15	CAMSAP3	1.0	1201
ENSG00000076864	15	RAP1GAP	1.0	1202
ENSG00000076924	15	XAB2	1.0	1203
ENSG00000076928	15	ARHGEF1	1.0	1204
ENSG00000076944	15	STXBP2	1.0	1205
ENSG00000076984	15	MAP2K7	1.0	1206
ENSG00000077044	15	DGKD	1.0	1207
ENSG00000077063	15	CTTNBP2	1.0	1208
ENSG00000077092	15	RARB	1.0	1209
ENSG00000077097	15	TOP2B	1.0	1210
ENSG00000077147	15	TM9SF3	1.0	1211
ENSG00000077150	15	NFKB2	1.0	1212
ENSG00000077152	15	UBE2T	1.0	1213
ENSG00000077157	15	PPP1R12B	1.0	1214
ENSG00000077232	15	DNAJC10	1.0	1215
ENSG00000077235	15	GTF3C1	1.0	1216
ENSG00000077238	15	IL4R	1.0	1217
ENSG00000077254	15	USP33	1.0	1218
ENSG00000077264	15	PAK3	1.0	1219
ENSG00000077274	15	CAPN6	1.0	1220
ENSG00000077279	15	DCX	1.0	1221
ENSG00000077312	15	SNRPA	1.0	1222
ENSG00000077327	15	SPAG6	1.0	1223
ENSG00000077348	15	EXOSC5	1.0	1224
ENSG00000077380	15	DYNC1I2	1.0	1225
ENSG00000077420	15	APBB1IP	1.0	1226
ENSG00000077454	15	LRCH4	1.0	1227
ENSG00000077458	15	FAM76B	1.0	1228
ENSG00000077463	15	SIRT6	1.0	1229
ENSG00000077514	15	POLD3	1.0	1230
ENSG00000077522	15	ACTN2	1.0	1231
ENSG00000077549	15	CAPZB	1.0	1232
ENSG00000077585	15	GPR137B	1.0	1233
ENSG00000077616	15	NAALAD2	1.0	1234
ENSG00000077684	15	JADE1	1.0	1235
ENSG00000077713	15	SLC25A43	1.0	1236
ENSG00000077721	15	UBE2A	1.0	1237
ENSG00000077782	15	FGFR1	1.0	1238
ENSG00000077800	15	FKBP6	1.0	1239
ENSG00000077935	15	SMC1B	1.0	1240
ENSG00000077942	15	FBLN1	1.0	1241
ENSG00000077943	15	ITGA8	1.0	1242
ENSG00000077984	15	CST7	1.0	1243
ENSG00000078018	15	MAP2	1.0	1244
ENSG00000078043	15	PIAS2	1.0	1245
ENSG00000078053	15	AMPH	1.0	1246
ENSG00000078061	15	ARAF	1.0	1247
ENSG00000078070	15	MCCC1	1.0	1248
ENSG00000078081	15	LAMP3	1.0	1249
ENSG00000078098	15	FAP	1.0	1250
ENSG00000078114	15	NEBL	1.0	1251
ENSG00000078124	15	ACER3	1.0	1252
ENSG00000078140	15	UBE2K	1.0	1253
ENSG00000078142	15	PIK3C3	1.0	1254
ENSG00000078177	15	N4BP2	1.0	1255
ENSG00000078246	15	TULP3	1.0	1256
ENSG00000078269	15	SYNJ2	1.0	1257
ENSG00000078295	15	ADCY2	1.0	1258
ENSG00000078304	15	PPP2R5C	1.0	1259
ENSG00000078328	15	RBFOX1	1.0	1260
ENSG00000078369	15	GNB1	1.0	1261
ENSG00000078399	15	HOXA9	1.0	1262
ENSG00000078401	15	EDN1	1.0	1263
ENSG00000078403	15	MLLT10	1.0	1264
ENSG00000078487	15	ZCWPW1	1.0	1265
ENSG00000078549	15	ADCYAP1R1	1.0	1266
ENSG00000078589	15	P2RY10	1.0	1267
ENSG00000078596	15	ITM2A	1.0	1268
ENSG00000078668	15	VDAC3	1.0	1269
ENSG00000078674	15	PCM1	1.0	1270
ENSG00000078687	15	TNRC6C	1.0	1271
ENSG00000078699	15	CBFA2T2	1.0	1272
ENSG00000078725	15	BRINP1	1.0	1273
ENSG00000078747	15	ITCH	1.0	1274
ENSG00000078795	15	PKD2L2	1.0	1275
ENSG00000078804	15	TP53INP2	1.0	1276
ENSG00000078808	15	SDF4	1.0	1277
ENSG00000078814	15	MYH7B	1.0	1278
ENSG00000078898	15	BPIFB2	1.0	1279
ENSG00000078900	15	TP73	1.0	1280
ENSG00000078902	15	TOLLIP	1.0	1281
ENSG00000078967	15	UBE2D4	1.0	1282
ENSG00000079101	15	CLUL1	1.0	1283
ENSG00000079102	15	RUNX1T1	1.0	1284
ENSG00000079134	15	THOC1	1.0	1285
ENSG00000079150	15	FKBP7	1.0	1286
ENSG00000079156	15	OSBPL6	1.0	1287
ENSG00000079215	15	SLC1A3	1.0	1288
ENSG00000079246	15	XRCC5	1.0	1289
ENSG00000079257	15	LXN	1.0	1290
ENSG00000079263	15	SP140	1.0	1291
ENSG00000079277	15	MKNK1	1.0	1292
ENSG00000079308	15	TNS1	1.0	1293
ENSG00000079313	15	REXO1	1.0	1294
ENSG00000079332	15	SAR1A	1.0	1295
ENSG00000079335	15	CDC14A	1.0	1296
ENSG00000079337	15	RAPGEF3	1.0	1297
ENSG00000079385	15	CEACAM1	1.0	1298
ENSG00000079387	15	SENP1	1.0	1299
ENSG00000079432	15	CIC	1.0	1300
ENSG00000079435	15	LIPE	1.0	1301
ENSG00000079459	15	FDFT1	1.0	1302
ENSG00000079462	15	PAFAH1B3	1.0	1303
ENSG00000079482	15	OPHN1	1.0	1304
ENSG00000079616	15	KIF22	1.0	1305
ENSG00000079689	15	SCGN	1.0	1306
ENSG00000079739	15	PGM1	1.0	1307
ENSG00000079785	15	DDX1	1.0	1308
ENSG00000079805	15	DNM2	1.0	1309
ENSG00000079819	15	EPB41L2	1.0	1310
ENSG00000079841	15	RIMS1	1.0	1311
ENSG00000079931	15	MOXD1	1.0	1312
ENSG00000079950	15	STX7	1.0	1313
ENSG00000079974	15	RABL2B	1.0	1314
ENSG00000079999	15	KEAP1	1.0	1315
ENSG00000080007	15	DDX43	1.0	1316
ENSG00000080031	15	PTPRH	1.0	1317
ENSG00000080166	15	DCT	1.0	1318
ENSG00000080189	15	SLC35C2	1.0	1319
ENSG00000080200	15	CRYBG3	1.0	1320
ENSG00000080298	15	RFX3	1.0	1321
ENSG00000080345	15	RIF1	1.0	1322
ENSG00000080371	15	RAB21	1.0	1323
ENSG00000080493	15	SLC4A4	1.0	1324
ENSG00000080503	15	SMARCA2	1.0	1325
ENSG00000080546	15	SESN1	1.0	1326
ENSG00000080561	15	MID2	1.0	1327
ENSG00000080573	15	COL5A3	1.0	1328
ENSG00000080603	15	SRCAP	1.0	1329
ENSG00000080709	15	KCNN2	1.0	1330
ENSG00000080802	15	CNOT4	1.0	1331
ENSG00000080815	15	PSEN1	1.0	1332
ENSG00000080819	15	CPOX	1.0	1333
ENSG00000080822	15	CLDND1	1.0	1334
ENSG00000080823	15	MOK	1.0	1335
ENSG00000080824	15	HSP90AA1	1.0	1336
ENSG00000080839	15	RBL1	1.0	1337
ENSG00000080845	15	DLGAP4	1.0	1338
ENSG00000080854	15	IGSF9B	1.0	1339
ENSG00000080986	15	NDC80	1.0	1340
ENSG00000081014	15	AP4E1	1.0	1341
ENSG00000081019	15	RSBN1	1.0	1342
ENSG00000081026	15	MAGI3	1.0	1343
ENSG00000081041	15	CXCL2	1.0	1344
ENSG00000081051	15	AFP	1.0	1345
ENSG00000081052	15	COL4A4	1.0	1346
ENSG00000081059	15	TCF7	1.0	1347
ENSG00000081087	15	OSTM1	1.0	1348
ENSG00000081154	15	PCNP	1.0	1349
ENSG00000081177	15	EXD2	1.0	1350
ENSG00000081181	15	ARG2	1.0	1351
ENSG00000081189	15	MEF2C	1.0	1352
ENSG00000081237	15	PTPRC	1.0	1353
ENSG00000081277	15	PKP1	1.0	1354
ENSG00000081307	15	UBA5	1.0	1355
ENSG00000081320	15	STK17B	1.0	1356
ENSG00000081377	15	CDC14B	1.0	1357
ENSG00000081386	15	ZNF510	1.0	1358
ENSG00000081479	15	LRP2	1.0	1359
ENSG00000081665	15	ZNF506	1.0	1360
ENSG00000081692	15	JMJD4	1.0	1361
ENSG00000081721	15	DUSP12	1.0	1362
ENSG00000081760	15	AACS	1.0	1363
ENSG00000081803	15	CADPS2	1.0	1364
ENSG00000081818	15	PCDHB4	1.0	1365
ENSG00000081870	15	IFT25	1.0	1366
ENSG00000081913	15	PHLPP1	1.0	1367
ENSG00000081923	15	ATP8B1	1.0	1368
ENSG00000081985	15	IL12RB2	1.0	1369
ENSG00000082014	15	SMARCD3	1.0	1370
ENSG00000082068	15	WDR70	1.0	1371
ENSG00000082126	15	MPP4	1.0	1372
ENSG00000082146	15	STRADB	1.0	1373
ENSG00000082153	15	BZW1	1.0	1374
ENSG00000082175	15	PGR	1.0	1375
ENSG00000082212	15	ME2	1.0	1376
ENSG00000082213	15	C5orf22	1.0	1377
ENSG00000082258	15	CCNT2	1.0	1378
ENSG00000082269	15	FAM135A	1.0	1379
ENSG00000082293	15	COL19A1	1.0	1380
ENSG00000082397	15	EPB41L3	1.0	1381
ENSG00000082438	15	COBLL1	1.0	1382
ENSG00000082458	15	DLG3	1.0	1383
ENSG00000082482	15	KCNK2	1.0	1384
ENSG00000082497	15	SERTAD4	1.0	1385
ENSG00000082512	15	TRAF5	1.0	1386
ENSG00000082515	15	MRPL22	1.0	1387
ENSG00000082516	15	GEMIN5	1.0	1388
ENSG00000082641	15	NFE2L1	1.0	1389
ENSG00000082684	15	SEMA5B	1.0	1390
ENSG00000082701	15	GSK3B	1.0	1391
ENSG00000082781	15	ITGB5	1.0	1392
ENSG00000082805	15	ERC1	1.0	1393
ENSG00000082898	15	XPO1	1.0	1394
ENSG00000082996	15	RNF13	1.0	1395
ENSG00000083067	15	TRPM3	1.0	1396
ENSG00000083093	15	PALB2	1.0	1397
ENSG00000083099	15	LYRM2	1.0	1398
ENSG00000083123	15	BCKDHB	1.0	1399
ENSG00000083168	15	KAT6A	1.0	1400
ENSG00000083290	15	ULK2	1.0	1401
ENSG00000083307	15	GRHL2	1.0	1402
ENSG00000083312	15	TNPO1	1.0	1403
ENSG00000083444	15	PLOD1	1.0	1404
ENSG00000083454	15	P2RX5	1.0	1405
ENSG00000083457	15	ITGAE	1.0	1406
ENSG00000083520	15	DIS3	1.0	1407
ENSG00000083535	15	PIBF1	1.0	1408
ENSG00000083544	15	TDRD3	1.0	1409
ENSG00000083635	15	NUFIP1	1.0	1410
ENSG00000083642	15	PDS5B	1.0	1411
ENSG00000083720	15	OXCT1	1.0	1412
ENSG00000083750	15	RRAGB	1.0	1413
ENSG00000083799	15	CYLD	1.0	1414
ENSG00000083807	15	SLC27A5	1.0	1415
ENSG00000083812	15	ZNF324	1.0	1416
ENSG00000083814	15	ZNF671	1.0	1417
ENSG00000083817	15	ZNF416	1.0	1418
ENSG00000083828	15	ZNF586	1.0	1419
ENSG00000083838	15	ZNF446	1.0	1420
ENSG00000083844	15	ZNF264	1.0	1421
ENSG00000083845	15	RPS5	1.0	1422
ENSG00000083857	15	FAT1	1.0	1423
ENSG00000083896	15	YTHDC1	1.0	1424
ENSG00000083937	15	CHMP2B	1.0	1425
ENSG00000084070	15	SMAP2	1.0	1426
ENSG00000084072	15	PPIE	1.0	1427
ENSG00000084073	15	ZMPSTE24	1.0	1428
ENSG00000084090	15	STARD7	1.0	1429
ENSG00000084092	15	NOA1	1.0	1430
ENSG00000084093	15	REST	1.0	1431
ENSG00000084112	15	SSH1	1.0	1432
ENSG00000084207	15	GSTP1	1.0	1433
ENSG00000084234	15	APLP2	1.0	1434
ENSG00000084453	15	SLCO1A2	1.0	1435
ENSG00000084463	15	WBP11	1.0	1436
ENSG00000084623	15	EIF3I	1.0	1437
ENSG00000084628	15	NKAIN1	1.0	1438
ENSG00000084636	15	COL16A1	1.0	1439
ENSG00000084652	15	TXLNA	1.0	1440
ENSG00000084676	15	NCOA1	1.0	1441
ENSG00000084693	15	AGBL5	1.0	1442
ENSG00000084710	15	EFR3B	1.0	1443
ENSG00000084731	15	KIF3C	1.0	1444
ENSG00000084733	15	RAB10	1.0	1445
ENSG00000084734	15	GCKR	1.0	1446
ENSG00000084754	15	HADHA	1.0	1447
ENSG00000084764	15	MAPRE3	1.0	1448
ENSG00000084774	15	CAD	1.0	1449
ENSG00000085063	15	CD59	1.0	1450
ENSG00000085117	15	CD82	1.0	1451
ENSG00000085185	15	BCORL1	1.0	1452
ENSG00000085224	15	ATRX	1.0	1453
ENSG00000085265	15	FCN1	1.0	1454
ENSG00000085274	15	MYNN	1.0	1455
ENSG00000085276	15	MECOM	1.0	1456
ENSG00000085365	15	SCAMP1	1.0	1457
ENSG00000085377	15	PREP	1.0	1458
ENSG00000085382	15	HACE1	1.0	1459
ENSG00000085415	15	SEH1L	1.0	1460
ENSG00000085433	15	WDR47	1.0	1461
ENSG00000085449	15	WDFY1	1.0	1462
ENSG00000085465	15	OVGP1	1.0	1463
ENSG00000085491	15	SLC25A24	1.0	1464
ENSG00000085511	15	MAP3K4	1.0	1465
ENSG00000085514	15	PILRA	1.0	1466
ENSG00000085552	15	IGSF9	1.0	1467
ENSG00000085563	15	ABCB1	1.0	1468
ENSG00000085644	15	ZNF213	1.0	1469
ENSG00000085662	15	AKR1B1	1.0	1470
ENSG00000085719	15	CPNE3	1.0	1471
ENSG00000085721	15	RRN3	1.0	1472
ENSG00000085733	15	CTTN	1.0	1473
ENSG00000085741	15	WNT11	1.0	1474
ENSG00000085760	15	MTIF2	1.0	1475
ENSG00000085788	15	DDHD2	1.0	1476
ENSG00000085831	15	TTC39A	1.0	1477
ENSG00000085832	15	EPS15	1.0	1478
ENSG00000085840	15	ORC1	1.0	1479
ENSG00000085871	15	MGST2	1.0	1480
ENSG00000085978	15	ATG16L1	1.0	1481
ENSG00000085982	15	USP40	1.0	1482
ENSG00000085998	15	POMGNT1	1.0	1483
ENSG00000085999	15	RAD54L	1.0	1484
ENSG00000086015	15	MAST2	1.0	1485
ENSG00000086061	15	DNAJA1	1.0	1486
ENSG00000086062	15	B4GALT1	1.0	1487
ENSG00000086065	15	CHMP5	1.0	1488
ENSG00000086102	15	NFX1	1.0	1489
ENSG00000086159	15	AQP6	1.0	1490
ENSG00000086189	15	DIMT1	1.0	1491
ENSG00000086200	15	IPO11	1.0	1492
ENSG00000086205	15	FOLH1	1.0	1493
ENSG00000086232	15	EIF2AK1	1.0	1494
ENSG00000086289	15	EPDR1	1.0	1495
ENSG00000086300	15	SNX10	1.0	1496
ENSG00000086475	15	SEPHS1	1.0	1497
ENSG00000086504	15	MRPL28	1.0	1498
ENSG00000086506	15	HBQ1	1.0	1499
ENSG00000086544	15	ITPKC	1.0	1500
ENSG00000086548	15	CEACAM6	1.0	1501
ENSG00000086570	15	FAT2	1.0	1502
ENSG00000086589	15	RBM22	1.0	1503
ENSG00000086598	15	TMED2	1.0	1504
ENSG00000086666	15	ZFAND6	1.0	1505
ENSG00000086696	15	HSD17B2	1.0	1506
ENSG00000086712	15	TXLNG	1.0	1507
ENSG00000086730	15	LAT2	1.0	1508
ENSG00000086758	15	HUWE1	1.0	1509
ENSG00000086827	15	ZW10	1.0	1510
ENSG00000086848	15	ALG9	1.0	1511
ENSG00000086991	15	NOX4	1.0	1512
ENSG00000087008	15	ACOX3	1.0	1513
ENSG00000087053	15	MTMR2	1.0	1514
ENSG00000087074	15	PPP1R15A	1.0	1515
ENSG00000087076	15	HSD17B14	1.0	1516
ENSG00000087077	15	TRIP6	1.0	1517
ENSG00000087085	15	ACHE	1.0	1518
ENSG00000087086	15	FTL	1.0	1519
ENSG00000087087	15	SRRT	1.0	1520
ENSG00000087088	15	BAX	1.0	1521
ENSG00000087095	15	NLK	1.0	1522
ENSG00000087116	15	ADAMTS2	1.0	1523
ENSG00000087128	15	TMPRSS11E	1.0	1524
ENSG00000087152	15	ATXN7L3	1.0	1525
ENSG00000087157	15	PGS1	1.0	1526
ENSG00000087191	15	PSMC5	1.0	1527
ENSG00000087206	15	UIMC1	1.0	1528
ENSG00000087237	15	CETP	1.0	1529
ENSG00000087245	15	MMP2	1.0	1530
ENSG00000087250	15	MT3	1.0	1531
ENSG00000087253	15	LPCAT2	1.0	1532
ENSG00000087258	15	GNAO1	1.0	1533
ENSG00000087263	15	OGFOD1	1.0	1534
ENSG00000087266	15	SH3BP2	1.0	1535
ENSG00000087269	15	NOP14	1.0	1536
ENSG00000087274	15	ADD1	1.0	1537
ENSG00000087299	15	L2HGDH	1.0	1538
ENSG00000087301	15	TXNDC16	1.0	1539
ENSG00000087303	15	NID2	1.0	1540
ENSG00000087338	15	GMCL1	1.0	1541
ENSG00000087365	15	SF3B2	1.0	1542
ENSG00000087448	15	KLHL42	1.0	1543
ENSG00000087460	15	GNAS	1.0	1544
ENSG00000087470	15	DNM1L	1.0	1545
ENSG00000087494	15	PTHLH	1.0	1546
ENSG00000087495	15	PHACTR3	1.0	1547
ENSG00000087502	15	ERGIC2	1.0	1548
ENSG00000087510	15	TFAP2C	1.0	1549
ENSG00000087586	15	AURKA	1.0	1550
ENSG00000087589	15	CASS4	1.0	1551
ENSG00000087842	15	PIR	1.0	1552
ENSG00000087884	15	AAMDC	1.0	1553
ENSG00000087903	15	RFX2	1.0	1554
ENSG00000087995	15	METTL2A	1.0	1555
ENSG00000088002	15	SULT2B1	1.0	1556
ENSG00000088035	15	ALG6	1.0	1557
ENSG00000088038	15	CNOT3	1.0	1558
ENSG00000088053	15	GP6	1.0	1559
ENSG00000088179	15	PTPN4	1.0	1560
ENSG00000088205	15	DDX18	1.0	1561
ENSG00000088247	15	KHSRP	1.0	1562
ENSG00000088256	15	GNA11	1.0	1563
ENSG00000088280	15	ASAP3	1.0	1564
ENSG00000088298	15	EDEM2	1.0	1565
ENSG00000088305	15	DNMT3B	1.0	1566
ENSG00000088320	15	REM1	1.0	1567
ENSG00000088325	15	TPX2	1.0	1568
ENSG00000088356	15	PDRG1	1.0	1569
ENSG00000088367	15	EPB41L1	1.0	1570
ENSG00000088386	15	SLC15A1	1.0	1571
ENSG00000088387	15	DOCK9	1.0	1572
ENSG00000088448	15	ANKRD10	1.0	1573
ENSG00000088451	15	TGDS	1.0	1574
ENSG00000088538	15	DOCK3	1.0	1575
ENSG00000088543	15	C3orf18	1.0	1576
ENSG00000088682	15	COQ9	1.0	1577
ENSG00000088726	15	TMEM40	1.0	1578
ENSG00000088727	15	KIF9	1.0	1579
ENSG00000088756	15	ARHGAP28	1.0	1580
ENSG00000088766	15	CRLS1	1.0	1581
ENSG00000088808	15	PPP1R13B	1.0	1582
ENSG00000088812	15	ATRN	1.0	1583
ENSG00000088826	15	SMOX	1.0	1584
ENSG00000088832	15	FKBP1A	1.0	1585
ENSG00000088833	15	NSFL1C	1.0	1586
ENSG00000088836	15	SLC4A11	1.0	1587
ENSG00000088876	15	ZNF343	1.0	1588
ENSG00000088881	15	EBF4	1.0	1589
ENSG00000088882	15	CPXM1	1.0	1590
ENSG00000088888	15	MAVS	1.0	1591
ENSG00000088899	15	LZTS3	1.0	1592
ENSG00000088930	15	XRN2	1.0	1593
ENSG00000088986	15	DYNLL1	1.0	1594
ENSG00000088992	15	TESC	1.0	1595
ENSG00000089006	15	SNX5	1.0	1596
ENSG00000089009	15	RPL6	1.0	1597
ENSG00000089022	15	MAPKAPK5	1.0	1598
ENSG00000089041	15	P2RX7	1.0	1599
ENSG00000089048	15	ESF1	1.0	1600
ENSG00000089050	15	RBBP9	1.0	1601
ENSG00000089053	15	ANAPC5	1.0	1602
ENSG00000089057	15	SLC23A2	1.0	1603
ENSG00000089060	15	SLC8B1	1.0	1604
ENSG00000089063	15	TMEM230	1.0	1605
ENSG00000089091	15	DZANK1	1.0	1606
ENSG00000089094	15	KDM2B	1.0	1607
ENSG00000089123	15	TASP1	1.0	1608
ENSG00000089127	15	OAS1	1.0	1609
ENSG00000089157	15	RPLP0	1.0	1610
ENSG00000089159	15	PXN	1.0	1611
ENSG00000089163	15	SIRT4	1.0	1612
ENSG00000089177	15	KIF16B	1.0	1613
ENSG00000089195	15	TRMT6	1.0	1614
ENSG00000089199	15	CHGB	1.0	1615
ENSG00000089220	15	PEBP1	1.0	1616
ENSG00000089225	15	TBX5	1.0	1617
ENSG00000089234	15	BRAP	1.0	1618
ENSG00000089248	15	ERP29	1.0	1619
ENSG00000089280	15	FUS	1.0	1620
ENSG00000089289	15	IGBP1	1.0	1621
ENSG00000089327	15	FXYD5	1.0	1622
ENSG00000089335	15	ZNF302	1.0	1623
ENSG00000089351	15	GRAMD1A	1.0	1624
ENSG00000089356	15	FXYD3	1.0	1625
ENSG00000089472	15	HEPH	1.0	1626
ENSG00000089486	15	CDIP1	1.0	1627
ENSG00000089597	15	GANAB	1.0	1628
ENSG00000089639	15	GMIP	1.0	1629
ENSG00000089682	15	RBM41	1.0	1630
ENSG00000089685	15	BIRC5	1.0	1631
ENSG00000089692	15	LAG3	1.0	1632
ENSG00000089693	15	MLF2	1.0	1633
ENSG00000089723	15	OTUB2	1.0	1634
ENSG00000089737	15	DDX24	1.0	1635
ENSG00000089775	15	ZBTB25	1.0	1636
ENSG00000089818	15	NECAP1	1.0	1637
ENSG00000089820	15	ARHGAP4	1.0	1638
ENSG00000089847	15	ANKRD24	1.0	1639
ENSG00000089876	15	DHX32	1.0	1640
ENSG00000089902	15	RCOR1	1.0	1641
ENSG00000089916	15	GPATCH2L	1.0	1642
ENSG00000090006	15	LTBP4	1.0	1643
ENSG00000090013	15	BLVRB	1.0	1644
ENSG00000090020	15	SLC9A1	1.0	1645
ENSG00000090054	15	SPTLC1	1.0	1646
ENSG00000090060	15	PAPOLA	1.0	1647
ENSG00000090061	15	CCNK	1.0	1648
ENSG00000090097	15	PCBP4	1.0	1649
ENSG00000090104	15	RGS1	1.0	1650
ENSG00000090238	15	YPEL3	1.0	1651
ENSG00000090263	15	MRPS33	1.0	1652
ENSG00000090266	15	NDUFB2	1.0	1653
ENSG00000090273	15	NUDC	1.0	1654
ENSG00000090316	15	MAEA	1.0	1655
ENSG00000090339	15	ICAM1	1.0	1656
ENSG00000090372	15	STRN4	1.0	1657
ENSG00000090376	15	IRAK3	1.0	1658
ENSG00000090382	15	LYZ	1.0	1659
ENSG00000090432	15	MUL1	1.0	1660
ENSG00000090447	15	TFAP4	1.0	1661
ENSG00000090470	15	PDCD7	1.0	1662
ENSG00000090487	15	SPG21	1.0	1663
ENSG00000090520	15	DNAJB11	1.0	1664
ENSG00000090534	15	THPO	1.0	1665
ENSG00000090539	15	CHRD	1.0	1666
ENSG00000090565	15	RAB11FIP3	1.0	1667
ENSG00000090581	15	GNPTG	1.0	1668
ENSG00000090612	15	ZNF268	1.0	1669
ENSG00000090615	15	GOLGA3	1.0	1670
ENSG00000090621	15	PABPC4	1.0	1671
ENSG00000090661	15	CERS4	1.0	1672
ENSG00000090674	15	MCOLN1	1.0	1673
ENSG00000090686	15	USP48	1.0	1674
ENSG00000090776	15	EFNB1	1.0	1675
ENSG00000090857	15	PDPR	1.0	1676
ENSG00000090863	15	GLG1	1.0	1677
ENSG00000090889	15	KIF4A	1.0	1678
ENSG00000090905	15	TNRC6A	1.0	1679
ENSG00000090924	15	PLEKHG2	1.0	1680
ENSG00000090932	15	DLL3	1.0	1681
ENSG00000090971	15	NAT14	1.0	1682
ENSG00000090975	15	PITPNM2	1.0	1683
ENSG00000090989	15	EXOC1	1.0	1684
ENSG00000091039	15	OSBPL8	1.0	1685
ENSG00000091073	15	DTX2	1.0	1686
ENSG00000091127	15	PUS7	1.0	1687
ENSG00000091129	15	NRCAM	1.0	1688
ENSG00000091136	15	LAMB1	1.0	1689
ENSG00000091137	15	SLC26A4	1.0	1690
ENSG00000091138	15	SLC26A3	1.0	1691
ENSG00000091140	15	DLD	1.0	1692
ENSG00000091157	15	WDR7	1.0	1693
ENSG00000091164	15	TXNL1	1.0	1694
ENSG00000091262	15	ABCC6	1.0	1695
ENSG00000091317	15	CMTM6	1.0	1696
ENSG00000091409	15	ITGA6	1.0	1697
ENSG00000091428	15	RAPGEF4	1.0	1698
ENSG00000091482	15	SMPX	1.0	1699
ENSG00000091483	15	FH	1.0	1700
ENSG00000091490	15	SEL1L3	1.0	1701
ENSG00000091513	15	TF	1.0	1702
ENSG00000091527	15	CDV3	1.0	1703
ENSG00000091536	15	MYO15A	1.0	1704
ENSG00000091542	15	ALKBH5	1.0	1705
ENSG00000091592	15	NLRP1	1.0	1706
ENSG00000091622	15	PITPNM3	1.0	1707
ENSG00000091640	15	SPAG7	1.0	1708
ENSG00000091651	15	ORC6	1.0	1709
ENSG00000091656	15	ZFHX4	1.0	1710
ENSG00000091704	15	CPA1	1.0	1711
ENSG00000091732	15	ZC3HC1	1.0	1712
ENSG00000091831	15	ESR1	1.0	1713
ENSG00000091844	15	RGS17	1.0	1714
ENSG00000091879	15	ANGPT2	1.0	1715
ENSG00000091947	15	TMEM101	1.0	1716
ENSG00000091972	15	CD200	1.0	1717
ENSG00000091986	15	CCDC80	1.0	1718
ENSG00000092010	15	PSME1	1.0	1719
ENSG00000092020	15	PPP2R3C	1.0	1720
ENSG00000092036	15	HAUS4	1.0	1721
ENSG00000092051	15	JPH4	1.0	1722
ENSG00000092068	15	SLC7A8	1.0	1723
ENSG00000092094	15	OSGEP	1.0	1724
ENSG00000092096	15	SLC22A17	1.0	1725
ENSG00000092098	15	RNF31	1.0	1726
ENSG00000092108	15	SCFD1	1.0	1727
ENSG00000092140	15	G2E3	1.0	1728
ENSG00000092148	15	HECTD1	1.0	1729
ENSG00000092199	15	HNRNPC	1.0	1730
ENSG00000092200	15	RPGRIP1	1.0	1731
ENSG00000092201	15	SUPT16H	1.0	1732
ENSG00000092203	15	TOX4	1.0	1733
ENSG00000092208	15	GEMIN2	1.0	1734
ENSG00000092295	15	TGM1	1.0	1735
ENSG00000092330	15	TINF2	1.0	1736
ENSG00000092421	15	SEMA6A	1.0	1737
ENSG00000092439	15	TRPM7	1.0	1738
ENSG00000092445	15	TYRO3	1.0	1739
ENSG00000092470	15	WDR76	1.0	1740
ENSG00000092531	15	SNAP23	1.0	1741
ENSG00000092607	15	TBX15	1.0	1742
ENSG00000092621	15	PHGDH	1.0	1743
ENSG00000092758	15	COL9A3	1.0	1744
ENSG00000092820	15	EZR	1.0	1745
ENSG00000092841	15	MYL6	1.0	1746
ENSG00000092847	15	AGO1	1.0	1747
ENSG00000092850	15	TEKT2	1.0	1748
ENSG00000092853	15	CLSPN	1.0	1749
ENSG00000092871	15	RFFL	1.0	1750
ENSG00000092929	15	UNC13D	1.0	1751
ENSG00000092931	15	MFSD11	1.0	1752
ENSG00000092964	15	DPYSL2	1.0	1753
ENSG00000092969	15	TGFB2	1.0	1754
ENSG00000092978	15	GPATCH2	1.0	1755
ENSG00000093000	15	NUP50	1.0	1756
ENSG00000093009	15	CDC45	1.0	1757
ENSG00000093010	15	COMT	1.0	1758
ENSG00000093144	15	ECHDC1	1.0	1759
ENSG00000093167	15	LRRFIP2	1.0	1760
ENSG00000093183	15	SEC22C	1.0	1761
ENSG00000093217	15	XYLB	1.0	1762
ENSG00000094631	15	HDAC6	1.0	1763
ENSG00000094755	15	GABRP	1.0	1764
ENSG00000094796	15	KRT31	1.0	1765
ENSG00000094804	15	CDC6	1.0	1766
ENSG00000094841	15	UPRT	1.0	1767
ENSG00000094880	15	CDC23	1.0	1768
ENSG00000094914	15	AAAS	1.0	1769
ENSG00000094916	15	CBX5	1.0	1770
ENSG00000094963	15	FMO2	1.0	1771
ENSG00000094975	15	SUCO	1.0	1772
ENSG00000095002	15	MSH2	1.0	1773
ENSG00000095015	15	MAP3K1	1.0	1774
ENSG00000095059	15	DHPS	1.0	1775
ENSG00000095066	15	HOOK2	1.0	1776
ENSG00000095139	15	ARCN1	1.0	1777
ENSG00000095203	15	EPB41L4B	1.0	1778
ENSG00000095209	15	TMEM38B	1.0	1779
ENSG00000095261	15	PSMD5	1.0	1780
ENSG00000095303	15	PTGS1	1.0	1781
ENSG00000095319	15	NUP188	1.0	1782
ENSG00000095321	15	CRAT	1.0	1783
ENSG00000095370	15	SH2D3C	1.0	1784
ENSG00000095380	15	NANS	1.0	1785
ENSG00000095383	15	TBC1D2	1.0	1786
ENSG00000095485	15	CWF19L1	1.0	1787
ENSG00000095539	15	SEMA4G	1.0	1788
ENSG00000095564	15	BTAF1	1.0	1789
ENSG00000095574	15	IKZF5	1.0	1790
ENSG00000095585	15	BLNK	1.0	1791
ENSG00000095587	15	TLL2	1.0	1792
ENSG00000095596	15	CYP26A1	1.0	1793
ENSG00000095627	15	TDRD1	1.0	1794
ENSG00000095637	15	SORBS1	1.0	1795
ENSG00000095713	15	CRTAC1	1.0	1796
ENSG00000095739	15	BAMBI	1.0	1797
ENSG00000095752	15	IL11	1.0	1798
ENSG00000095777	15	MYO3A	1.0	1799
ENSG00000095787	15	WAC	1.0	1800
ENSG00000095794	15	CREM	1.0	1801
ENSG00000095906	15	NUBP2	1.0	1802
ENSG00000095951	15	HIVEP1	1.0	1803
ENSG00000095970	15	TREM2	1.0	1804
ENSG00000096006	15	CRISP3	1.0	1805
ENSG00000096060	15	FKBP5	1.0	1806
ENSG00000096063	15	SRPK1	1.0	1807
ENSG00000096070	15	BRPF3	1.0	1808
ENSG00000096080	15	MRPS18A	1.0	1809
ENSG00000096088	15	PGC	1.0	1810
ENSG00000096092	15	TMEM14A	1.0	1811
ENSG00000096093	15	EFHC1	1.0	1812
ENSG00000096384	15	HSP90AB1	1.0	1813
ENSG00000096401	15	CDC5L	1.0	1814
ENSG00000096433	15	ITPR3	1.0	1815
ENSG00000096654	15	ZNF184	1.0	1816
ENSG00000096696	15	DSP	1.0	1817
ENSG00000096717	15	SIRT1	1.0	1818
ENSG00000096746	15	HNRNPH3	1.0	1819
ENSG00000096872	15	IFT74	1.0	1820
ENSG00000096968	15	JAK2	1.0	1821
ENSG00000096996	15	IL12RB1	1.0	1822
ENSG00000097007	15	ABL1	1.0	1823
ENSG00000097021	15	ACOT7	1.0	1824
ENSG00000097033	15	SH3GLB1	1.0	1825
ENSG00000097046	15	CDC7	1.0	1826
ENSG00000097096	15	SYDE2	1.0	1827
ENSG00000099139	15	PCSK5	1.0	1828
ENSG00000099194	15	SCD	1.0	1829
ENSG00000099203	15	TMED1	1.0	1830
ENSG00000099204	15	ABLIM1	1.0	1831
ENSG00000099219	15	ERMP1	1.0	1832
ENSG00000099246	15	RAB18	1.0	1833
ENSG00000099250	15	NRP1	1.0	1834
ENSG00000099256	15	PRTFDC1	1.0	1835
ENSG00000099260	15	PALMD	1.0	1836
ENSG00000099282	15	TSPAN15	1.0	1837
ENSG00000099308	15	MAST3	1.0	1838
ENSG00000099326	15	MZF1	1.0	1839
ENSG00000099330	15	OCEL1	1.0	1840
ENSG00000099331	15	MYO9B	1.0	1841
ENSG00000099337	15	KCNK6	1.0	1842
ENSG00000099338	15	CATSPERG	1.0	1843
ENSG00000099341	15	PSMD8	1.0	1844
ENSG00000099364	15	FBXL19	1.0	1845
ENSG00000099365	15	STX1B	1.0	1846
ENSG00000099377	15	HSD3B7	1.0	1847
ENSG00000099381	15	SETD1A	1.0	1848
ENSG00000099385	15	BCL7C	1.0	1849
ENSG00000099622	15	CIRBP	1.0	1850
ENSG00000099715	15	PCDH11Y	1.0	1851
ENSG00000099769	15	IGFALS	1.0	1852
ENSG00000099783	15	HNRNPM	1.0	1853
ENSG00000099795	15	NDUFB7	1.0	1854
ENSG00000099797	15	TECR	1.0	1855
ENSG00000099800	15	TIMM13	1.0	1856
ENSG00000099804	15	CDC34	1.0	1857
ENSG00000099810	15	MTAP	1.0	1858
ENSG00000099812	15	MISP	1.0	1859
ENSG00000099814	15	CEP170B	1.0	1860
ENSG00000099817	15	POLR2E	1.0	1861
ENSG00000099821	15	POLRMT	1.0	1862
ENSG00000099822	15	HCN2	1.0	1863
ENSG00000099840	15	IZUMO4	1.0	1864
ENSG00000099849	15	RASSF7	1.0	1865
ENSG00000099860	15	GADD45B	1.0	1866
ENSG00000099864	15	PALM	1.0	1867
ENSG00000099866	15	MADCAM1	1.0	1868
ENSG00000099869	15	IGF2-AS	1.0	1869
ENSG00000099875	15	MKNK2	1.0	1870
ENSG00000099889	15	ARVCF	1.0	1871
ENSG00000099899	15	TRMT2A	1.0	1872
ENSG00000099901	15	RANBP1	1.0	1873
ENSG00000099904	15	ZDHHC8	1.0	1874
ENSG00000099910	15	KLHL22	1.0	1875
ENSG00000099917	15	MED15	1.0	1876
ENSG00000099937	15	SERPIND1	1.0	1877
ENSG00000099940	15	SNAP29	1.0	1878
ENSG00000099942	15	CRKL	1.0	1879
ENSG00000099949	15	LZTR1	1.0	1880
ENSG00000099953	15	MMP11	1.0	1881
ENSG00000099954	15	CECR2	1.0	1882
ENSG00000099956	15	SMARCB1	1.0	1883
ENSG00000099957	15	P2RX6	1.0	1884
ENSG00000099958	15	DERL3	1.0	1885
ENSG00000099960	15	SLC7A4	1.0	1886
ENSG00000099968	15	BCL2L13	1.0	1887
ENSG00000099974	15	DDTL	1.0	1888
ENSG00000099977	15	DDT	1.0	1889
ENSG00000099985	15	OSM	1.0	1890
ENSG00000099991	15	CABIN1	1.0	1891
ENSG00000099992	15	TBC1D10A	1.0	1892
ENSG00000099994	15	SUSD2	1.0	1893
ENSG00000099995	15	SF3A1	1.0	1894
ENSG00000099998	15	GGT5	1.0	1895
ENSG00000099999	15	RNF215	1.0	1896
ENSG00000100003	15	SEC14L2	1.0	1897
ENSG00000100014	15	SPECC1L	1.0	1898
ENSG00000100023	15	PPIL2	1.0	1899
ENSG00000100024	15	UPB1	1.0	1900
ENSG00000100027	15	YPEL1	1.0	1901
ENSG00000100028	15	SNRPD3	1.0	1902
ENSG00000100029	15	PES1	1.0	1903
ENSG00000100030	15	MAPK1	1.0	1904
ENSG00000100031	15	GGT1	1.0	1905
ENSG00000100033	15	PRODH	1.0	1906
ENSG00000100034	15	PPM1F	1.0	1907
ENSG00000100036	15	SLC35E4	1.0	1908
ENSG00000100038	15	TOP3B	1.0	1909
ENSG00000100053	15	CRYBB3	1.0	1910
ENSG00000100055	15	CYTH4	1.0	1911
ENSG00000100060	15	MFNG	1.0	1912
ENSG00000100065	15	CARD10	1.0	1913
ENSG00000100075	15	SLC25A1	1.0	1914
ENSG00000100078	15	PLA2G3	1.0	1915
ENSG00000100079	15	LGALS2	1.0	1916
ENSG00000100083	15	GGA1	1.0	1917
ENSG00000100084	15	HIRA	1.0	1918
ENSG00000100092	15	SH3BP1	1.0	1919
ENSG00000100095	15	SEZ6L	1.0	1920
ENSG00000100097	15	LGALS1	1.0	1921
ENSG00000100099	15	HPS4	1.0	1922
ENSG00000100100	15	PIK3IP1	1.0	1923
ENSG00000100104	15	SRRD	1.0	1924
ENSG00000100105	15	PATZ1	1.0	1925
ENSG00000100106	15	TRIOBP	1.0	1926
ENSG00000100109	15	TFIP11	1.0	1927
ENSG00000100116	15	GCAT	1.0	1928
ENSG00000100124	15	ANKRD54	1.0	1929
ENSG00000100129	15	EIF3L	1.0	1930
ENSG00000100139	15	MICALL1	1.0	1931
ENSG00000100142	15	POLR2F	1.0	1932
ENSG00000100146	15	SOX10	1.0	1933
ENSG00000100147	15	CCDC134	1.0	1934
ENSG00000100150	15	DEPDC5	1.0	1935
ENSG00000100151	15	PICK1	1.0	1936
ENSG00000100154	15	TTC28	1.0	1937
ENSG00000100156	15	SLC16A8	1.0	1938
ENSG00000100162	15	CENPM	1.0	1939
ENSG00000100170	15	SLC5A1	1.0	1940
ENSG00000100196	15	KDELR3	1.0	1941
ENSG00000100197	15	CYP2D6	1.0	1942
ENSG00000100201	15	DDX17	1.0	1943
ENSG00000100206	15	DMC1	1.0	1944
ENSG00000100207	15	TCF20	1.0	1945
ENSG00000100209	15	HSCB	1.0	1946
ENSG00000100211	15	CBY1	1.0	1947
ENSG00000100216	15	TOMM22	1.0	1948
ENSG00000100219	15	XBP1	1.0	1949
ENSG00000100220	15	RTCB	1.0	1950
ENSG00000100221	15	JOSD1	1.0	1951
ENSG00000100225	15	FBXO7	1.0	1952
ENSG00000100226	15	GTPBP1	1.0	1953
ENSG00000100227	15	POLDIP3	1.0	1954
ENSG00000100228	15	RAB36	1.0	1955
ENSG00000100234	15	TIMP3	1.0	1956
ENSG00000100239	15	PPP6R2	1.0	1957
ENSG00000100241	15	SBF1	1.0	1958
ENSG00000100242	15	SUN2	1.0	1959
ENSG00000100243	15	CYB5R3	1.0	1960
ENSG00000100246	15	DNAL4	1.0	1961
ENSG00000100249	15	C22orf31	1.0	1962
ENSG00000100253	15	MIOX	1.0	1963
ENSG00000100258	15	LMF2	1.0	1964
ENSG00000100263	15	RHBDD3	1.0	1965
ENSG00000100266	15	PACSIN2	1.0	1966
ENSG00000100271	15	TTLL1	1.0	1967
ENSG00000100276	15	RASL10A	1.0	1968
ENSG00000100280	15	AP1B1	1.0	1969
ENSG00000100281	15	HMGXB4	1.0	1970
ENSG00000100284	15	TOM1	1.0	1971
ENSG00000100285	15	NEFH	1.0	1972
ENSG00000100288	15	CHKB	1.0	1973
ENSG00000100290	15	BIK	1.0	1974
ENSG00000100292	15	HMOX1	1.0	1975
ENSG00000100294	15	MCAT	1.0	1976
ENSG00000100296	15	THOC5	1.0	1977
ENSG00000100297	15	MCM5	1.0	1978
ENSG00000100298	15	APOBEC3H	1.0	1979
ENSG00000100299	15	ARSA	1.0	1980
ENSG00000100300	15	TSPO	1.0	1981
ENSG00000100302	15	RASD2	1.0	1982
ENSG00000100304	15	TTLL12	1.0	1983
ENSG00000100307	15	CBX7	1.0	1984
ENSG00000100311	15	PDGFB	1.0	1985
ENSG00000100312	15	ACR	1.0	1986
ENSG00000100316	15	RPL3	1.0	1987
ENSG00000100319	15	ZMAT5	1.0	1988
ENSG00000100320	15	RBFOX2	1.0	1989
ENSG00000100321	15	SYNGR1	1.0	1990
ENSG00000100324	15	TAB1	1.0	1991
ENSG00000100325	15	ASCC2	1.0	1992
ENSG00000100330	15	MTMR3	1.0	1993
ENSG00000100335	15	MIEF1	1.0	1994
ENSG00000100336	15	APOL4	1.0	1995
ENSG00000100342	15	APOL1	1.0	1996
ENSG00000100344	15	PNPLA3	1.0	1997
ENSG00000100345	15	MYH9	1.0	1998
ENSG00000100347	15	SAMM50	1.0	1999
ENSG00000100348	15	TXN2	1.0	2000
ENSG00000100350	15	FOXRED2	1.0	2001
ENSG00000100351	15	GRAP2	1.0	2002
ENSG00000100353	15	EIF3D	1.0	2003
ENSG00000100354	15	TNRC6B	1.0	2004
ENSG00000100359	15	SGSM3	1.0	2005
ENSG00000100360	15	IFT27	1.0	2006
ENSG00000100362	15	PVALB	1.0	2007
ENSG00000100364	15	KIAA0930	1.0	2008
ENSG00000100365	15	NCF4	1.0	2009
ENSG00000100368	15	CSF2RB	1.0	2010
ENSG00000100372	15	SLC25A17	1.0	2011
ENSG00000100373	15	UPK3A	1.0	2012
ENSG00000100376	15	FAM118A	1.0	2013
ENSG00000100379	15	KCTD17	1.0	2014
ENSG00000100380	15	ST13	1.0	2015
ENSG00000100385	15	IL2RB	1.0	2016
ENSG00000100387	15	RBX1	1.0	2017
ENSG00000100393	15	EP300	1.0	2018
ENSG00000100395	15	L3MBTL2	1.0	2019
ENSG00000100399	15	CHADL	1.0	2020
ENSG00000100401	15	RANGAP1	1.0	2021
ENSG00000100403	15	ZC3H7B	1.0	2022
ENSG00000100410	15	PHF5A	1.0	2023
ENSG00000100412	15	ACO2	1.0	2024
ENSG00000100413	15	POLR3H	1.0	2025
ENSG00000100416	15	TRMU	1.0	2026
ENSG00000100417	15	PMM1	1.0	2027
ENSG00000100418	15	DESI1	1.0	2028
ENSG00000100422	15	CERK	1.0	2029
ENSG00000100425	15	BRD1	1.0	2030
ENSG00000100426	15	ZBED4	1.0	2031
ENSG00000100429	15	HDAC10	1.0	2032
ENSG00000100439	15	ABHD4	1.0	2033
ENSG00000100441	15	KHNYN	1.0	2034
ENSG00000100442	15	FKBP3	1.0	2035
ENSG00000100445	15	SDR39U1	1.0	2036
ENSG00000100450	15	GZMH	1.0	2037
ENSG00000100453	15	GZMB	1.0	2038
ENSG00000100461	15	RBM23	1.0	2039
ENSG00000100462	15	PRMT5	1.0	2040
ENSG00000100473	15	COCH	1.0	2041
ENSG00000100478	15	AP4S1	1.0	2042
ENSG00000100479	15	POLE2	1.0	2043
ENSG00000100483	15	VCPKMT	1.0	2044
ENSG00000100485	15	SOS2	1.0	2045
ENSG00000100490	15	CDKL1	1.0	2046
ENSG00000100503	15	NIN	1.0	2047
ENSG00000100504	15	PYGL	1.0	2048
ENSG00000100505	15	TRIM9	1.0	2049
ENSG00000100519	15	PSMC6	1.0	2050
ENSG00000100522	15	GNPNAT1	1.0	2051
ENSG00000100523	15	DDHD1	1.0	2052
ENSG00000100526	15	CDKN3	1.0	2053
ENSG00000100528	15	CNIH1	1.0	2054
ENSG00000100532	15	CGRRF1	1.0	2055
ENSG00000100554	15	ATP6V1D	1.0	2056
ENSG00000100558	15	PLEK2	1.0	2057
ENSG00000100564	15	PIGH	1.0	2058
ENSG00000100567	15	PSMA3	1.0	2059
ENSG00000100568	15	VTI1B	1.0	2060
ENSG00000100575	15	TIMM9	1.0	2061
ENSG00000100577	15	GSTZ1	1.0	2062
ENSG00000100578	15	KIAA0586	1.0	2063
ENSG00000100580	15	TMED8	1.0	2064
ENSG00000100583	15	SAMD15	1.0	2065
ENSG00000100591	15	AHSA1	1.0	2066
ENSG00000100592	15	DAAM1	1.0	2067
ENSG00000100596	15	SPTLC2	1.0	2068
ENSG00000100599	15	RIN3	1.0	2069
ENSG00000100600	15	LGMN	1.0	2070
ENSG00000100601	15	ALKBH1	1.0	2071
ENSG00000100603	15	SNW1	1.0	2072
ENSG00000100604	15	CHGA	1.0	2073
ENSG00000100605	15	ITPK1	1.0	2074
ENSG00000100612	15	DHRS7	1.0	2075
ENSG00000100614	15	PPM1A	1.0	2076
ENSG00000100625	15	SIX4	1.0	2077
ENSG00000100626	15	GALNT16	1.0	2078
ENSG00000100628	15	ASB2	1.0	2079
ENSG00000100629	15	CEP128	1.0	2080
ENSG00000100632	15	ERH	1.0	2081
ENSG00000100644	15	HIF1A	1.0	2082
ENSG00000100650	15	SRSF5	1.0	2083
ENSG00000100664	15	EIF5	1.0	2084
ENSG00000100665	15	SERPINA4	1.0	2085
ENSG00000100678	15	SLC8A3	1.0	2086
ENSG00000100697	15	DICER1	1.0	2087
ENSG00000100711	15	ZFYVE21	1.0	2088
ENSG00000100714	15	MTHFD1	1.0	2089
ENSG00000100722	15	ZC3H14	1.0	2090
ENSG00000100726	15	TELO2	1.0	2091
ENSG00000100739	15	BDKRB1	1.0	2092
ENSG00000100744	15	GSKIP	1.0	2093
ENSG00000100749	15	VRK1	1.0	2094
ENSG00000100764	15	PSMC1	1.0	2095
ENSG00000100767	15	PAPLN	1.0	2096
ENSG00000100784	15	RPS6KA5	1.0	2097
ENSG00000100802	15	C14orf93	1.0	2098
ENSG00000100804	15	PSMB5	1.0	2099
ENSG00000100811	15	YY1	1.0	2100
ENSG00000100813	15	ACIN1	1.0	2101
ENSG00000100814	15	CCNB1IP1	1.0	2102
ENSG00000100815	15	TRIP11	1.0	2103
ENSG00000100823	15	APEX1	1.0	2104
ENSG00000100836	15	PABPN1	1.0	2105
ENSG00000100842	15	EFS	1.0	2106
ENSG00000100852	15	ARHGAP5	1.0	2107
ENSG00000100865	15	CINP	1.0	2108
ENSG00000100867	15	DHRS2	1.0	2109
ENSG00000100883	15	SRP54	1.0	2110
ENSG00000100888	15	CHD8	1.0	2111
ENSG00000100889	15	PCK2	1.0	2112
ENSG00000100897	15	DCAF11	1.0	2113
ENSG00000100902	15	PSMA6	1.0	2114
ENSG00000100906	15	NFKBIA	1.0	2115
ENSG00000100908	15	EMC9	1.0	2116
ENSG00000100911	15	PSME2	1.0	2117
ENSG00000100916	15	BRMS1L	1.0	2118
ENSG00000100918	15	REC8	1.0	2119
ENSG00000100934	15	SEC23A	1.0	2120
ENSG00000100938	15	GMPR2	1.0	2121
ENSG00000100941	15	PNN	1.0	2122
ENSG00000100949	15	RABGGTA	1.0	2123
ENSG00000100968	15	NFATC4	1.0	2124
ENSG00000100979	15	PLTP	1.0	2125
ENSG00000100982	15	PCIF1	1.0	2126
ENSG00000100983	15	GSS	1.0	2127
ENSG00000100985	15	MMP9	1.0	2128
ENSG00000100991	15	TRPC4AP	1.0	2129
ENSG00000100994	15	PYGB	1.0	2130
ENSG00000100997	15	ABHD12	1.0	2131
ENSG00000101000	15	PROCR	1.0	2132
ENSG00000101003	15	GINS1	1.0	2133
ENSG00000101004	15	NINL	1.0	2134
ENSG00000101017	15	CD40	1.0	2135
ENSG00000101019	15	UQCC1	1.0	2136
ENSG00000101040	15	ZMYND8	1.0	2137
ENSG00000101049	15	SGK2	1.0	2138
ENSG00000101052	15	IFT52	1.0	2139
ENSG00000101057	15	MYBL2	1.0	2140
ENSG00000101079	15	NDRG3	1.0	2141
ENSG00000101082	15	SLA2	1.0	2142
ENSG00000101096	15	NFATC2	1.0	2143
ENSG00000101104	15	PABPC1L	1.0	2144
ENSG00000101109	15	STK4	1.0	2145
ENSG00000101115	15	SALL4	1.0	2146
ENSG00000101126	15	ADNP	1.0	2147
ENSG00000101132	15	PFDN4	1.0	2148
ENSG00000101134	15	DOK5	1.0	2149
ENSG00000101138	15	CSTF1	1.0	2150
ENSG00000101144	15	BMP7	1.0	2151
ENSG00000101146	15	RAE1	1.0	2152
ENSG00000101150	15	TPD52L2	1.0	2153
ENSG00000101152	15	DNAJC5	1.0	2154
ENSG00000101158	15	NELFCD	1.0	2155
ENSG00000101160	15	CTSZ	1.0	2156
ENSG00000101161	15	PRPF6	1.0	2157
ENSG00000101181	15	MTG2	1.0	2158
ENSG00000101182	15	PSMA7	1.0	2159
ENSG00000101187	15	SLCO4A1	1.0	2160
ENSG00000101189	15	MRGBP	1.0	2161
ENSG00000101190	15	TCFL5	1.0	2162
ENSG00000101191	15	DIDO1	1.0	2163
ENSG00000101193	15	GID8	1.0	2164
ENSG00000101194	15	SLC17A9	1.0	2165
ENSG00000101199	15	ARFGAP1	1.0	2166
ENSG00000101210	15	EEF1A2	1.0	2167
ENSG00000101213	15	PTK6	1.0	2168
ENSG00000101216	15	GMEB2	1.0	2169
ENSG00000101220	15	ADISSP	1.0	2170
ENSG00000101222	15	SPEF1	1.0	2171
ENSG00000101224	15	CDC25B	1.0	2172
ENSG00000101230	15	ISM1	1.0	2173
ENSG00000101236	15	RNF24	1.0	2174
ENSG00000101246	15	ARFRP1	1.0	2175
ENSG00000101247	15	NDUFAF5	1.0	2176
ENSG00000101251	15	SEL1L2	1.0	2177
ENSG00000101255	15	TRIB3	1.0	2178
ENSG00000101265	15	RASSF2	1.0	2179
ENSG00000101266	15	CSNK2A1	1.0	2180
ENSG00000101276	15	SLC52A3	1.0	2181
ENSG00000101280	15	ANGPT4	1.0	2182
ENSG00000101282	15	RSPO4	1.0	2183
ENSG00000101290	15	CDS2	1.0	2184
ENSG00000101294	15	HM13	1.0	2185
ENSG00000101298	15	SNPH	1.0	2186
ENSG00000101310	15	SEC23B	1.0	2187
ENSG00000101311	15	FERMT1	1.0	2188
ENSG00000101331	15	CCM2L	1.0	2189
ENSG00000101333	15	PLCB4	1.0	2190
ENSG00000101335	15	MYL9	1.0	2191
ENSG00000101336	15	HCK	1.0	2192
ENSG00000101337	15	TM9SF4	1.0	2193
ENSG00000101343	15	CRNKL1	1.0	2194
ENSG00000101346	15	POFUT1	1.0	2195
ENSG00000101347	15	SAMHD1	1.0	2196
ENSG00000101350	15	KIF3B	1.0	2197
ENSG00000101353	15	MROH8	1.0	2198
ENSG00000101361	15	NOP56	1.0	2199
ENSG00000101363	15	MANBAL	1.0	2200
ENSG00000101365	15	IDH3B	1.0	2201
ENSG00000101367	15	MAPRE1	1.0	2202
ENSG00000101384	15	JAG1	1.0	2203
ENSG00000101391	15	CDK5RAP1	1.0	2204
ENSG00000101400	15	SNTA1	1.0	2205
ENSG00000101405	15	OXT	1.0	2206
ENSG00000101407	15	TTI1	1.0	2207
ENSG00000101412	15	E2F1	1.0	2208
ENSG00000101413	15	RPRD1B	1.0	2209
ENSG00000101417	15	PXMP4	1.0	2210
ENSG00000101421	15	CHMP4B	1.0	2211
ENSG00000101425	15	BPI	1.0	2212
ENSG00000101439	15	CST3	1.0	2213
ENSG00000101440	15	ASIP	1.0	2214
ENSG00000101442	15	ACTR5	1.0	2215
ENSG00000101443	15	WFDC2	1.0	2216
ENSG00000101444	15	AHCY	1.0	2217
ENSG00000101445	15	PPP1R16B	1.0	2218
ENSG00000101446	15	SPINT3	1.0	2219
ENSG00000101447	15	FAM83D	1.0	2220
ENSG00000101452	15	DHX35	1.0	2221
ENSG00000101457	15	DNTTIP1	1.0	2222
ENSG00000101460	15	MAP1LC3A	1.0	2223
ENSG00000101463	15	SYNDIG1	1.0	2224
ENSG00000101464	15	PIGU	1.0	2225
ENSG00000101470	15	TNNC2	1.0	2226
ENSG00000101473	15	ACOT8	1.0	2227
ENSG00000101474	15	APMAP	1.0	2228
ENSG00000101489	15	CELF4	1.0	2229
ENSG00000101493	15	ZNF516	1.0	2230
ENSG00000101542	15	CDH20	1.0	2231
ENSG00000101544	15	ADNP2	1.0	2232
ENSG00000101557	15	USP14	1.0	2233
ENSG00000101558	15	VAPA	1.0	2234
ENSG00000101574	15	METTL4	1.0	2235
ENSG00000101577	15	LPIN2	1.0	2236
ENSG00000101596	15	SMCHD1	1.0	2237
ENSG00000101605	15	MYOM1	1.0	2238
ENSG00000101608	15	MYL12A	1.0	2239
ENSG00000101624	15	CEP76	1.0	2240
ENSG00000101639	15	CEP192	1.0	2241
ENSG00000101654	15	RNMT	1.0	2242
ENSG00000101665	15	SMAD7	1.0	2243
ENSG00000101670	15	LIPG	1.0	2244
ENSG00000101680	15	LAMA1	1.0	2245
ENSG00000101695	15	RNF125	1.0	2246
ENSG00000101745	15	ANKRD12	1.0	2247
ENSG00000101746	15	NOL4	1.0	2248
ENSG00000101751	15	POLI	1.0	2249
ENSG00000101752	15	MIB1	1.0	2250
ENSG00000101773	15	RBBP8	1.0	2251
ENSG00000101782	15	RIOK3	1.0	2252
ENSG00000101811	15	CSTF2	1.0	2253
ENSG00000101825	15	MXRA5	1.0	2254
ENSG00000101842	15	VSIG1	1.0	2255
ENSG00000101843	15	PSMD10	1.0	2256
ENSG00000101844	15	ATG4A	1.0	2257
ENSG00000101846	15	STS	1.0	2258
ENSG00000101849	15	TBL1X	1.0	2259
ENSG00000101850	15	GPR143	1.0	2260
ENSG00000101856	15	PGRMC1	1.0	2261
ENSG00000101868	15	POLA1	1.0	2262
ENSG00000101871	15	MID1	1.0	2263
ENSG00000101882	15	NKAP	1.0	2264
ENSG00000101883	15	RHOXF1	1.0	2265
ENSG00000101888	15	NXT2	1.0	2266
ENSG00000101901	15	ALG13	1.0	2267
ENSG00000101911	15	PRPS2	1.0	2268
ENSG00000101928	15	MOSPD1	1.0	2269
ENSG00000101935	15	AMMECR1	1.0	2270
ENSG00000101938	15	CHRDL1	1.0	2271
ENSG00000101940	15	WDR13	1.0	2272
ENSG00000101945	15	SUV39H1	1.0	2273
ENSG00000101955	15	SRPX	1.0	2274
ENSG00000101966	15	XIAP	1.0	2275
ENSG00000101972	15	STAG2	1.0	2276
ENSG00000101974	15	ATP11C	1.0	2277
ENSG00000101986	15	ABCD1	1.0	2278
ENSG00000101997	15	CCDC22	1.0	2279
ENSG00000102001	15	CACNA1F	1.0	2280
ENSG00000102003	15	SYP	1.0	2281
ENSG00000102007	15	PLP2	1.0	2282
ENSG00000102010	15	BMX	1.0	2283
ENSG00000102024	15	PLS3	1.0	2284
ENSG00000102030	15	NAA10	1.0	2285
ENSG00000102032	15	RENBP	1.0	2286
ENSG00000102034	15	ELF4	1.0	2287
ENSG00000102038	15	SMARCA1	1.0	2288
ENSG00000102043	15	MTMR8	1.0	2289
ENSG00000102048	15	ASB9	1.0	2290
ENSG00000102053	15	ZC3H12B	1.0	2291
ENSG00000102054	15	RBBP7	1.0	2292
ENSG00000102057	15	KCND1	1.0	2293
ENSG00000102078	15	SLC25A14	1.0	2294
ENSG00000102081	15	FMR1	1.0	2295
ENSG00000102096	15	PIM2	1.0	2296
ENSG00000102098	15	SCML2	1.0	2297
ENSG00000102100	15	SLC35A2	1.0	2298
ENSG00000102103	15	PQBP1	1.0	2299
ENSG00000102109	15	PCSK1N	1.0	2300
ENSG00000102119	15	EMD	1.0	2301
ENSG00000102144	15	PGK1	1.0	2302
ENSG00000102158	15	MAGT1	1.0	2303
ENSG00000102172	15	SMS	1.0	2304
ENSG00000102174	15	PHEX	1.0	2305
ENSG00000102178	15	UBL4A	1.0	2306
ENSG00000102181	15	CD99L2	1.0	2307
ENSG00000102189	15	EEA1	1.0	2308
ENSG00000102218	15	RP2	1.0	2309
ENSG00000102221	15	JADE3	1.0	2310
ENSG00000102225	15	CDK16	1.0	2311
ENSG00000102226	15	USP11	1.0	2312
ENSG00000102230	15	PCYT1B	1.0	2313
ENSG00000102241	15	HTATSF1	1.0	2314
ENSG00000102243	15	VGLL1	1.0	2315
ENSG00000102245	15	CD40LG	1.0	2316
ENSG00000102265	15	TIMP1	1.0	2317
ENSG00000102271	15	KLHL4	1.0	2318
ENSG00000102287	15	GABRE	1.0	2319
ENSG00000102290	15	PCDH11X	1.0	2320
ENSG00000102302	15	FGD1	1.0	2321
ENSG00000102309	15	PIN4	1.0	2322
ENSG00000102312	15	PORCN	1.0	2323
ENSG00000102313	15	ITIH6	1.0	2324
ENSG00000102316	15	MAGED2	1.0	2325
ENSG00000102317	15	RBM3	1.0	2326
ENSG00000102349	15	KLF8	1.0	2327
ENSG00000102359	15	SRPX2	1.0	2328
ENSG00000102362	15	SYTL4	1.0	2329
ENSG00000102383	15	ZDHHC15	1.0	2330
ENSG00000102384	15	CENPI	1.0	2331
ENSG00000102387	15	TAF7L	1.0	2332
ENSG00000102390	15	PBDC1	1.0	2333
ENSG00000102393	15	GLA	1.0	2334
ENSG00000102401	15	ARMCX3	1.0	2335
ENSG00000102409	15	BEX4	1.0	2336
ENSG00000102452	15	NALCN	1.0	2337
ENSG00000102466	15	FGF14	1.0	2338
ENSG00000102468	15	HTR2A	1.0	2339
ENSG00000102471	15	NDFIP2	1.0	2340
ENSG00000102524	15	TNFSF13B	1.0	2341
ENSG00000102531	15	FNDC3A	1.0	2342
ENSG00000102543	15	CDADC1	1.0	2343
ENSG00000102547	15	CAB39L	1.0	2344
ENSG00000102554	15	KLF5	1.0	2345
ENSG00000102572	15	STK24	1.0	2346
ENSG00000102575	15	ACP5	1.0	2347
ENSG00000102580	15	DNAJC3	1.0	2348
ENSG00000102595	15	UGGT2	1.0	2349
ENSG00000102606	15	ARHGEF7	1.0	2350
ENSG00000102678	15	FGF9	1.0	2351
ENSG00000102699	15	PARP4	1.0	2352
ENSG00000102710	15	SUPT20H	1.0	2353
ENSG00000102738	15	MRPS31	1.0	2354
ENSG00000102743	15	SLC25A15	1.0	2355
ENSG00000102753	15	KPNA3	1.0	2356
ENSG00000102755	15	FLT1	1.0	2357
ENSG00000102760	15	RGCC	1.0	2358
ENSG00000102763	15	VWA8	1.0	2359
ENSG00000102780	15	DGKH	1.0	2360
ENSG00000102781	15	KATNAL1	1.0	2361
ENSG00000102786	15	INTS6	1.0	2362
ENSG00000102802	15	MEDAG	1.0	2363
ENSG00000102804	15	TSC22D1	1.0	2364
ENSG00000102805	15	CLN5	1.0	2365
ENSG00000102837	15	OLFM4	1.0	2366
ENSG00000102854	15	MSLN	1.0	2367
ENSG00000102858	15	MGRN1	1.0	2368
ENSG00000102870	15	ZNF629	1.0	2369
ENSG00000102871	15	TRADD	1.0	2370
ENSG00000102878	15	HSF4	1.0	2371
ENSG00000102879	15	CORO1A	1.0	2372
ENSG00000102882	15	MAPK3	1.0	2373
ENSG00000102886	15	GDPD3	1.0	2374
ENSG00000102890	15	ELMO3	1.0	2375
ENSG00000102893	15	PHKB	1.0	2376
ENSG00000102897	15	LYRM1	1.0	2377
ENSG00000102898	15	NUTF2	1.0	2378
ENSG00000102900	15	NUP93	1.0	2379
ENSG00000102901	15	CENPT	1.0	2380
ENSG00000102904	15	TSNAXIP1	1.0	2381
ENSG00000102908	15	NFAT5	1.0	2382
ENSG00000102910	15	LONP2	1.0	2383
ENSG00000102921	15	N4BP1	1.0	2384
ENSG00000102924	15	CBLN1	1.0	2385
ENSG00000102931	15	ARL2BP	1.0	2386
ENSG00000102934	15	PLLP	1.0	2387
ENSG00000102935	15	ZNF423	1.0	2388
ENSG00000102962	15	CCL22	1.0	2389
ENSG00000102967	15	DHODH	1.0	2390
ENSG00000102970	15	CCL17	1.0	2391
ENSG00000102974	15	CTCF	1.0	2392
ENSG00000102977	15	ACD	1.0	2393
ENSG00000102978	15	POLR2C	1.0	2394
ENSG00000102981	15	PARD6A	1.0	2395
ENSG00000102984	15	ZNF821	1.0	2396
ENSG00000102996	15	MMP15	1.0	2397
ENSG00000103005	15	USB1	1.0	2398
ENSG00000103018	15	CYB5B	1.0	2399
ENSG00000103021	15	CFAP263	1.0	2400
ENSG00000103024	15	NME3	1.0	2401
ENSG00000103034	15	NDRG4	1.0	2402
ENSG00000103035	15	PSMD7	1.0	2403
ENSG00000103037	15	SETD6	1.0	2404
ENSG00000103042	15	SLC38A7	1.0	2405
ENSG00000103043	15	VAC14	1.0	2406
ENSG00000103044	15	HAS3	1.0	2407
ENSG00000103047	15	TANGO6	1.0	2408
ENSG00000103051	15	COG4	1.0	2409
ENSG00000103056	15	SMPD3	1.0	2410
ENSG00000103061	15	SLC7A6OS	1.0	2411
ENSG00000103064	15	SLC7A6	1.0	2412
ENSG00000103066	15	PLA2G15	1.0	2413
ENSG00000103067	15	ESRP2	1.0	2414
ENSG00000103089	15	FA2H	1.0	2415
ENSG00000103091	15	WDR59	1.0	2416
ENSG00000103111	15	MON1B	1.0	2417
ENSG00000103121	15	CMC2	1.0	2418
ENSG00000103126	15	AXIN1	1.0	2419
ENSG00000103145	15	HCFC1R1	1.0	2420
ENSG00000103148	15	NPRL3	1.0	2421
ENSG00000103150	15	MLYCD	1.0	2422
ENSG00000103152	15	MPG	1.0	2423
ENSG00000103154	15	NECAB2	1.0	2424
ENSG00000103160	15	HSDL1	1.0	2425
ENSG00000103168	15	TAF1C	1.0	2426
ENSG00000103174	15	NAGPA	1.0	2427
ENSG00000103175	15	WFDC1	1.0	2428
ENSG00000103187	15	COTL1	1.0	2429
ENSG00000103194	15	USP10	1.0	2430
ENSG00000103196	15	CRISPLD2	1.0	2431
ENSG00000103197	15	TSC2	1.0	2432
ENSG00000103199	15	ZNF500	1.0	2433
ENSG00000103202	15	NME4	1.0	2434
ENSG00000103222	15	ABCC1	1.0	2435
ENSG00000103226	15	NOMO3	1.0	2436
ENSG00000103227	15	LMF1	1.0	2437
ENSG00000103241	15	FOXF1	1.0	2438
ENSG00000103248	15	MTHFSD	1.0	2439
ENSG00000103249	15	CLCN7	1.0	2440
ENSG00000103253	15	HAGHL	1.0	2441
ENSG00000103257	15	SLC7A5	1.0	2442
ENSG00000103260	15	METRN	1.0	2443
ENSG00000103264	15	FBXO31	1.0	2444
ENSG00000103266	15	STUB1	1.0	2445
ENSG00000103269	15	RHBDL1	1.0	2446
ENSG00000103274	15	NUBP1	1.0	2447
ENSG00000103275	15	UBE2I	1.0	2448
ENSG00000103313	15	MEFV	1.0	2449
ENSG00000103316	15	CRYM	1.0	2450
ENSG00000103319	15	EEF2K	1.0	2451
ENSG00000103326	15	CAPN15	1.0	2452
ENSG00000103335	15	PIEZO1	1.0	2453
ENSG00000103342	15	GSPT1	1.0	2454
ENSG00000103351	15	CLUAP1	1.0	2455
ENSG00000103353	15	UBFD1	1.0	2456
ENSG00000103355	15	PRSS33	1.0	2457
ENSG00000103356	15	EARS2	1.0	2458
ENSG00000103365	15	GGA2	1.0	2459
ENSG00000103375	15	AQP8	1.0	2460
ENSG00000103381	15	CPPED1	1.0	2461
ENSG00000103404	15	USP31	1.0	2462
ENSG00000103415	15	HMOX2	1.0	2463
ENSG00000103423	15	DNAJA3	1.0	2464
ENSG00000103429	15	BFAR	1.0	2465
ENSG00000103449	15	SALL1	1.0	2466
ENSG00000103460	15	TOX3	1.0	2467
ENSG00000103479	15	RBL2	1.0	2468
ENSG00000103485	15	QPRT	1.0	2469
ENSG00000103489	15	XYLT1	1.0	2470
ENSG00000103490	15	PYCARD	1.0	2471
ENSG00000103494	15	RPGRIP1L	1.0	2472
ENSG00000103495	15	MAZ	1.0	2473
ENSG00000103496	15	STX4	1.0	2474
ENSG00000103502	15	CDIPT	1.0	2475
ENSG00000103507	15	BCKDK	1.0	2476
ENSG00000103510	15	KAT8	1.0	2477
ENSG00000103512	15	NOMO1	1.0	2478
ENSG00000103522	15	IL21R	1.0	2479
ENSG00000103528	15	SYT17	1.0	2480
ENSG00000103534	15	TMC5	1.0	2481
ENSG00000103540	15	CCP110	1.0	2482
ENSG00000103546	15	SLC6A2	1.0	2483
ENSG00000103549	15	RNF40	1.0	2484
ENSG00000103550	15	KNOP1	1.0	2485
ENSG00000103569	15	AQP9	1.0	2486
ENSG00000103591	15	AAGAB	1.0	2487
ENSG00000103599	15	IQCH	1.0	2488
ENSG00000103642	15	LACTB	1.0	2489
ENSG00000103647	15	CORO2B	1.0	2490
ENSG00000103653	15	CSK	1.0	2491
ENSG00000103657	15	HERC1	1.0	2492
ENSG00000103671	15	TRIP4	1.0	2493
ENSG00000103707	15	MTFMT	1.0	2494
ENSG00000103710	15	RASL12	1.0	2495
ENSG00000103723	15	AP3B2	1.0	2496
ENSG00000103740	15	ACSBG1	1.0	2497
ENSG00000103742	15	IGDCC4	1.0	2498
ENSG00000103769	15	RAB11A	1.0	2499
ENSG00000103811	15	CTSH	1.0	2500
ENSG00000103852	15	TTC23	1.0	2501
ENSG00000103855	15	CD276	1.0	2502
ENSG00000103876	15	FAH	1.0	2503
ENSG00000103932	15	RPAP1	1.0	2504
ENSG00000103942	15	HOMER2	1.0	2505
ENSG00000103966	15	EHD4	1.0	2506
ENSG00000103978	15	TMEM87A	1.0	2507
ENSG00000103994	15	ZNF106	1.0	2508
ENSG00000103995	15	CEP152	1.0	2509
ENSG00000104043	15	ATP8B4	1.0	2510
ENSG00000104044	15	OCA2	1.0	2511
ENSG00000104047	15	DTWD1	1.0	2512
ENSG00000104055	15	TGM5	1.0	2513
ENSG00000104064	15	GABPB1	1.0	2514
ENSG00000104067	15	TJP1	1.0	2515
ENSG00000104081	15	BMF	1.0	2516
ENSG00000104093	15	DMXL2	1.0	2517
ENSG00000104112	15	SCG3	1.0	2518
ENSG00000104129	15	DNAJC17	1.0	2519
ENSG00000104131	15	EIF3J	1.0	2520
ENSG00000104133	15	SPG11	1.0	2521
ENSG00000104140	15	RHOV	1.0	2522
ENSG00000104142	15	VPS18	1.0	2523
ENSG00000104147	15	OIP5	1.0	2524
ENSG00000104154	15	SLC30A4	1.0	2525
ENSG00000104164	15	BLOC1S6	1.0	2526
ENSG00000104177	15	MYEF2	1.0	2527
ENSG00000104205	15	SGK3	1.0	2528
ENSG00000104213	15	PDGFRL	1.0	2529
ENSG00000104218	15	CSPP1	1.0	2530
ENSG00000104219	15	ZDHHC2	1.0	2531
ENSG00000104221	15	BRF2	1.0	2532
ENSG00000104228	15	TRIM35	1.0	2533
ENSG00000104231	15	ZFAND1	1.0	2534
ENSG00000104237	15	RP1	1.0	2535
ENSG00000104267	15	CA2	1.0	2536
ENSG00000104290	15	FZD3	1.0	2537
ENSG00000104299	15	INTS9	1.0	2538
ENSG00000104312	15	RIPK2	1.0	2539
ENSG00000104313	15	EYA1	1.0	2540
ENSG00000104320	15	NBN	1.0	2541
ENSG00000104324	15	CPQ	1.0	2542
ENSG00000104325	15	DECR1	1.0	2543
ENSG00000104332	15	SFRP1	1.0	2544
ENSG00000104341	15	LAPTM4B	1.0	2545
ENSG00000104343	15	UBE2W	1.0	2546
ENSG00000104356	15	POP1	1.0	2547
ENSG00000104361	15	NIPAL2	1.0	2548
ENSG00000104365	15	IKBKB	1.0	2549
ENSG00000104368	15	PLAT	1.0	2550
ENSG00000104369	15	JPH1	1.0	2551
ENSG00000104371	15	DKK4	1.0	2552
ENSG00000104375	15	STK3	1.0	2553
ENSG00000104381	15	GDAP1	1.0	2554
ENSG00000104388	15	RAB2A	1.0	2555
ENSG00000104408	15	EIF3E	1.0	2556
ENSG00000104412	15	EMC2	1.0	2557
ENSG00000104413	15	ESRP1	1.0	2558
ENSG00000104419	15	NDRG1	1.0	2559
ENSG00000104427	15	ZC2HC1A	1.0	2560
ENSG00000104432	15	IL7	1.0	2561
ENSG00000104442	15	ARMC1	1.0	2562
ENSG00000104447	15	TRPS1	1.0	2563
ENSG00000104450	15	SPAG1	1.0	2564
ENSG00000104472	15	CHRAC1	1.0	2565
ENSG00000104490	15	NCALD	1.0	2566
ENSG00000104497	15	SNX16	1.0	2567
ENSG00000104517	15	UBR5	1.0	2568
ENSG00000104518	15	GSDMD	1.0	2569
ENSG00000104529	15	EEF1D	1.0	2570
ENSG00000104537	15	ANXA13	1.0	2571
ENSG00000104549	15	SQLE	1.0	2572
ENSG00000104611	15	SH2D4A	1.0	2573
ENSG00000104613	15	INTS10	1.0	2574
ENSG00000104626	15	ERI1	1.0	2575
ENSG00000104635	15	SLC39A14	1.0	2576
ENSG00000104643	15	MTMR9	1.0	2577
ENSG00000104660	15	LEPROTL1	1.0	2578
ENSG00000104671	15	DCTN6	1.0	2579
ENSG00000104679	15	R3HCC1	1.0	2580
ENSG00000104687	15	GSR	1.0	2581
ENSG00000104689	15	TNFRSF10A	1.0	2582
ENSG00000104695	15	PPP2CB	1.0	2583
ENSG00000104714	15	ERICH1	1.0	2584
ENSG00000104722	15	NEFM	1.0	2585
ENSG00000104723	15	TUSC3	1.0	2586
ENSG00000104728	15	ARHGEF10	1.0	2587
ENSG00000104731	15	KLHDC4	1.0	2588
ENSG00000104738	15	MCM4	1.0	2589
ENSG00000104756	15	KCTD9	1.0	2590
ENSG00000104760	15	FGL1	1.0	2591
ENSG00000104763	15	ASAH1	1.0	2592
ENSG00000104765	15	BNIP3L	1.0	2593
ENSG00000104774	15	MAN2B1	1.0	2594
ENSG00000104783	15	KCNN4	1.0	2595
ENSG00000104804	15	TULP2	1.0	2596
ENSG00000104805	15	NUCB1	1.0	2597
ENSG00000104808	15	DHDH	1.0	2598
ENSG00000104812	15	GYS1	1.0	2599
ENSG00000104814	15	MAP4K1	1.0	2600
ENSG00000104823	15	ECH1	1.0	2601
ENSG00000104824	15	HNRNPL	1.0	2602
ENSG00000104825	15	NFKBIB	1.0	2603
ENSG00000104826	15	LHB	1.0	2604
ENSG00000104833	15	TUBB4A	1.0	2605
ENSG00000104835	15	SARS2	1.0	2606
ENSG00000104848	15	KCNA7	1.0	2607
ENSG00000104852	15	SNRNP70	1.0	2608
ENSG00000104853	15	CLPTM1	1.0	2609
ENSG00000104856	15	RELB	1.0	2610
ENSG00000104859	15	CLASRP	1.0	2611
ENSG00000104863	15	LIN7B	1.0	2612
ENSG00000104870	15	FCGRT	1.0	2613
ENSG00000104872	15	PIH1D1	1.0	2614
ENSG00000104881	15	PPP1R13L	1.0	2615
ENSG00000104883	15	PEX11G	1.0	2616
ENSG00000104884	15	ERCC2	1.0	2617
ENSG00000104885	15	DOT1L	1.0	2618
ENSG00000104886	15	PLEKHJ1	1.0	2619
ENSG00000104888	15	SLC17A7	1.0	2620
ENSG00000104889	15	RNASEH2A	1.0	2621
ENSG00000104892	15	KLC3	1.0	2622
ENSG00000104894	15	CD37	1.0	2623
ENSG00000104897	15	SF3A2	1.0	2624
ENSG00000104899	15	AMH	1.0	2625
ENSG00000104901	15	DKKL1	1.0	2626
ENSG00000104903	15	LYL1	1.0	2627
ENSG00000104904	15	OAZ1	1.0	2628
ENSG00000104907	15	TRMT1	1.0	2629
ENSG00000104915	15	STX10	1.0	2630
ENSG00000104921	15	FCER2	1.0	2631
ENSG00000104936	15	DMPK	1.0	2632
ENSG00000104946	15	TBC1D17	1.0	2633
ENSG00000104951	15	IL4I1	1.0	2634
ENSG00000104953	15	TLE6	1.0	2635
ENSG00000104960	15	PTOV1	1.0	2636
ENSG00000104967	15	NOVA2	1.0	2637
ENSG00000104969	15	SGTA	1.0	2638
ENSG00000104972	15	LILRB1	1.0	2639
ENSG00000104973	15	MED25	1.0	2640
ENSG00000104976	15	SNAPC2	1.0	2641
ENSG00000104979	15	C19orf53	1.0	2642
ENSG00000104980	15	TIMM44	1.0	2643
ENSG00000104983	15	CCDC61	1.0	2644
ENSG00000104998	15	IL27RA	1.0	2645
ENSG00000105011	15	ASF1B	1.0	2646
ENSG00000105048	15	TNNT1	1.0	2647
ENSG00000105053	15	VRK3	1.0	2648
ENSG00000105058	15	FAM32A	1.0	2649
ENSG00000105063	15	PPP6R1	1.0	2650
ENSG00000105072	15	C19orf44	1.0	2651
ENSG00000105088	15	OLFM2	1.0	2652
ENSG00000105122	15	RASAL3	1.0	2653
ENSG00000105127	15	AKAP8	1.0	2654
ENSG00000105131	15	EPHX3	1.0	2655
ENSG00000105135	15	ILVBL	1.0	2656
ENSG00000105137	15	SYDE1	1.0	2657
ENSG00000105146	15	AURKC	1.0	2658
ENSG00000105171	15	POP4	1.0	2659
ENSG00000105173	15	CCNE1	1.0	2660
ENSG00000105176	15	URI1	1.0	2661
ENSG00000105185	15	PDCD5	1.0	2662
ENSG00000105186	15	ANKRD27	1.0	2663
ENSG00000105193	15	RPS16	1.0	2664
ENSG00000105197	15	TIMM50	1.0	2665
ENSG00000105202	15	FBL	1.0	2666
ENSG00000105204	15	DYRK1B	1.0	2667
ENSG00000105220	15	GPI	1.0	2668
ENSG00000105221	15	AKT2	1.0	2669
ENSG00000105223	15	PLD3	1.0	2670
ENSG00000105227	15	PRX	1.0	2671
ENSG00000105229	15	PIAS4	1.0	2672
ENSG00000105245	15	NUMBL	1.0	2673
ENSG00000105246	15	EBI3	1.0	2674
ENSG00000105254	15	TBCB	1.0	2675
ENSG00000105255	15	FSD1	1.0	2676
ENSG00000105258	15	POLR2I	1.0	2677
ENSG00000105270	15	CLIP3	1.0	2678
ENSG00000105278	15	ZFR2	1.0	2679
ENSG00000105281	15	SLC1A5	1.0	2680
ENSG00000105287	15	PRKD2	1.0	2681
ENSG00000105289	15	TJP3	1.0	2682
ENSG00000105290	15	APLP1	1.0	2683
ENSG00000105298	15	CACTIN	1.0	2684
ENSG00000105321	15	CCDC9	1.0	2685
ENSG00000105323	15	HNRNPUL1	1.0	2686
ENSG00000105325	15	FZR1	1.0	2687
ENSG00000105327	15	BBC3	1.0	2688
ENSG00000105329	15	TGFB1	1.0	2689
ENSG00000105339	15	DENND3	1.0	2690
ENSG00000105355	15	PLIN3	1.0	2691
ENSG00000105357	15	MYH14	1.0	2692
ENSG00000105364	15	MRPL4	1.0	2693
ENSG00000105369	15	CD79A	1.0	2694
ENSG00000105371	15	ICAM4	1.0	2695
ENSG00000105372	15	RPS19	1.0	2696
ENSG00000105374	15	NKG7	1.0	2697
ENSG00000105376	15	ICAM5	1.0	2698
ENSG00000105379	15	ETFB	1.0	2699
ENSG00000105383	15	CD33	1.0	2700
ENSG00000105388	15	CEACAM5	1.0	2701
ENSG00000105392	15	CRX	1.0	2702
ENSG00000105393	15	BABAM1	1.0	2703
ENSG00000105397	15	TYK2	1.0	2704
ENSG00000105401	15	CDC37	1.0	2705
ENSG00000105402	15	NAPA	1.0	2706
ENSG00000105404	15	RABAC1	1.0	2707
ENSG00000105409	15	ATP1A3	1.0	2708
ENSG00000105419	15	MEIS3	1.0	2709
ENSG00000105426	15	PTPRS	1.0	2710
ENSG00000105427	15	CNFN	1.0	2711
ENSG00000105429	15	MEGF8	1.0	2712
ENSG00000105438	15	KDELR1	1.0	2713
ENSG00000105443	15	CYTH2	1.0	2714
ENSG00000105447	15	GRWD1	1.0	2715
ENSG00000105464	15	GRIN2D	1.0	2716
ENSG00000105467	15	SYNGR4	1.0	2717
ENSG00000105472	15	CLEC11A	1.0	2718
ENSG00000105483	15	CARD8	1.0	2719
ENSG00000105486	15	LIG1	1.0	2720
ENSG00000105497	15	ZNF175	1.0	2721
ENSG00000105499	15	PLA2G4C	1.0	2722
ENSG00000105509	15	HAS1	1.0	2723
ENSG00000105514	15	RAB3D	1.0	2724
ENSG00000105516	15	DBP	1.0	2725
ENSG00000105518	15	TMEM205	1.0	2726
ENSG00000105523	15	FAM83E	1.0	2727
ENSG00000105538	15	RASIP1	1.0	2728
ENSG00000105549	15	SPMAP2	1.0	2729
ENSG00000105552	15	BCAT2	1.0	2730
ENSG00000105556	15	MIER2	1.0	2731
ENSG00000105559	15	PLEKHA4	1.0	2732
ENSG00000105568	15	PPP2R1A	1.0	2733
ENSG00000105576	15	TNPO2	1.0	2734
ENSG00000105583	15	WDR83OS	1.0	2735
ENSG00000105607	15	GCDH	1.0	2736
ENSG00000105609	15	LILRB5	1.0	2737
ENSG00000105612	15	DNASE2	1.0	2738
ENSG00000105613	15	MAST1	1.0	2739
ENSG00000105617	15	LENG1	1.0	2740
ENSG00000105618	15	PRPF31	1.0	2741
ENSG00000105619	15	TFPT	1.0	2742
ENSG00000105639	15	JAK3	1.0	2743
ENSG00000105640	15	RPL18A	1.0	2744
ENSG00000105641	15	SLC5A5	1.0	2745
ENSG00000105642	15	KCNN1	1.0	2746
ENSG00000105643	15	ARRDC2	1.0	2747
ENSG00000105649	15	RAB3A	1.0	2748
ENSG00000105655	15	ISYNA1	1.0	2749
ENSG00000105656	15	ELL	1.0	2750
ENSG00000105662	15	CRTC1	1.0	2751
ENSG00000105664	15	COMP	1.0	2752
ENSG00000105668	15	UPK1A	1.0	2753
ENSG00000105669	15	COPE	1.0	2754
ENSG00000105671	15	DDX49	1.0	2755
ENSG00000105672	15	ETV2	1.0	2756
ENSG00000105676	15	ARMC6	1.0	2757
ENSG00000105677	15	TMEM147	1.0	2758
ENSG00000105695	15	MAG	1.0	2759
ENSG00000105696	15	TMEM59L	1.0	2760
ENSG00000105697	15	HAMP	1.0	2761
ENSG00000105698	15	USF2	1.0	2762
ENSG00000105699	15	LSR	1.0	2763
ENSG00000105700	15	KXD1	1.0	2764
ENSG00000105701	15	FKBP8	1.0	2765
ENSG00000105705	15	SUGP1	1.0	2766
ENSG00000105707	15	HPN	1.0	2767
ENSG00000105708	15	ZNF14	1.0	2768
ENSG00000105711	15	SCN1B	1.0	2769
ENSG00000105717	15	PBX4	1.0	2770
ENSG00000105722	15	ERF	1.0	2771
ENSG00000105723	15	GSK3A	1.0	2772
ENSG00000105726	15	ATP13A1	1.0	2773
ENSG00000105732	15	ZNF574	1.0	2774
ENSG00000105737	15	GRIK5	1.0	2775
ENSG00000105738	15	SIPA1L3	1.0	2776
ENSG00000105750	15	ZNF85	1.0	2777
ENSG00000105755	15	ETHE1	1.0	2778
ENSG00000105767	15	CADM4	1.0	2779
ENSG00000105771	15	SMG9	1.0	2780
ENSG00000105778	15	AVL9	1.0	2781
ENSG00000105784	15	RUNDC3B	1.0	2782
ENSG00000105793	15	GTPBP10	1.0	2783
ENSG00000105810	15	CDK6	1.0	2784
ENSG00000105819	15	PMPCB	1.0	2785
ENSG00000105821	15	DNAJC2	1.0	2786
ENSG00000105825	15	TFPI2	1.0	2787
ENSG00000105829	15	BET1	1.0	2788
ENSG00000105835	15	NAMPT	1.0	2789
ENSG00000105851	15	PIK3CG	1.0	2790
ENSG00000105852	15	PON3	1.0	2791
ENSG00000105854	15	PON2	1.0	2792
ENSG00000105855	15	ITGB8	1.0	2793
ENSG00000105856	15	HBP1	1.0	2794
ENSG00000105865	15	DUS4L	1.0	2795
ENSG00000105866	15	SP4	1.0	2796
ENSG00000105875	15	WDR91	1.0	2797
ENSG00000105877	15	DNAH11	1.0	2798
ENSG00000105879	15	CBLL1	1.0	2799
ENSG00000105880	15	DLX5	1.0	2800
ENSG00000105887	15	MTPN	1.0	2801
ENSG00000105889	15	STEAP1B	1.0	2802
ENSG00000105894	15	PTN	1.0	2803
ENSG00000105929	15	ATP6V0A4	1.0	2804
ENSG00000105939	15	ZC3HAV1	1.0	2805
ENSG00000105948	15	IFT56	1.0	2806
ENSG00000105953	15	OGDH	1.0	2807
ENSG00000105963	15	ADAP1	1.0	2808
ENSG00000105967	15	TFEC	1.0	2809
ENSG00000105971	15	CAV2	1.0	2810
ENSG00000105974	15	CAV1	1.0	2811
ENSG00000105976	15	MET	1.0	2812
ENSG00000105982	15	RNF32	1.0	2813
ENSG00000105983	15	LMBR1	1.0	2814
ENSG00000105989	15	WNT2	1.0	2815
ENSG00000105991	15	HOXA1	1.0	2816
ENSG00000105993	15	DNAJB6	1.0	2817
ENSG00000105996	15	HOXA2	1.0	2818
ENSG00000105997	15	HOXA3	1.0	2819
ENSG00000106003	15	LFNG	1.0	2820
ENSG00000106009	15	BRAT1	1.0	2821
ENSG00000106012	15	IQCE	1.0	2822
ENSG00000106013	15	ANKRD7	1.0	2823
ENSG00000106018	15	VIPR2	1.0	2824
ENSG00000106025	15	TSPAN12	1.0	2825
ENSG00000106028	15	SSBP1	1.0	2826
ENSG00000106034	15	CPED1	1.0	2827
ENSG00000106038	15	EVX1	1.0	2828
ENSG00000106049	15	HIBADH	1.0	2829
ENSG00000106052	15	TAX1BP1	1.0	2830
ENSG00000106066	15	CPVL	1.0	2831
ENSG00000106070	15	GRB10	1.0	2832
ENSG00000106077	15	ABHD11	1.0	2833
ENSG00000106078	15	COBL	1.0	2834
ENSG00000106080	15	FKBP14	1.0	2835
ENSG00000106086	15	PLEKHA8	1.0	2836
ENSG00000106089	15	STX1A	1.0	2837
ENSG00000106100	15	NOD1	1.0	2838
ENSG00000106123	15	EPHB6	1.0	2839
ENSG00000106144	15	CASP2	1.0	2840
ENSG00000106153	15	CHCHD2	1.0	2841
ENSG00000106211	15	HSPB1	1.0	2842
ENSG00000106236	15	NPTX2	1.0	2843
ENSG00000106244	15	PDAP1	1.0	2844
ENSG00000106245	15	BUD31	1.0	2845
ENSG00000106246	15	PTCD1	1.0	2846
ENSG00000106258	15	CYP3A5	1.0	2847
ENSG00000106261	15	ZKSCAN1	1.0	2848
ENSG00000106263	15	EIF3B	1.0	2849
ENSG00000106266	15	SNX8	1.0	2850
ENSG00000106268	15	NUDT1	1.0	2851
ENSG00000106278	15	PTPRZ1	1.0	2852
ENSG00000106290	15	TAF6	1.0	2853
ENSG00000106299	15	WASL	1.0	2854
ENSG00000106305	15	AIMP2	1.0	2855
ENSG00000106327	15	TFR2	1.0	2856
ENSG00000106328	15	FSCN3	1.0	2857
ENSG00000106330	15	MOSPD3	1.0	2858
ENSG00000106333	15	PCOLCE	1.0	2859
ENSG00000106336	15	FBXO24	1.0	2860
ENSG00000106344	15	RBM28	1.0	2861
ENSG00000106346	15	USP42	1.0	2862
ENSG00000106348	15	IMPDH1	1.0	2863
ENSG00000106351	15	AGFG2	1.0	2864
ENSG00000106355	15	LSM5	1.0	2865
ENSG00000106366	15	SERPINE1	1.0	2866
ENSG00000106367	15	AP1S1	1.0	2867
ENSG00000106392	15	C1GALT1	1.0	2868
ENSG00000106397	15	PLOD3	1.0	2869
ENSG00000106399	15	RPA3	1.0	2870
ENSG00000106400	15	ZNHIT1	1.0	2871
ENSG00000106404	15	CLDN15	1.0	2872
ENSG00000106415	15	GLCCI1	1.0	2873
ENSG00000106443	15	PHF14	1.0	2874
ENSG00000106459	15	NRF1	1.0	2875
ENSG00000106460	15	TMEM106B	1.0	2876
ENSG00000106462	15	EZH2	1.0	2877
ENSG00000106477	15	CEP41	1.0	2878
ENSG00000106479	15	ZNF862	1.0	2879
ENSG00000106483	15	SFRP4	1.0	2880
ENSG00000106484	15	MEST	1.0	2881
ENSG00000106511	15	MEOX2	1.0	2882
ENSG00000106524	15	ANKMY2	1.0	2883
ENSG00000106526	15	ACTR3C	1.0	2884
ENSG00000106537	15	TSPAN13	1.0	2885
ENSG00000106538	15	RARRES2	1.0	2886
ENSG00000106541	15	AGR2	1.0	2887
ENSG00000106546	15	AHR	1.0	2888
ENSG00000106554	15	CHCHD3	1.0	2889
ENSG00000106560	15	GIMAP2	1.0	2890
ENSG00000106565	15	TMEM176B	1.0	2891
ENSG00000106571	15	GLI3	1.0	2892
ENSG00000106588	15	PSMA2	1.0	2893
ENSG00000106591	15	MRPL32	1.0	2894
ENSG00000106603	15	COA1	1.0	2895
ENSG00000106605	15	BLVRA	1.0	2896
ENSG00000106608	15	URGCP	1.0	2897
ENSG00000106609	15	TMEM248	1.0	2898
ENSG00000106615	15	RHEB	1.0	2899
ENSG00000106617	15	PRKAG2	1.0	2900
ENSG00000106624	15	AEBP1	1.0	2901
ENSG00000106628	15	POLD2	1.0	2902
ENSG00000106631	15	MYL7	1.0	2903
ENSG00000106633	15	GCK	1.0	2904
ENSG00000106635	15	BCL7B	1.0	2905
ENSG00000106636	15	YKT6	1.0	2906
ENSG00000106638	15	TBL2	1.0	2907
ENSG00000106665	15	CLIP2	1.0	2908
ENSG00000106682	15	EIF4H	1.0	2909
ENSG00000106683	15	LIMK1	1.0	2910
ENSG00000106686	15	SPATA6L	1.0	2911
ENSG00000106688	15	SLC1A1	1.0	2912
ENSG00000106692	15	FKTN	1.0	2913
ENSG00000106701	15	FSD1L	1.0	2914
ENSG00000106714	15	CNTNAP3	1.0	2915
ENSG00000106723	15	SPIN1	1.0	2916
ENSG00000106733	15	NMRK1	1.0	2917
ENSG00000106771	15	TMEM245	1.0	2918
ENSG00000106772	15	PRUNE2	1.0	2919
ENSG00000106780	15	MEGF9	1.0	2920
ENSG00000106785	15	TRIM14	1.0	2921
ENSG00000106789	15	CORO2A	1.0	2922
ENSG00000106799	15	TGFBR1	1.0	2923
ENSG00000106803	15	SEC61B	1.0	2924
ENSG00000106804	15	C5	1.0	2925
ENSG00000106809	15	OGN	1.0	2926
ENSG00000106819	15	ASPN	1.0	2927
ENSG00000106823	15	ECM2	1.0	2928
ENSG00000106829	15	TLE4	1.0	2929
ENSG00000106852	15	LHX6	1.0	2930
ENSG00000106853	15	PTGR1	1.0	2931
ENSG00000106868	15	SUSD1	1.0	2932
ENSG00000106927	15	AMBP	1.0	2933
ENSG00000106948	15	AKNA	1.0	2934
ENSG00000106952	15	TNFSF8	1.0	2935
ENSG00000106976	15	DNM1	1.0	2936
ENSG00000106991	15	ENG	1.0	2937
ENSG00000106992	15	AK1	1.0	2938
ENSG00000106993	15	CDC37L1	1.0	2939
ENSG00000107018	15	RLN1	1.0	2940
ENSG00000107020	15	PLGRKT	1.0	2941
ENSG00000107021	15	TBC1D13	1.0	2942
ENSG00000107077	15	KDM4C	1.0	2943
ENSG00000107099	15	DOCK8	1.0	2944
ENSG00000107104	15	KANK1	1.0	2945
ENSG00000107105	15	ELAVL2	1.0	2946
ENSG00000107130	15	NCS1	1.0	2947
ENSG00000107140	15	TESK1	1.0	2948
ENSG00000107159	15	CA9	1.0	2949
ENSG00000107164	15	FUBP3	1.0	2950
ENSG00000107175	15	CREB3	1.0	2951
ENSG00000107185	15	RGP1	1.0	2952
ENSG00000107186	15	MPDZ	1.0	2953
ENSG00000107201	15	RIGI	1.0	2954
ENSG00000107223	15	EDF1	1.0	2955
ENSG00000107242	15	PIP5K1B	1.0	2956
ENSG00000107249	15	GLIS3	1.0	2957
ENSG00000107262	15	BAG1	1.0	2958
ENSG00000107263	15	RAPGEF1	1.0	2959
ENSG00000107281	15	NPDC1	1.0	2960
ENSG00000107282	15	APBA1	1.0	2961
ENSG00000107290	15	SETX	1.0	2962
ENSG00000107295	15	SH3GL2	1.0	2963
ENSG00000107317	15	PTGDS	1.0	2964
ENSG00000107331	15	ABCA2	1.0	2965
ENSG00000107338	15	SHB	1.0	2966
ENSG00000107341	15	UBE2R2	1.0	2967
ENSG00000107362	15	ABHD17B	1.0	2968
ENSG00000107372	15	ZFAND5	1.0	2969
ENSG00000107404	15	DVL1	1.0	2970
ENSG00000107438	15	PDLIM1	1.0	2971
ENSG00000107443	15	CCNJ	1.0	2972
ENSG00000107485	15	GATA3	1.0	2973
ENSG00000107518	15	ATRNL1	1.0	2974
ENSG00000107521	15	HPS1	1.0	2975
ENSG00000107537	15	PHYH	1.0	2976
ENSG00000107551	15	RASSF4	1.0	2977
ENSG00000107554	15	DNMBP	1.0	2978
ENSG00000107560	15	RAB11FIP2	1.0	2979
ENSG00000107562	15	CXCL12	1.0	2980
ENSG00000107566	15	ERLIN1	1.0	2981
ENSG00000107581	15	EIF3A	1.0	2982
ENSG00000107611	15	CUBN	1.0	2983
ENSG00000107614	15	TRDMT1	1.0	2984
ENSG00000107625	15	DDX50	1.0	2985
ENSG00000107643	15	MAPK8	1.0	2986
ENSG00000107651	15	SEC23IP	1.0	2987
ENSG00000107669	15	ATE1	1.0	2988
ENSG00000107672	15	NSMCE4A	1.0	2989
ENSG00000107679	15	PLEKHA1	1.0	2990
ENSG00000107719	15	PALD1	1.0	2991
ENSG00000107731	15	UNC5B	1.0	2992
ENSG00000107736	15	CDH23	1.0	2993
ENSG00000107742	15	SPOCK2	1.0	2994
ENSG00000107745	15	MICU1	1.0	2995
ENSG00000107758	15	PPP3CB	1.0	2996
ENSG00000107771	15	CCSER2	1.0	2997
ENSG00000107779	15	BMPR1A	1.0	2998
ENSG00000107789	15	MINPP1	1.0	2999
ENSG00000107796	15	ACTA2	1.0	3000
ENSG00000107798	15	LIPA	1.0	3001
ENSG00000107816	15	LZTS2	1.0	3002
ENSG00000107819	15	SFXN3	1.0	3003
ENSG00000107821	15	KAZALD1	1.0	3004
ENSG00000107829	15	FBXW4	1.0	3005
ENSG00000107833	15	NPM3	1.0	3006
ENSG00000107854	15	TNKS2	1.0	3007
ENSG00000107859	15	PITX3	1.0	3008
ENSG00000107862	15	GBF1	1.0	3009
ENSG00000107863	15	ARHGAP21	1.0	3010
ENSG00000107864	15	CPEB3	1.0	3011
ENSG00000107872	15	FBXL15	1.0	3012
ENSG00000107874	15	CUEDC2	1.0	3013
ENSG00000107882	15	SUFU	1.0	3014
ENSG00000107890	15	ANKRD26	1.0	3015
ENSG00000107897	15	ACBD5	1.0	3016
ENSG00000107902	15	LHPP	1.0	3017
ENSG00000107929	15	LARP4B	1.0	3018
ENSG00000107937	15	GTPBP4	1.0	3019
ENSG00000107938	15	EDRF1	1.0	3020
ENSG00000107949	15	BCCIP	1.0	3021
ENSG00000107951	15	MTPAP	1.0	3022
ENSG00000107954	15	NEURL1	1.0	3023
ENSG00000107957	15	SH3PXD2A	1.0	3024
ENSG00000107959	15	PITRM1	1.0	3025
ENSG00000107968	15	MAP3K8	1.0	3026
ENSG00000107984	15	DKK1	1.0	3027
ENSG00000108001	15	EBF3	1.0	3028
ENSG00000108010	15	GLRX3	1.0	3029
ENSG00000108018	15	SORCS1	1.0	3030
ENSG00000108039	15	XPNPEP1	1.0	3031
ENSG00000108055	15	SMC3	1.0	3032
ENSG00000108061	15	SHOC2	1.0	3033
ENSG00000108064	15	TFAM	1.0	3034
ENSG00000108091	15	CCDC6	1.0	3035
ENSG00000108094	15	CUL2	1.0	3036
ENSG00000108100	15	CCNY	1.0	3037
ENSG00000108106	15	UBE2S	1.0	3038
ENSG00000108107	15	RPL28	1.0	3039
ENSG00000108175	15	ZMIZ1	1.0	3040
ENSG00000108176	15	DNAJC12	1.0	3041
ENSG00000108179	15	PPIF	1.0	3042
ENSG00000108187	15	PBLD	1.0	3043
ENSG00000108219	15	TSPAN14	1.0	3044
ENSG00000108231	15	LGI1	1.0	3045
ENSG00000108239	15	TBC1D12	1.0	3046
ENSG00000108244	15	KRT23	1.0	3047
ENSG00000108256	15	NUFIP2	1.0	3048
ENSG00000108262	15	GIT1	1.0	3049
ENSG00000108298	15	RPL19	1.0	3050
ENSG00000108306	15	FBXL20	1.0	3051
ENSG00000108309	15	RUNDC3A	1.0	3052
ENSG00000108312	15	UBTF	1.0	3053
ENSG00000108342	15	CSF3	1.0	3054
ENSG00000108344	15	PSMD3	1.0	3055
ENSG00000108349	15	CASC3	1.0	3056
ENSG00000108352	15	RAPGEFL1	1.0	3057
ENSG00000108370	15	RGS9	1.0	3058
ENSG00000108375	15	RNF43	1.0	3059
ENSG00000108379	15	WNT3	1.0	3060
ENSG00000108381	15	ASPA	1.0	3061
ENSG00000108384	15	RAD51C	1.0	3062
ENSG00000108389	15	MTMR4	1.0	3063
ENSG00000108395	15	TRIM37	1.0	3064
ENSG00000108405	15	P2RX1	1.0	3065
ENSG00000108406	15	DHX40	1.0	3066
ENSG00000108423	15	TUBD1	1.0	3067
ENSG00000108424	15	KPNB1	1.0	3068
ENSG00000108433	15	GOSR2	1.0	3069
ENSG00000108439	15	PNPO	1.0	3070
ENSG00000108443	15	RPS6KB1	1.0	3071
ENSG00000108448	15	TRIM16L	1.0	3072
ENSG00000108465	15	CDK5RAP3	1.0	3073
ENSG00000108468	15	CBX1	1.0	3074
ENSG00000108469	15	RECQL5	1.0	3075
ENSG00000108474	15	PIGL	1.0	3076
ENSG00000108479	15	GALK1	1.0	3077
ENSG00000108506	15	INTS2	1.0	3078
ENSG00000108509	15	CAMTA2	1.0	3079
ENSG00000108510	15	MED13	1.0	3080
ENSG00000108511	15	HOXB6	1.0	3081
ENSG00000108515	15	ENO3	1.0	3082
ENSG00000108518	15	PFN1	1.0	3083
ENSG00000108523	15	RNF167	1.0	3084
ENSG00000108528	15	SLC25A11	1.0	3085
ENSG00000108551	15	RASD1	1.0	3086
ENSG00000108556	15	CHRNE	1.0	3087
ENSG00000108557	15	RAI1	1.0	3088
ENSG00000108559	15	NUP88	1.0	3089
ENSG00000108561	15	C1QBP	1.0	3090
ENSG00000108576	15	SLC6A4	1.0	3091
ENSG00000108578	15	BLMH	1.0	3092
ENSG00000108582	15	CPD	1.0	3093
ENSG00000108587	15	GOSR1	1.0	3094
ENSG00000108588	15	CCDC47	1.0	3095
ENSG00000108590	15	MED31	1.0	3096
ENSG00000108591	15	DRG2	1.0	3097
ENSG00000108592	15	FTSJ3	1.0	3098
ENSG00000108599	15	AKAP10	1.0	3099
ENSG00000108602	15	ALDH3A1	1.0	3100
ENSG00000108604	15	SMARCD2	1.0	3101
ENSG00000108622	15	ICAM2	1.0	3102
ENSG00000108639	15	SYNGR2	1.0	3103
ENSG00000108641	15	B9D1	1.0	3104
ENSG00000108651	15	UTP6	1.0	3105
ENSG00000108654	15	DDX5	1.0	3106
ENSG00000108666	15	C17orf75	1.0	3107
ENSG00000108669	15	CYTH1	1.0	3108
ENSG00000108671	15	PSMD11	1.0	3109
ENSG00000108679	15	LGALS3BP	1.0	3110
ENSG00000108684	15	ASIC2	1.0	3111
ENSG00000108688	15	CCL7	1.0	3112
ENSG00000108691	15	CCL2	1.0	3113
ENSG00000108700	15	CCL8	1.0	3114
ENSG00000108733	15	PEX12	1.0	3115
ENSG00000108759	15	KRT32	1.0	3116
ENSG00000108771	15	DHX58	1.0	3117
ENSG00000108773	15	KAT2A	1.0	3118
ENSG00000108774	15	RAB5C	1.0	3119
ENSG00000108784	15	NAGLU	1.0	3120
ENSG00000108786	15	HSD17B1	1.0	3121
ENSG00000108788	15	MLX	1.0	3122
ENSG00000108797	15	CNTNAP1	1.0	3123
ENSG00000108798	15	ABI3	1.0	3124
ENSG00000108799	15	EZH1	1.0	3125
ENSG00000108813	15	DLX4	1.0	3126
ENSG00000108819	15	PPP1R9B	1.0	3127
ENSG00000108821	15	COL1A1	1.0	3128
ENSG00000108823	15	SGCA	1.0	3129
ENSG00000108826	15	MRPL27	1.0	3130
ENSG00000108828	15	VAT1	1.0	3131
ENSG00000108829	15	LRRC59	1.0	3132
ENSG00000108830	15	RND2	1.0	3133
ENSG00000108840	15	HDAC5	1.0	3134
ENSG00000108846	15	ABCC3	1.0	3135
ENSG00000108848	15	LUC7L3	1.0	3136
ENSG00000108852	15	MPP2	1.0	3137
ENSG00000108854	15	SMURF2	1.0	3138
ENSG00000108861	15	DUSP3	1.0	3139
ENSG00000108878	15	CACNG1	1.0	3140
ENSG00000108883	15	EFTUD2	1.0	3141
ENSG00000108924	15	HLF	1.0	3142
ENSG00000108932	15	SLC16A6	1.0	3143
ENSG00000108946	15	PRKAR1A	1.0	3144
ENSG00000108947	15	EFNB3	1.0	3145
ENSG00000108950	15	FAM20A	1.0	3146
ENSG00000108953	15	YWHAE	1.0	3147
ENSG00000108960	15	MMD	1.0	3148
ENSG00000108961	15	RANGRF	1.0	3149
ENSG00000108963	15	DPH1	1.0	3150
ENSG00000108984	15	MAP2K6	1.0	3151
ENSG00000109016	15	DHRS7B	1.0	3152
ENSG00000109046	15	WSB1	1.0	3153
ENSG00000109047	15	RCVRN	1.0	3154
ENSG00000109062	15	NHERF1	1.0	3155
ENSG00000109063	15	MYH3	1.0	3156
ENSG00000109065	15	NAT9	1.0	3157
ENSG00000109066	15	TMEM104	1.0	3158
ENSG00000109072	15	VTN	1.0	3159
ENSG00000109079	15	TNFAIP1	1.0	3160
ENSG00000109083	15	IFT20	1.0	3161
ENSG00000109084	15	TMEM97	1.0	3162
ENSG00000109089	15	CDR2L	1.0	3163
ENSG00000109099	15	PMP22	1.0	3164
ENSG00000109111	15	SUPT6H	1.0	3165
ENSG00000109113	15	RAB34	1.0	3166
ENSG00000109118	15	PHF12	1.0	3167
ENSG00000109133	15	TMEM33	1.0	3168
ENSG00000109171	15	SLAIN2	1.0	3169
ENSG00000109180	15	OCIAD1	1.0	3170
ENSG00000109182	15	CWH43	1.0	3171
ENSG00000109184	15	DCUN1D4	1.0	3172
ENSG00000109189	15	USP46	1.0	3173
ENSG00000109205	15	ODAM	1.0	3174
ENSG00000109220	15	CHIC2	1.0	3175
ENSG00000109255	15	NMU	1.0	3176
ENSG00000109270	15	LAMTOR3	1.0	3177
ENSG00000109272	15	PF4V1	1.0	3178
ENSG00000109320	15	NFKB1	1.0	3179
ENSG00000109321	15	AREG	1.0	3180
ENSG00000109323	15	MANBA	1.0	3181
ENSG00000109332	15	UBE2D3	1.0	3182
ENSG00000109339	15	MAPK10	1.0	3183
ENSG00000109381	15	ELF2	1.0	3184
ENSG00000109390	15	NDUFC1	1.0	3185
ENSG00000109424	15	UCP1	1.0	3186
ENSG00000109436	15	TBC1D9	1.0	3187
ENSG00000109445	15	ZNF330	1.0	3188
ENSG00000109452	15	INPP4B	1.0	3189
ENSG00000109458	15	GAB1	1.0	3190
ENSG00000109466	15	KLHL2	1.0	3191
ENSG00000109471	15	IL2	1.0	3192
ENSG00000109472	15	CPE	1.0	3193
ENSG00000109475	15	RPL34	1.0	3194
ENSG00000109501	15	WFS1	1.0	3195
ENSG00000109511	15	ANXA10	1.0	3196
ENSG00000109519	15	GRPEL1	1.0	3197
ENSG00000109534	15	GAR1	1.0	3198
ENSG00000109536	15	FRG1	1.0	3199
ENSG00000109572	15	CLCN3	1.0	3200
ENSG00000109576	15	AADAT	1.0	3201
ENSG00000109586	15	GALNT7	1.0	3202
ENSG00000109606	15	DHX15	1.0	3203
ENSG00000109610	15	SOD3	1.0	3204
ENSG00000109618	15	SEPSECS	1.0	3205
ENSG00000109654	15	TRIM2	1.0	3206
ENSG00000109667	15	SLC2A9	1.0	3207
ENSG00000109670	15	FBXW7	1.0	3208
ENSG00000109680	15	TBC1D19	1.0	3209
ENSG00000109684	15	CLNK	1.0	3210
ENSG00000109686	15	SH3D19	1.0	3211
ENSG00000109689	15	STIM2	1.0	3212
ENSG00000109736	15	MFSD10	1.0	3213
ENSG00000109738	15	GLRB	1.0	3214
ENSG00000109743	15	BST1	1.0	3215
ENSG00000109756	15	RAPGEF2	1.0	3216
ENSG00000109758	15	HGFAC	1.0	3217
ENSG00000109762	15	SNX25	1.0	3218
ENSG00000109771	15	LRP2BP	1.0	3219
ENSG00000109775	15	UFSP2	1.0	3220
ENSG00000109787	15	KLF3	1.0	3221
ENSG00000109790	15	KLHL5	1.0	3222
ENSG00000109794	15	FAM149A	1.0	3223
ENSG00000109805	15	NCAPG	1.0	3224
ENSG00000109814	15	UGDH	1.0	3225
ENSG00000109819	15	PPARGC1A	1.0	3226
ENSG00000109832	15	DDX25	1.0	3227
ENSG00000109846	15	CRYAB	1.0	3228
ENSG00000109854	15	HTATIP2	1.0	3229
ENSG00000109861	15	CTSC	1.0	3230
ENSG00000109881	15	CCDC34	1.0	3231
ENSG00000109906	15	ZBTB16	1.0	3232
ENSG00000109911	15	ELP4	1.0	3233
ENSG00000109919	15	MTCH2	1.0	3234
ENSG00000109920	15	FNBP4	1.0	3235
ENSG00000109927	15	TECTA	1.0	3236
ENSG00000109929	15	SC5D	1.0	3237
ENSG00000109943	15	CRTAM	1.0	3238
ENSG00000109956	15	B3GAT1	1.0	3239
ENSG00000109971	15	HSPA8	1.0	3240
ENSG00000110002	15	VWA5A	1.0	3241
ENSG00000110011	15	DNAJC4	1.0	3242
ENSG00000110013	15	SIAE	1.0	3243
ENSG00000110025	15	SNX15	1.0	3244
ENSG00000110031	15	LPXN	1.0	3245
ENSG00000110042	15	DTX4	1.0	3246
ENSG00000110046	15	ATG2A	1.0	3247
ENSG00000110047	15	EHD1	1.0	3248
ENSG00000110048	15	OSBP	1.0	3249
ENSG00000110057	15	UNC93B1	1.0	3250
ENSG00000110060	15	PUS3	1.0	3251
ENSG00000110063	15	DCPS	1.0	3252
ENSG00000110074	15	FOXRED1	1.0	3253
ENSG00000110075	15	PPP6R3	1.0	3254
ENSG00000110076	15	NRXN2	1.0	3255
ENSG00000110077	15	MS4A6A	1.0	3256
ENSG00000110079	15	MS4A4A	1.0	3257
ENSG00000110080	15	ST3GAL4	1.0	3258
ENSG00000110090	15	CPT1A	1.0	3259
ENSG00000110092	15	CCND1	1.0	3260
ENSG00000110104	15	CCDC86	1.0	3261
ENSG00000110107	15	PRPF19	1.0	3262
ENSG00000110108	15	TMEM109	1.0	3263
ENSG00000110169	15	HPX	1.0	3264
ENSG00000110171	15	TRIM3	1.0	3265
ENSG00000110172	15	CHORDC1	1.0	3266
ENSG00000110195	15	FOLR1	1.0	3267
ENSG00000110200	15	ANAPC15	1.0	3268
ENSG00000110218	15	PANX1	1.0	3269
ENSG00000110237	15	ARHGEF17	1.0	3270
ENSG00000110274	15	CEP164	1.0	3271
ENSG00000110315	15	RNF141	1.0	3272
ENSG00000110321	15	EIF4G2	1.0	3273
ENSG00000110324	15	IL10RA	1.0	3274
ENSG00000110328	15	GALNT18	1.0	3275
ENSG00000110330	15	BIRC2	1.0	3276
ENSG00000110344	15	UBE4A	1.0	3277
ENSG00000110367	15	DDX6	1.0	3278
ENSG00000110375	15	UPK2	1.0	3279
ENSG00000110395	15	CBL	1.0	3280
ENSG00000110422	15	HIPK3	1.0	3281
ENSG00000110427	15	KIAA1549L	1.0	3282
ENSG00000110429	15	FBXO3	1.0	3283
ENSG00000110435	15	PDHX	1.0	3284
ENSG00000110436	15	SLC1A2	1.0	3285
ENSG00000110442	15	COMMD9	1.0	3286
ENSG00000110446	15	SLC15A3	1.0	3287
ENSG00000110448	15	CD5	1.0	3288
ENSG00000110455	15	ACCS	1.0	3289
ENSG00000110484	15	SCGB2A2	1.0	3290
ENSG00000110492	15	MDK	1.0	3291
ENSG00000110497	15	AMBRA1	1.0	3292
ENSG00000110514	15	MADD	1.0	3293
ENSG00000110583	15	NAA40	1.0	3294
ENSG00000110628	15	SLC22A18	1.0	3295
ENSG00000110651	15	CD81	1.0	3296
ENSG00000110660	15	SLC35F2	1.0	3297
ENSG00000110675	15	ELMOD1	1.0	3298
ENSG00000110680	15	CALCA	1.0	3299
ENSG00000110693	15	SOX6	1.0	3300
ENSG00000110696	15	C11orf58	1.0	3301
ENSG00000110697	15	PITPNM1	1.0	3302
ENSG00000110700	15	RPS13	1.0	3303
ENSG00000110711	15	AIP	1.0	3304
ENSG00000110713	15	NUP98	1.0	3305
ENSG00000110717	15	NDUFS8	1.0	3306
ENSG00000110719	15	TCIRG1	1.0	3307
ENSG00000110721	15	CHKA	1.0	3308
ENSG00000110723	15	EXPH5	1.0	3309
ENSG00000110756	15	HPS5	1.0	3310
ENSG00000110768	15	GTF2H1	1.0	3311
ENSG00000110777	15	POU2AF1	1.0	3312
ENSG00000110786	15	PTPN5	1.0	3313
ENSG00000110799	15	VWF	1.0	3314
ENSG00000110801	15	PSMD9	1.0	3315
ENSG00000110841	15	PPFIBP1	1.0	3316
ENSG00000110844	15	PRPF40B	1.0	3317
ENSG00000110848	15	CD69	1.0	3318
ENSG00000110851	15	PRDM4	1.0	3319
ENSG00000110852	15	CLEC2B	1.0	3320
ENSG00000110871	15	COQ5	1.0	3321
ENSG00000110876	15	SELPLG	1.0	3322
ENSG00000110880	15	CORO1C	1.0	3323
ENSG00000110881	15	ASIC1	1.0	3324
ENSG00000110888	15	CAPRIN2	1.0	3325
ENSG00000110900	15	TSPAN11	1.0	3326
ENSG00000110906	15	KCTD10	1.0	3327
ENSG00000110911	15	SLC11A2	1.0	3328
ENSG00000110917	15	MLEC	1.0	3329
ENSG00000110921	15	MVK	1.0	3330
ENSG00000110925	15	CSRNP2	1.0	3331
ENSG00000110931	15	CAMKK2	1.0	3332
ENSG00000110934	15	BIN2	1.0	3333
ENSG00000110944	15	IL23A	1.0	3334
ENSG00000110958	15	PTGES3	1.0	3335
ENSG00000110987	15	BCL7A	1.0	3336
ENSG00000111011	15	RSRC2	1.0	3337
ENSG00000111012	15	CYP27B1	1.0	3338
ENSG00000111052	15	LIN7A	1.0	3339
ENSG00000111057	15	KRT18	1.0	3340
ENSG00000111058	15	ACSS3	1.0	3341
ENSG00000111087	15	GLI1	1.0	3342
ENSG00000111110	15	PPM1H	1.0	3343
ENSG00000111142	15	METAP2	1.0	3344
ENSG00000111144	15	LTA4H	1.0	3345
ENSG00000111145	15	ELK3	1.0	3346
ENSG00000111181	15	SLC6A12	1.0	3347
ENSG00000111186	15	WNT5B	1.0	3348
ENSG00000111196	15	MAGOHB	1.0	3349
ENSG00000111199	15	TRPV4	1.0	3350
ENSG00000111203	15	ITFG2	1.0	3351
ENSG00000111206	15	FOXM1	1.0	3352
ENSG00000111218	15	PRMT8	1.0	3353
ENSG00000111224	15	PARP11	1.0	3354
ENSG00000111229	15	ARPC3	1.0	3355
ENSG00000111231	15	GPN3	1.0	3356
ENSG00000111237	15	VPS29	1.0	3357
ENSG00000111245	15	MYL2	1.0	3358
ENSG00000111247	15	RAD51AP1	1.0	3359
ENSG00000111252	15	SH2B3	1.0	3360
ENSG00000111254	15	AKAP3	1.0	3361
ENSG00000111261	15	MANSC1	1.0	3362
ENSG00000111266	15	DUSP16	1.0	3363
ENSG00000111269	15	CREBL2	1.0	3364
ENSG00000111271	15	ACAD10	1.0	3365
ENSG00000111275	15	ALDH2	1.0	3366
ENSG00000111276	15	CDKN1B	1.0	3367
ENSG00000111291	15	GPRC5D	1.0	3368
ENSG00000111300	15	NAA25	1.0	3369
ENSG00000111305	15	GSG1	1.0	3370
ENSG00000111319	15	SCNN1A	1.0	3371
ENSG00000111321	15	LTBR	1.0	3372
ENSG00000111325	15	OGFOD2	1.0	3373
ENSG00000111328	15	CDK2AP1	1.0	3374
ENSG00000111331	15	OAS3	1.0	3375
ENSG00000111335	15	OAS2	1.0	3376
ENSG00000111339	15	ART4	1.0	3377
ENSG00000111341	15	MGP	1.0	3378
ENSG00000111344	15	RASAL1	1.0	3379
ENSG00000111348	15	ARHGDIB	1.0	3380
ENSG00000111358	15	GTF2H3	1.0	3381
ENSG00000111361	15	EIF2B1	1.0	3382
ENSG00000111364	15	DDX55	1.0	3383
ENSG00000111371	15	SLC38A1	1.0	3384
ENSG00000111404	15	RERGL	1.0	3385
ENSG00000111405	15	ENDOU	1.0	3386
ENSG00000111424	15	VDR	1.0	3387
ENSG00000111432	15	FZD10	1.0	3388
ENSG00000111445	15	RFC5	1.0	3389
ENSG00000111450	15	STX2	1.0	3390
ENSG00000111481	15	COPZ1	1.0	3391
ENSG00000111490	15	TBC1D30	1.0	3392
ENSG00000111530	15	CAND1	1.0	3393
ENSG00000111537	15	IFNG	1.0	3394
ENSG00000111540	15	RAB5B	1.0	3395
ENSG00000111554	15	MDM1	1.0	3396
ENSG00000111581	15	NUP107	1.0	3397
ENSG00000111596	15	CNOT2	1.0	3398
ENSG00000111602	15	TIMELESS	1.0	3399
ENSG00000111605	15	CPSF6	1.0	3400
ENSG00000111615	15	KRR1	1.0	3401
ENSG00000111639	15	MRPL51	1.0	3402
ENSG00000111640	15	GAPDH	1.0	3403
ENSG00000111641	15	NOP2	1.0	3404
ENSG00000111642	15	CHD4	1.0	3405
ENSG00000111644	15	ACRBP	1.0	3406
ENSG00000111647	15	BLTP3B	1.0	3407
ENSG00000111652	15	COPS7A	1.0	3408
ENSG00000111653	15	ING4	1.0	3409
ENSG00000111664	15	GNB3	1.0	3410
ENSG00000111665	15	CDCA3	1.0	3411
ENSG00000111666	15	CHPT1	1.0	3412
ENSG00000111667	15	USP5	1.0	3413
ENSG00000111669	15	TPI1	1.0	3414
ENSG00000111670	15	GNPTAB	1.0	3415
ENSG00000111671	15	SPSB2	1.0	3416
ENSG00000111674	15	ENO2	1.0	3417
ENSG00000111676	15	ATN1	1.0	3418
ENSG00000111678	15	C12orf57	1.0	3419
ENSG00000111679	15	PTPN6	1.0	3420
ENSG00000111684	15	LPCAT3	1.0	3421
ENSG00000111696	15	NT5DC3	1.0	3422
ENSG00000111704	15	NANOG	1.0	3423
ENSG00000111707	15	SUDS3	1.0	3424
ENSG00000111711	15	GOLT1B	1.0	3425
ENSG00000111716	15	LDHB	1.0	3426
ENSG00000111725	15	PRKAB1	1.0	3427
ENSG00000111726	15	CMAS	1.0	3428
ENSG00000111727	15	HCFC2	1.0	3429
ENSG00000111728	15	ST8SIA1	1.0	3430
ENSG00000111729	15	CLEC4A	1.0	3431
ENSG00000111731	15	C2CD5	1.0	3432
ENSG00000111732	15	AICDA	1.0	3433
ENSG00000111737	15	RAB35	1.0	3434
ENSG00000111752	15	PHC1	1.0	3435
ENSG00000111775	15	COX6A1	1.0	3436
ENSG00000111785	15	RIC8B	1.0	3437
ENSG00000111786	15	SRSF9	1.0	3438
ENSG00000111790	15	FGFR1OP2	1.0	3439
ENSG00000111796	15	KLRB1	1.0	3440
ENSG00000111799	15	COL12A1	1.0	3441
ENSG00000111801	15	BTN3A3	1.0	3442
ENSG00000111802	15	TDP2	1.0	3443
ENSG00000111816	15	FRK	1.0	3444
ENSG00000111817	15	DSE	1.0	3445
ENSG00000111832	15	RWDD1	1.0	3446
ENSG00000111834	15	RSPH4A	1.0	3447
ENSG00000111837	15	MAK	1.0	3448
ENSG00000111843	15	TMEM14C	1.0	3449
ENSG00000111845	15	PAK1IP1	1.0	3450
ENSG00000111846	15	GCNT2	1.0	3451
ENSG00000111850	15	SMIM8	1.0	3452
ENSG00000111859	15	NEDD9	1.0	3453
ENSG00000111860	15	CEP85L	1.0	3454
ENSG00000111863	15	ADTRP	1.0	3455
ENSG00000111875	15	ASF1A	1.0	3456
ENSG00000111877	15	MCM9	1.0	3457
ENSG00000111879	15	FAM184A	1.0	3458
ENSG00000111880	15	RNGTT	1.0	3459
ENSG00000111885	15	MAN1A1	1.0	3460
ENSG00000111897	15	SERINC1	1.0	3461
ENSG00000111906	15	HDDC2	1.0	3462
ENSG00000111907	15	TPD52L1	1.0	3463
ENSG00000111911	15	HINT3	1.0	3464
ENSG00000111912	15	NCOA7	1.0	3465
ENSG00000111961	15	SASH1	1.0	3466
ENSG00000111962	15	UST	1.0	3467
ENSG00000111981	15	ULBP1	1.0	3468
ENSG00000112029	15	FBXO5	1.0	3469
ENSG00000112031	15	MTRF1L	1.0	3470
ENSG00000112033	15	PPARD	1.0	3471
ENSG00000112039	15	FANCE	1.0	3472
ENSG00000112041	15	TULP1	1.0	3473
ENSG00000112053	15	SLC26A8	1.0	3474
ENSG00000112062	15	MAPK14	1.0	3475
ENSG00000112077	15	RHAG	1.0	3476
ENSG00000112078	15	KCTD20	1.0	3477
ENSG00000112079	15	STK38	1.0	3478
ENSG00000112081	15	SRSF3	1.0	3479
ENSG00000112110	15	MRPL18	1.0	3480
ENSG00000112118	15	MCM3	1.0	3481
ENSG00000112130	15	RNF8	1.0	3482
ENSG00000112137	15	PHACTR1	1.0	3483
ENSG00000112139	15	MDGA1	1.0	3484
ENSG00000112146	15	FBXO9	1.0	3485
ENSG00000112149	15	CD83	1.0	3486
ENSG00000112159	15	MDN1	1.0	3487
ENSG00000112164	15	GLP1R	1.0	3488
ENSG00000112167	15	SAYSD1	1.0	3489
ENSG00000112175	15	BMP5	1.0	3490
ENSG00000112182	15	BACH2	1.0	3491
ENSG00000112183	15	RBM24	1.0	3492
ENSG00000112186	15	CAP2	1.0	3493
ENSG00000112200	15	ZNF451	1.0	3494
ENSG00000112208	15	BAG2	1.0	3495
ENSG00000112210	15	RAB23	1.0	3496
ENSG00000112214	15	FHL5	1.0	3497
ENSG00000112218	15	GPR63	1.0	3498
ENSG00000112234	15	FBXL4	1.0	3499
ENSG00000112237	15	CCNC	1.0	3500
ENSG00000112238	15	PRDM13	1.0	3501
ENSG00000112242	15	E2F3	1.0	3502
ENSG00000112245	15	PTP4A1	1.0	3503
ENSG00000112246	15	SIM1	1.0	3504
ENSG00000112249	15	ASCC3	1.0	3505
ENSG00000112276	15	BVES	1.0	3506
ENSG00000112280	15	COL9A1	1.0	3507
ENSG00000112282	15	MED23	1.0	3508
ENSG00000112290	15	WASF1	1.0	3509
ENSG00000112293	15	GPLD1	1.0	3510
ENSG00000112294	15	ALDH5A1	1.0	3511
ENSG00000112299	15	VNN1	1.0	3512
ENSG00000112303	15	VNN2	1.0	3513
ENSG00000112304	15	ACOT13	1.0	3514
ENSG00000112305	15	SMAP1	1.0	3515
ENSG00000112306	15	RPS12	1.0	3516
ENSG00000112308	15	C6orf62	1.0	3517
ENSG00000112309	15	B3GAT2	1.0	3518
ENSG00000112312	15	GMNN	1.0	3519
ENSG00000112319	15	EYA4	1.0	3520
ENSG00000112320	15	SOBP	1.0	3521
ENSG00000112335	15	SNX3	1.0	3522
ENSG00000112339	15	HBS1L	1.0	3523
ENSG00000112343	15	TRIM38	1.0	3524
ENSG00000112357	15	PEX7	1.0	3525
ENSG00000112365	15	ZBTB24	1.0	3526
ENSG00000112367	15	FIG4	1.0	3527
ENSG00000112378	15	PERP	1.0	3528
ENSG00000112394	15	SLC16A10	1.0	3529
ENSG00000112406	15	HECA	1.0	3530
ENSG00000112419	15	PHACTR2	1.0	3531
ENSG00000112425	15	EPM2A	1.0	3532
ENSG00000112473	15	SLC39A7	1.0	3533
ENSG00000112486	15	CCR6	1.0	3534
ENSG00000112511	15	PHF1	1.0	3535
ENSG00000112514	15	CUTA	1.0	3536
ENSG00000112530	15	PACRG	1.0	3537
ENSG00000112531	15	QKI	1.0	3538
ENSG00000112541	15	PDE10A	1.0	3539
ENSG00000112559	15	MDFI	1.0	3540
ENSG00000112561	15	TFEB	1.0	3541
ENSG00000112562	15	SMOC2	1.0	3542
ENSG00000112576	15	CCND3	1.0	3543
ENSG00000112578	15	BYSL	1.0	3544
ENSG00000112584	15	FAM120B	1.0	3545
ENSG00000112592	15	TBP	1.0	3546
ENSG00000112599	15	GUCA1B	1.0	3547
ENSG00000112619	15	PRPH2	1.0	3548
ENSG00000112640	15	PPP2R5D	1.0	3549
ENSG00000112651	15	MRPL2	1.0	3550
ENSG00000112655	15	PTK7	1.0	3551
ENSG00000112658	15	SRF	1.0	3552
ENSG00000112659	15	CUL9	1.0	3553
ENSG00000112667	15	DNPH1	1.0	3554
ENSG00000112679	15	DUSP22	1.0	3555
ENSG00000112685	15	EXOC2	1.0	3556
ENSG00000112695	15	COX7A2	1.0	3557
ENSG00000112697	15	TMEM30A	1.0	3558
ENSG00000112699	15	GMDS	1.0	3559
ENSG00000112701	15	SENP6	1.0	3560
ENSG00000112715	15	VEGFA	1.0	3561
ENSG00000112739	15	PRP4K	1.0	3562
ENSG00000112742	15	TTK	1.0	3563
ENSG00000112759	15	SLC29A1	1.0	3564
ENSG00000112763	15	BTN2A1	1.0	3565
ENSG00000112769	15	LAMA4	1.0	3566
ENSG00000112782	15	CLIC5	1.0	3567
ENSG00000112787	15	FBRSL1	1.0	3568
ENSG00000112796	15	ENPP5	1.0	3569
ENSG00000112799	15	LY86	1.0	3570
ENSG00000112812	15	PRSS16	1.0	3571
ENSG00000112837	15	TBX18	1.0	3572
ENSG00000112852	15	PCDHB2	1.0	3573
ENSG00000112855	15	HARS2	1.0	3574
ENSG00000112874	15	NUDT12	1.0	3575
ENSG00000112877	15	CEP72	1.0	3576
ENSG00000112893	15	MAN2A1	1.0	3577
ENSG00000112902	15	SEMA5A	1.0	3578
ENSG00000112936	15	C7	1.0	3579
ENSG00000112964	15	GHR	1.0	3580
ENSG00000112972	15	HMGCS1	1.0	3581
ENSG00000112977	15	DAP	1.0	3582
ENSG00000112981	15	NME5	1.0	3583
ENSG00000112983	15	BRD8	1.0	3584
ENSG00000112984	15	KIF20A	1.0	3585
ENSG00000112992	15	NNT	1.0	3586
ENSG00000112996	15	MRPS30	1.0	3587
ENSG00000113013	15	HSPA9	1.0	3588
ENSG00000113048	15	MRPS27	1.0	3589
ENSG00000113068	15	PFDN1	1.0	3590
ENSG00000113070	15	HBEGF	1.0	3591
ENSG00000113083	15	LOX	1.0	3592
ENSG00000113088	15	GZMK	1.0	3593
ENSG00000113108	15	APBB3	1.0	3594
ENSG00000113119	15	TMCO6	1.0	3595
ENSG00000113140	15	SPARC	1.0	3596
ENSG00000113141	15	IK	1.0	3597
ENSG00000113161	15	HMGCR	1.0	3598
ENSG00000113194	15	FAF2	1.0	3599
ENSG00000113196	15	HAND1	1.0	3600
ENSG00000113205	15	PCDHB3	1.0	3601
ENSG00000113209	15	PCDHB5	1.0	3602
ENSG00000113211	15	PCDHB6	1.0	3603
ENSG00000113212	15	PCDHB7	1.0	3604
ENSG00000113231	15	PDE8B	1.0	3605
ENSG00000113240	15	CLK4	1.0	3606
ENSG00000113248	15	PCDHB15	1.0	3607
ENSG00000113262	15	GRM6	1.0	3608
ENSG00000113263	15	ITK	1.0	3609
ENSG00000113269	15	RNF130	1.0	3610
ENSG00000113272	15	THG1L	1.0	3611
ENSG00000113273	15	ARSB	1.0	3612
ENSG00000113282	15	CLINT1	1.0	3613
ENSG00000113296	15	THBS4	1.0	3614
ENSG00000113300	15	CNOT6	1.0	3615
ENSG00000113312	15	TTC1	1.0	3616
ENSG00000113318	15	MSH3	1.0	3617
ENSG00000113319	15	RASGRF2	1.0	3618
ENSG00000113328	15	CCNG1	1.0	3619
ENSG00000113356	15	POLR3G	1.0	3620
ENSG00000113360	15	DROSHA	1.0	3621
ENSG00000113361	15	CDH6	1.0	3622
ENSG00000113368	15	LMNB1	1.0	3623
ENSG00000113369	15	ARRDC3	1.0	3624
ENSG00000113384	15	GOLPH3	1.0	3625
ENSG00000113387	15	SUB1	1.0	3626
ENSG00000113389	15	NPR3	1.0	3627
ENSG00000113391	15	ARB2A	1.0	3628
ENSG00000113396	15	SLC27A6	1.0	3629
ENSG00000113430	15	IRX4	1.0	3630
ENSG00000113441	15	LNPEP	1.0	3631
ENSG00000113448	15	PDE4D	1.0	3632
ENSG00000113456	15	RAD1	1.0	3633
ENSG00000113460	15	BRIX1	1.0	3634
ENSG00000113494	15	PRLR	1.0	3635
ENSG00000113504	15	SLC12A7	1.0	3636
ENSG00000113522	15	RAD50	1.0	3637
ENSG00000113532	15	ST8SIA4	1.0	3638
ENSG00000113552	15	GNPDA1	1.0	3639
ENSG00000113555	15	PCDH12	1.0	3640
ENSG00000113558	15	SKP1	1.0	3641
ENSG00000113569	15	NUP155	1.0	3642
ENSG00000113575	15	PPP2CA	1.0	3643
ENSG00000113578	15	FGF1	1.0	3644
ENSG00000113580	15	NR3C1	1.0	3645
ENSG00000113583	15	C5orf15	1.0	3646
ENSG00000113593	15	PPWD1	1.0	3647
ENSG00000113594	15	LIFR	1.0	3648
ENSG00000113595	15	TRIM23	1.0	3649
ENSG00000113597	15	TRAPPC13	1.0	3650
ENSG00000113600	15	C9	1.0	3651
ENSG00000113615	15	SEC24A	1.0	3652
ENSG00000113621	15	TXNDC15	1.0	3653
ENSG00000113638	15	TTC33	1.0	3654
ENSG00000113645	15	WWC1	1.0	3655
ENSG00000113649	15	TCERG1	1.0	3656
ENSG00000113657	15	DPYSL3	1.0	3657
ENSG00000113658	15	SMAD5	1.0	3658
ENSG00000113712	15	CSNK1A1	1.0	3659
ENSG00000113716	15	HMGXB3	1.0	3660
ENSG00000113719	15	ERGIC1	1.0	3661
ENSG00000113721	15	PDGFRB	1.0	3662
ENSG00000113722	15	CDX1	1.0	3663
ENSG00000113732	15	ATP6V0E1	1.0	3664
ENSG00000113734	15	BNIP1	1.0	3665
ENSG00000113739	15	STC2	1.0	3666
ENSG00000113742	15	CPEB4	1.0	3667
ENSG00000113749	15	HRH2	1.0	3668
ENSG00000113758	15	DBN1	1.0	3669
ENSG00000113761	15	ZNF346	1.0	3670
ENSG00000113790	15	EHHADH	1.0	3671
ENSG00000113805	15	CNTN3	1.0	3672
ENSG00000113810	15	SMC4	1.0	3673
ENSG00000113812	15	ACTR8	1.0	3674
ENSG00000113838	15	TBCCD1	1.0	3675
ENSG00000113845	15	TIMMDC1	1.0	3676
ENSG00000113851	15	CRBN	1.0	3677
ENSG00000113916	15	BCL6	1.0	3678
ENSG00000113924	15	HGD	1.0	3679
ENSG00000113946	15	CLDN16	1.0	3680
ENSG00000113966	15	ARL6	1.0	3681
ENSG00000114013	15	CD86	1.0	3682
ENSG00000114019	15	AMOTL2	1.0	3683
ENSG00000114021	15	NIT2	1.0	3684
ENSG00000114023	15	FAM162A	1.0	3685
ENSG00000114026	15	OGG1	1.0	3686
ENSG00000114030	15	KPNA1	1.0	3687
ENSG00000114054	15	PCCB	1.0	3688
ENSG00000114062	15	UBE3A	1.0	3689
ENSG00000114098	15	ARMC8	1.0	3690
ENSG00000114107	15	CEP70	1.0	3691
ENSG00000114115	15	RBP1	1.0	3692
ENSG00000114120	15	SLC25A36	1.0	3693
ENSG00000114124	15	GRK7	1.0	3694
ENSG00000114125	15	RNF7	1.0	3695
ENSG00000114126	15	TFDP2	1.0	3696
ENSG00000114127	15	XRN1	1.0	3697
ENSG00000114166	15	KAT2B	1.0	3698
ENSG00000114200	15	BCHE	1.0	3699
ENSG00000114209	15	PDCD10	1.0	3700
ENSG00000114251	15	WNT5A	1.0	3701
ENSG00000114268	15	PFKFB4	1.0	3702
ENSG00000114270	15	COL7A1	1.0	3703
ENSG00000114279	15	FGF12	1.0	3704
ENSG00000114302	15	PRKAR2A	1.0	3705
ENSG00000114315	15	HES1	1.0	3706
ENSG00000114316	15	USP4	1.0	3707
ENSG00000114331	15	ACAP2	1.0	3708
ENSG00000114346	15	ECT2	1.0	3709
ENSG00000114353	15	GNAI2	1.0	3710
ENSG00000114354	15	TFG	1.0	3711
ENSG00000114378	15	HYAL1	1.0	3712
ENSG00000114383	15	TUSC2	1.0	3713
ENSG00000114388	15	NPRL2	1.0	3714
ENSG00000114391	15	RPL24	1.0	3715
ENSG00000114405	15	CEP15	1.0	3716
ENSG00000114416	15	FXR1	1.0	3717
ENSG00000114423	15	CBLB	1.0	3718
ENSG00000114439	15	BBX	1.0	3719
ENSG00000114446	15	IFT57	1.0	3720
ENSG00000114450	15	GNB4	1.0	3721
ENSG00000114473	15	IQCG	1.0	3722
ENSG00000114480	15	GBE1	1.0	3723
ENSG00000114491	15	UMPS	1.0	3724
ENSG00000114503	15	NCBP2	1.0	3725
ENSG00000114520	15	SNX4	1.0	3726
ENSG00000114529	15	C3orf52	1.0	3727
ENSG00000114541	15	FRMD4B	1.0	3728
ENSG00000114544	15	SLC41A3	1.0	3729
ENSG00000114547	15	ROPN1B	1.0	3730
ENSG00000114554	15	PLXNA1	1.0	3731
ENSG00000114573	15	ATP6V1A	1.0	3732
ENSG00000114626	15	ABTB1	1.0	3733
ENSG00000114631	15	PODXL2	1.0	3734
ENSG00000114638	15	UPK1B	1.0	3735
ENSG00000114646	15	CSPG5	1.0	3736
ENSG00000114648	15	KLHL18	1.0	3737
ENSG00000114650	15	SCAP	1.0	3738
ENSG00000114654	15	EFCC1	1.0	3739
ENSG00000114670	15	NEK11	1.0	3740
ENSG00000114686	15	MRPL3	1.0	3741
ENSG00000114698	15	PLSCR4	1.0	3742
ENSG00000114735	15	HEMK1	1.0	3743
ENSG00000114737	15	CISH	1.0	3744
ENSG00000114738	15	MAPKAPK3	1.0	3745
ENSG00000114739	15	ACVR2B	1.0	3746
ENSG00000114742	15	WDR48	1.0	3747
ENSG00000114744	15	COMMD2	1.0	3748
ENSG00000114745	15	GORASP1	1.0	3749
ENSG00000114757	15	PEX5L	1.0	3750
ENSG00000114767	15	RRP9	1.0	3751
ENSG00000114770	15	ABCC5	1.0	3752
ENSG00000114779	15	ABHD14B	1.0	3753
ENSG00000114784	15	EIF1B	1.0	3754
ENSG00000114790	15	ARHGEF26	1.0	3755
ENSG00000114796	15	KLHL24	1.0	3756
ENSG00000114805	15	PLCH1	1.0	3757
ENSG00000114812	15	VIPR1	1.0	3758
ENSG00000114841	15	DNAH1	1.0	3759
ENSG00000114850	15	SSR3	1.0	3760
ENSG00000114853	15	ZBTB47	1.0	3761
ENSG00000114854	15	TNNC1	1.0	3762
ENSG00000114857	15	NKTR	1.0	3763
ENSG00000114859	15	CLCN2	1.0	3764
ENSG00000114861	15	FOXP1	1.0	3765
ENSG00000114867	15	EIF4G1	1.0	3766
ENSG00000114902	15	SPCS1	1.0	3767
ENSG00000114904	15	NEK4	1.0	3768
ENSG00000114923	15	SLC4A3	1.0	3769
ENSG00000114933	15	INO80D	1.0	3770
ENSG00000114942	15	EEF1B2	1.0	3771
ENSG00000114948	15	ADAM23	1.0	3772
ENSG00000114956	15	DGUOK	1.0	3773
ENSG00000114978	15	MOB1A	1.0	3774
ENSG00000114982	15	KANSL3	1.0	3775
ENSG00000114988	15	LMAN2L	1.0	3776
ENSG00000114993	15	RTKN	1.0	3777
ENSG00000114999	15	TTL	1.0	3778
ENSG00000115008	15	IL1A	1.0	3779
ENSG00000115009	15	CCL20	1.0	3780
ENSG00000115020	15	PIKFYVE	1.0	3781
ENSG00000115041	15	KCNIP3	1.0	3782
ENSG00000115042	15	FAHD2A	1.0	3783
ENSG00000115053	15	NCL	1.0	3784
ENSG00000115073	15	ACTR1B	1.0	3785
ENSG00000115084	15	SLC35F5	1.0	3786
ENSG00000115085	15	ZAP70	1.0	3787
ENSG00000115091	15	ACTR3	1.0	3788
ENSG00000115107	15	STEAP3	1.0	3789
ENSG00000115109	15	EPB41L5	1.0	3790
ENSG00000115112	15	TFCP2L1	1.0	3791
ENSG00000115129	15	TP53I3	1.0	3792
ENSG00000115137	15	DNAJC27	1.0	3793
ENSG00000115138	15	POMC	1.0	3794
ENSG00000115145	15	STAM2	1.0	3795
ENSG00000115159	15	GPD2	1.0	3796
ENSG00000115163	15	CENPA	1.0	3797
ENSG00000115165	15	CYTIP	1.0	3798
ENSG00000115170	15	ACVR1	1.0	3799
ENSG00000115183	15	TANC1	1.0	3800
ENSG00000115194	15	SLC30A3	1.0	3801
ENSG00000115204	15	MPV17	1.0	3802
ENSG00000115207	15	GTF3C2	1.0	3803
ENSG00000115211	15	EIF2B4	1.0	3804
ENSG00000115216	15	NRBP1	1.0	3805
ENSG00000115221	15	ITGB6	1.0	3806
ENSG00000115226	15	FNDC4	1.0	3807
ENSG00000115232	15	ITGA4	1.0	3808
ENSG00000115233	15	PSMD14	1.0	3809
ENSG00000115234	15	SNX17	1.0	3810
ENSG00000115239	15	ASB3	1.0	3811
ENSG00000115241	15	PPM1G	1.0	3812
ENSG00000115252	15	PDE1A	1.0	3813
ENSG00000115255	15	REEP6	1.0	3814
ENSG00000115257	15	PCSK4	1.0	3815
ENSG00000115266	15	APC2	1.0	3816
ENSG00000115267	15	IFIH1	1.0	3817
ENSG00000115268	15	RPS15	1.0	3818
ENSG00000115271	15	GCA	1.0	3819
ENSG00000115274	15	INO80B	1.0	3820
ENSG00000115275	15	MOGS	1.0	3821
ENSG00000115282	15	TTC31	1.0	3822
ENSG00000115286	15	NDUFS7	1.0	3823
ENSG00000115289	15	PCGF1	1.0	3824
ENSG00000115290	15	GRB14	1.0	3825
ENSG00000115295	15	CLIP4	1.0	3826
ENSG00000115306	15	SPTBN1	1.0	3827
ENSG00000115307	15	AUP1	1.0	3828
ENSG00000115310	15	RTN4	1.0	3829
ENSG00000115317	15	HTRA2	1.0	3830
ENSG00000115318	15	LOXL3	1.0	3831
ENSG00000115325	15	DOK1	1.0	3832
ENSG00000115339	15	GALNT3	1.0	3833
ENSG00000115350	15	POLE4	1.0	3834
ENSG00000115353	15	TACR1	1.0	3835
ENSG00000115355	15	CCDC88A	1.0	3836
ENSG00000115361	15	ACADL	1.0	3837
ENSG00000115363	15	EVA1A	1.0	3838
ENSG00000115364	15	MRPL19	1.0	3839
ENSG00000115365	15	LANCL1	1.0	3840
ENSG00000115368	15	WDR75	1.0	3841
ENSG00000115380	15	EFEMP1	1.0	3842
ENSG00000115392	15	FANCL	1.0	3843
ENSG00000115414	15	FN1	1.0	3844
ENSG00000115415	15	STAT1	1.0	3845
ENSG00000115419	15	GLS	1.0	3846
ENSG00000115421	15	PAPOLG	1.0	3847
ENSG00000115423	15	DNAH6	1.0	3848
ENSG00000115425	15	PECR	1.0	3849
ENSG00000115446	15	UNC50	1.0	3850
ENSG00000115457	15	IGFBP2	1.0	3851
ENSG00000115459	15	ELMOD3	1.0	3852
ENSG00000115461	15	IGFBP5	1.0	3853
ENSG00000115464	15	USP34	1.0	3854
ENSG00000115468	15	EFHD1	1.0	3855
ENSG00000115484	15	CCT4	1.0	3856
ENSG00000115486	15	GGCX	1.0	3857
ENSG00000115504	15	EHBP1	1.0	3858
ENSG00000115507	15	OTX1	1.0	3859
ENSG00000115514	15	TXNDC9	1.0	3860
ENSG00000115520	15	COQ10B	1.0	3861
ENSG00000115523	15	GNLY	1.0	3862
ENSG00000115524	15	SF3B1	1.0	3863
ENSG00000115525	15	ST3GAL5	1.0	3864
ENSG00000115526	15	CHST10	1.0	3865
ENSG00000115539	15	PDCL3	1.0	3866
ENSG00000115540	15	MOB4	1.0	3867
ENSG00000115541	15	HSPE1	1.0	3868
ENSG00000115548	15	KDM3A	1.0	3869
ENSG00000115556	15	PLCD4	1.0	3870
ENSG00000115561	15	CHMP3	1.0	3871
ENSG00000115568	15	ZNF142	1.0	3872
ENSG00000115590	15	IL1R2	1.0	3873
ENSG00000115593	15	SMYD1	1.0	3874
ENSG00000115594	15	IL1R1	1.0	3875
ENSG00000115596	15	WNT6	1.0	3876
ENSG00000115598	15	IL1RL2	1.0	3877
ENSG00000115602	15	IL1RL1	1.0	3878
ENSG00000115604	15	IL18R1	1.0	3879
ENSG00000115607	15	IL18RAP	1.0	3880
ENSG00000115616	15	SLC9A2	1.0	3881
ENSG00000115641	15	FHL2	1.0	3882
ENSG00000115648	15	MLPH	1.0	3883
ENSG00000115649	15	CNPPD1	1.0	3884
ENSG00000115652	15	UXS1	1.0	3885
ENSG00000115657	15	ABCB6	1.0	3886
ENSG00000115661	15	STK16	1.0	3887
ENSG00000115677	15	HDLBP	1.0	3888
ENSG00000115685	15	PPP1R7	1.0	3889
ENSG00000115687	15	PASK	1.0	3890
ENSG00000115694	15	STK25	1.0	3891
ENSG00000115705	15	TPO	1.0	3892
ENSG00000115718	15	PROC	1.0	3893
ENSG00000115738	15	ID2	1.0	3894
ENSG00000115750	15	TAF1B	1.0	3895
ENSG00000115756	15	HPCAL1	1.0	3896
ENSG00000115758	15	ODC1	1.0	3897
ENSG00000115760	15	BIRC6	1.0	3898
ENSG00000115761	15	NOL10	1.0	3899
ENSG00000115762	15	PLEKHB2	1.0	3900
ENSG00000115806	15	GORASP2	1.0	3901
ENSG00000115808	15	STRN	1.0	3902
ENSG00000115816	15	CEBPZ	1.0	3903
ENSG00000115825	15	PRKD3	1.0	3904
ENSG00000115827	15	DCAF17	1.0	3905
ENSG00000115828	15	QPCT	1.0	3906
ENSG00000115839	15	RAB3GAP1	1.0	3907
ENSG00000115840	15	SLC25A12	1.0	3908
ENSG00000115841	15	RMDN2	1.0	3909
ENSG00000115844	15	DLX2	1.0	3910
ENSG00000115850	15	LCT	1.0	3911
ENSG00000115875	15	SRSF7	1.0	3912
ENSG00000115884	15	SDC1	1.0	3913
ENSG00000115896	15	PLCL1	1.0	3914
ENSG00000115902	15	SLC1A4	1.0	3915
ENSG00000115904	15	SOS1	1.0	3916
ENSG00000115919	15	KYNU	1.0	3917
ENSG00000115935	15	WIPF1	1.0	3918
ENSG00000115942	15	ORC2	1.0	3919
ENSG00000115944	15	COX7A2L	1.0	3920
ENSG00000115946	15	PNO1	1.0	3921
ENSG00000115947	15	ORC4	1.0	3922
ENSG00000115956	15	PLEK	1.0	3923
ENSG00000115963	15	RND3	1.0	3924
ENSG00000115966	15	ATF2	1.0	3925
ENSG00000115970	15	THADA	1.0	3926
ENSG00000115977	15	AAK1	1.0	3927
ENSG00000115993	15	TRAK2	1.0	3928
ENSG00000115998	15	C2orf42	1.0	3929
ENSG00000116001	15	TIA1	1.0	3930
ENSG00000116005	15	PCYOX1	1.0	3931
ENSG00000116014	15	KISS1R	1.0	3932
ENSG00000116016	15	EPAS1	1.0	3933
ENSG00000116017	15	ARID3A	1.0	3934
ENSG00000116030	15	SUMO1	1.0	3935
ENSG00000116035	15	VAX2	1.0	3936
ENSG00000116039	15	ATP6V1B1	1.0	3937
ENSG00000116044	15	NFE2L2	1.0	3938
ENSG00000116062	15	MSH6	1.0	3939
ENSG00000116095	15	PLEKHA3	1.0	3940
ENSG00000116096	15	SPR	1.0	3941
ENSG00000116106	15	EPHA4	1.0	3942
ENSG00000116117	15	PARD3B	1.0	3943
ENSG00000116120	15	FARSB	1.0	3944
ENSG00000116127	15	ALMS1	1.0	3945
ENSG00000116128	15	BCL9	1.0	3946
ENSG00000116132	15	PRRX1	1.0	3947
ENSG00000116133	15	DHCR24	1.0	3948
ENSG00000116138	15	DNAJC16	1.0	3949
ENSG00000116141	15	MARK1	1.0	3950
ENSG00000116151	15	MORN1	1.0	3951
ENSG00000116157	15	GPX7	1.0	3952
ENSG00000116161	15	CACYBP	1.0	3953
ENSG00000116171	15	SCP2	1.0	3954
ENSG00000116176	15	TPSG1	1.0	3955
ENSG00000116183	15	PAPPA2	1.0	3956
ENSG00000116191	15	RALGPS2	1.0	3957
ENSG00000116194	15	ANGPTL1	1.0	3958
ENSG00000116198	15	CEP104	1.0	3959
ENSG00000116199	15	FAM20B	1.0	3960
ENSG00000116205	15	TCEANC2	1.0	3961
ENSG00000116209	15	TMEM59	1.0	3962
ENSG00000116212	15	LRRC42	1.0	3963
ENSG00000116213	15	WRAP73	1.0	3964
ENSG00000116221	15	MRPL37	1.0	3965
ENSG00000116237	15	ICMT	1.0	3966
ENSG00000116251	15	RPL22	1.0	3967
ENSG00000116260	15	QSOX1	1.0	3968
ENSG00000116266	15	STXBP3	1.0	3969
ENSG00000116273	15	PHF13	1.0	3970
ENSG00000116285	15	ERRFI1	1.0	3971
ENSG00000116288	15	PARK7	1.0	3972
ENSG00000116329	15	OPRD1	1.0	3973
ENSG00000116337	15	AMPD2	1.0	3974
ENSG00000116350	15	SRSF4	1.0	3975
ENSG00000116353	15	MECR	1.0	3976
ENSG00000116396	15	KCNC4	1.0	3977
ENSG00000116406	15	EDEM3	1.0	3978
ENSG00000116455	15	WDR77	1.0	3979
ENSG00000116473	15	RAP1A	1.0	3980
ENSG00000116478	15	HDAC1	1.0	3981
ENSG00000116489	15	CAPZA1	1.0	3982
ENSG00000116497	15	S100PBP	1.0	3983
ENSG00000116514	15	RNF19B	1.0	3984
ENSG00000116521	15	SCAMP3	1.0	3985
ENSG00000116525	15	TRIM62	1.0	3986
ENSG00000116539	15	ASH1L	1.0	3987
ENSG00000116544	15	DLGAP3	1.0	3988
ENSG00000116560	15	SFPQ	1.0	3989
ENSG00000116574	15	RHOU	1.0	3990
ENSG00000116580	15	GON4L	1.0	3991
ENSG00000116584	15	ARHGEF2	1.0	3992
ENSG00000116586	15	LAMTOR2	1.0	3993
ENSG00000116604	15	MEF2D	1.0	3994
ENSG00000116641	15	DOCK7	1.0	3995
ENSG00000116649	15	SRM	1.0	3996
ENSG00000116661	15	FBXO2	1.0	3997
ENSG00000116663	15	FBXO6	1.0	3998
ENSG00000116667	15	C1orf21	1.0	3999
ENSG00000116668	15	SWT1	1.0	4000
ENSG00000116670	15	MAD2L2	1.0	4001
ENSG00000116675	15	DNAJC6	1.0	4002
ENSG00000116678	15	LEPR	1.0	4003
ENSG00000116679	15	IVNS1ABP	1.0	4004
ENSG00000116685	15	KIAA2013	1.0	4005
ENSG00000116688	15	MFN2	1.0	4006
ENSG00000116690	15	PRG4	1.0	4007
ENSG00000116691	15	MIIP	1.0	4008
ENSG00000116698	15	SMG7	1.0	4009
ENSG00000116701	15	NCF2	1.0	4010
ENSG00000116704	15	SLC35D1	1.0	4011
ENSG00000116711	15	PLA2G4A	1.0	4012
ENSG00000116717	15	GADD45A	1.0	4013
ENSG00000116729	15	WLS	1.0	4014
ENSG00000116731	15	PRDM2	1.0	4015
ENSG00000116741	15	RGS2	1.0	4016
ENSG00000116745	15	RPE65	1.0	4017
ENSG00000116748	15	AMPD1	1.0	4018
ENSG00000116750	15	UCHL5	1.0	4019
ENSG00000116752	15	BCAS2	1.0	4020
ENSG00000116754	15	SRSF11	1.0	4021
ENSG00000116761	15	CTH	1.0	4022
ENSG00000116771	15	AGMAT	1.0	4023
ENSG00000116774	15	OLFML3	1.0	4024
ENSG00000116783	15	TNNI3K	1.0	4025
ENSG00000116786	15	PLEKHM2	1.0	4026
ENSG00000116791	15	CRYZ	1.0	4027
ENSG00000116793	15	PHTF1	1.0	4028
ENSG00000116809	15	ZBTB17	1.0	4029
ENSG00000116815	15	CD58	1.0	4030
ENSG00000116819	15	TFAP2E	1.0	4031
ENSG00000116824	15	CD2	1.0	4032
ENSG00000116830	15	TTF2	1.0	4033
ENSG00000116833	15	NR5A2	1.0	4034
ENSG00000116852	15	KIF21B	1.0	4035
ENSG00000116857	15	TMEM9	1.0	4036
ENSG00000116871	15	MAP7D1	1.0	4037
ENSG00000116874	15	WARS2	1.0	4038
ENSG00000116885	15	OSCP1	1.0	4039
ENSG00000116898	15	MRPS15	1.0	4040
ENSG00000116903	15	EXOC8	1.0	4041
ENSG00000116906	15	GNPAT	1.0	4042
ENSG00000116922	15	AIRIM	1.0	4043
ENSG00000116954	15	RRAGC	1.0	4044
ENSG00000116962	15	NID1	1.0	4045
ENSG00000116977	15	LGALS8	1.0	4046
ENSG00000116984	15	MTR	1.0	4047
ENSG00000116985	15	BMP8B	1.0	4048
ENSG00000116990	15	MYCL	1.0	4049
ENSG00000116991	15	SIPA1L2	1.0	4050
ENSG00000117000	15	RLF	1.0	4051
ENSG00000117009	15	KMO	1.0	4052
ENSG00000117010	15	ZNF684	1.0	4053
ENSG00000117013	15	KCNQ4	1.0	4054
ENSG00000117016	15	RIMS3	1.0	4055
ENSG00000117020	15	AKT3	1.0	4056
ENSG00000117036	15	ETV3	1.0	4057
ENSG00000117054	15	ACADM	1.0	4058
ENSG00000117069	15	ST6GALNAC5	1.0	4059
ENSG00000117090	15	SLAMF1	1.0	4060
ENSG00000117091	15	CD48	1.0	4061
ENSG00000117115	15	PADI2	1.0	4062
ENSG00000117118	15	SDHB	1.0	4063
ENSG00000117122	15	MFAP2	1.0	4064
ENSG00000117133	15	RPF1	1.0	4065
ENSG00000117139	15	KDM5B	1.0	4066
ENSG00000117143	15	UAP1	1.0	4067
ENSG00000117151	15	CTBS	1.0	4068
ENSG00000117152	15	RGS4	1.0	4069
ENSG00000117153	15	KLHL12	1.0	4070
ENSG00000117154	15	IGSF21	1.0	4071
ENSG00000117155	15	SSX2IP	1.0	4072
ENSG00000117174	15	ZNHIT6	1.0	4073
ENSG00000117215	15	PLA2G2D	1.0	4074
ENSG00000117222	15	RBBP5	1.0	4075
ENSG00000117226	15	GBP3	1.0	4076
ENSG00000117228	15	GBP1	1.0	4077
ENSG00000117242	15	PINK1-AS	1.0	4078
ENSG00000117245	15	KIF17	1.0	4079
ENSG00000117262	15	GPR89A	1.0	4080
ENSG00000117266	15	CDK18	1.0	4081
ENSG00000117281	15	CD160	1.0	4082
ENSG00000117298	15	ECE1	1.0	4083
ENSG00000117305	15	HMGCL	1.0	4084
ENSG00000117308	15	GALE	1.0	4085
ENSG00000117318	15	ID3	1.0	4086
ENSG00000117322	15	CR2	1.0	4087
ENSG00000117335	15	CD46	1.0	4088
ENSG00000117360	15	PRPF3	1.0	4089
ENSG00000117362	15	APH1A	1.0	4090
ENSG00000117394	15	SLC2A1	1.0	4091
ENSG00000117395	15	EBNA1BP2	1.0	4092
ENSG00000117399	15	CDC20	1.0	4093
ENSG00000117407	15	ARTN	1.0	4094
ENSG00000117408	15	IPO13	1.0	4095
ENSG00000117410	15	ATP6V0B	1.0	4096
ENSG00000117411	15	B4GALT2	1.0	4097
ENSG00000117419	15	ERI3	1.0	4098
ENSG00000117425	15	PTCH2	1.0	4099
ENSG00000117448	15	AKR1A1	1.0	4100
ENSG00000117450	15	PRDX1	1.0	4101
ENSG00000117472	15	TSPAN1	1.0	4102
ENSG00000117475	15	BLZF1	1.0	4103
ENSG00000117477	15	CCDC181	1.0	4104
ENSG00000117479	15	SLC19A2	1.0	4105
ENSG00000117480	15	FAAH	1.0	4106
ENSG00000117481	15	NSUN4	1.0	4107
ENSG00000117500	15	TMED5	1.0	4108
ENSG00000117505	15	DR1	1.0	4109
ENSG00000117519	15	CNN3	1.0	4110
ENSG00000117523	15	PRRC2C	1.0	4111
ENSG00000117525	15	F3	1.0	4112
ENSG00000117528	15	ABCD3	1.0	4113
ENSG00000117533	15	VAMP4	1.0	4114
ENSG00000117543	15	DPH5	1.0	4115
ENSG00000117560	15	FASLG	1.0	4116
ENSG00000117569	15	PTBP2	1.0	4117
ENSG00000117586	15	TNFSF4	1.0	4118
ENSG00000117592	15	PRDX6	1.0	4119
ENSG00000117593	15	DARS2	1.0	4120
ENSG00000117594	15	HSD11B1	1.0	4121
ENSG00000117595	15	IRF6	1.0	4122
ENSG00000117602	15	RCAN3	1.0	4123
ENSG00000117614	15	SYF2	1.0	4124
ENSG00000117620	15	SLC35A3	1.0	4125
ENSG00000117625	15	RCOR3	1.0	4126
ENSG00000117632	15	STMN1	1.0	4127
ENSG00000117640	15	MTFR1L	1.0	4128
ENSG00000117643	15	MAN1C1	1.0	4129
ENSG00000117650	15	NEK2	1.0	4130
ENSG00000117676	15	RPS6KA1	1.0	4131
ENSG00000117682	15	DHDDS	1.0	4132
ENSG00000117691	15	NENF	1.0	4133
ENSG00000117697	15	NSL1	1.0	4134
ENSG00000117707	15	PROX1	1.0	4135
ENSG00000117713	15	ARID1A	1.0	4136
ENSG00000117724	15	CENPF	1.0	4137
ENSG00000117748	15	RPA2	1.0	4138
ENSG00000117751	15	PPP1R8	1.0	4139
ENSG00000117758	15	STX12	1.0	4140
ENSG00000117834	15	SLC5A9	1.0	4141
ENSG00000117859	15	OSBPL9	1.0	4142
ENSG00000117862	15	TXNDC12	1.0	4143
ENSG00000117868	15	ESYT2	1.0	4144
ENSG00000117906	15	RCN2	1.0	4145
ENSG00000117983	15	MUC5B	1.0	4146
ENSG00000117984	15	CTSD	1.0	4147
ENSG00000118004	15	COLEC11	1.0	4148
ENSG00000118007	15	STAG1	1.0	4149
ENSG00000118046	15	STK11	1.0	4150
ENSG00000118058	15	KMT2A	1.0	4151
ENSG00000118096	15	IFT46	1.0	4152
ENSG00000118137	15	APOA1	1.0	4153
ENSG00000118156	15	ZNF541	1.0	4154
ENSG00000118160	15	SLC8A2	1.0	4155
ENSG00000118162	15	KPTN	1.0	4156
ENSG00000118181	15	RPS25	1.0	4157
ENSG00000118193	15	KIF14	1.0	4158
ENSG00000118194	15	TNNT2	1.0	4159
ENSG00000118197	15	DDX59	1.0	4160
ENSG00000118200	15	CAMSAP2	1.0	4161
ENSG00000118217	15	ATF6	1.0	4162
ENSG00000118242	15	MREG	1.0	4163
ENSG00000118246	15	FASTKD2	1.0	4164
ENSG00000118257	15	NRP2	1.0	4165
ENSG00000118260	15	CREB1	1.0	4166
ENSG00000118263	15	KLF7	1.0	4167
ENSG00000118276	15	B4GALT6	1.0	4168
ENSG00000118292	15	C1orf54	1.0	4169
ENSG00000118298	15	CA14	1.0	4170
ENSG00000118322	15	ATP10B	1.0	4171
ENSG00000118363	15	SPCS2	1.0	4172
ENSG00000118369	15	USP35	1.0	4173
ENSG00000118402	15	ELOVL4	1.0	4174
ENSG00000118407	15	FILIP1	1.0	4175
ENSG00000118418	15	HMGN3	1.0	4176
ENSG00000118420	15	UBE3D	1.0	4177
ENSG00000118432	15	CNR1	1.0	4178
ENSG00000118454	15	ANKRD13C	1.0	4179
ENSG00000118473	15	SGIP1	1.0	4180
ENSG00000118482	15	PHF3	1.0	4181
ENSG00000118495	15	PLAGL1	1.0	4182
ENSG00000118496	15	FBXO30	1.0	4183
ENSG00000118503	15	TNFAIP3	1.0	4184
ENSG00000118507	15	AKAP7	1.0	4185
ENSG00000118508	15	RAB32	1.0	4186
ENSG00000118513	15	MYB	1.0	4187
ENSG00000118514	15	ALDH8A1	1.0	4188
ENSG00000118515	15	SGK1	1.0	4189
ENSG00000118518	15	RNF146	1.0	4190
ENSG00000118526	15	TCF21	1.0	4191
ENSG00000118564	15	FBXL5	1.0	4192
ENSG00000118579	15	MED28	1.0	4193
ENSG00000118596	15	SLC16A7	1.0	4194
ENSG00000118620	15	ZNF430	1.0	4195
ENSG00000118640	15	VAMP8	1.0	4196
ENSG00000118655	15	DCLRE1B	1.0	4197
ENSG00000118680	15	MYL12B	1.0	4198
ENSG00000118689	15	FOXO3	1.0	4199
ENSG00000118690	15	ARMC2	1.0	4200
ENSG00000118702	15	GHRH	1.0	4201
ENSG00000118705	15	RPN2	1.0	4202
ENSG00000118707	15	TGIF2	1.0	4203
ENSG00000118729	15	CASQ2	1.0	4204
ENSG00000118762	15	PKD2	1.0	4205
ENSG00000118777	15	ABCG2	1.0	4206
ENSG00000118785	15	SPP1	1.0	4207
ENSG00000118816	15	CCNI	1.0	4208
ENSG00000118849	15	RARRES1	1.0	4209
ENSG00000118855	15	MFSD1	1.0	4210
ENSG00000118873	15	RAB3GAP2	1.0	4211
ENSG00000118898	15	PPL	1.0	4212
ENSG00000118900	15	UBN1	1.0	4213
ENSG00000118922	15	KLF12	1.0	4214
ENSG00000118939	15	UCHL3	1.0	4215
ENSG00000118946	15	PCDH17	1.0	4216
ENSG00000118960	15	HS1BP3	1.0	4217
ENSG00000118965	15	WDR35	1.0	4218
ENSG00000118971	15	CCND2	1.0	4219
ENSG00000118985	15	ELL2	1.0	4220
ENSG00000118997	15	DNAH7	1.0	4221
ENSG00000119004	15	CYP20A1	1.0	4222
ENSG00000119013	15	NDUFB3	1.0	4223
ENSG00000119041	15	GTF3C3	1.0	4224
ENSG00000119042	15	SATB2	1.0	4225
ENSG00000119048	15	UBE2B	1.0	4226
ENSG00000119121	15	TRPM6	1.0	4227
ENSG00000119125	15	GDA	1.0	4228
ENSG00000119138	15	KLF9	1.0	4229
ENSG00000119139	15	TJP2	1.0	4230
ENSG00000119185	15	ITGB1BP1	1.0	4231
ENSG00000119203	15	CPSF3	1.0	4232
ENSG00000119227	15	PIGZ	1.0	4233
ENSG00000119231	15	SENP5	1.0	4234
ENSG00000119242	15	CCDC92	1.0	4235
ENSG00000119280	15	C1orf198	1.0	4236
ENSG00000119285	15	HEATR1	1.0	4237
ENSG00000119314	15	PTBP3	1.0	4238
ENSG00000119318	15	RAD23B	1.0	4239
ENSG00000119321	15	FKBP15	1.0	4240
ENSG00000119326	15	CTNNAL1	1.0	4241
ENSG00000119335	15	SET	1.0	4242
ENSG00000119392	15	GLE1	1.0	4243
ENSG00000119396	15	RAB14	1.0	4244
ENSG00000119397	15	CNTRL	1.0	4245
ENSG00000119401	15	TRIM32	1.0	4246
ENSG00000119402	15	FBXW2	1.0	4247
ENSG00000119403	15	PHF19	1.0	4248
ENSG00000119408	15	NEK6	1.0	4249
ENSG00000119411	15	BSPRY	1.0	4250
ENSG00000119414	15	PPP6C	1.0	4251
ENSG00000119421	15	NDUFA8	1.0	4252
ENSG00000119431	15	HDHD3	1.0	4253
ENSG00000119446	15	RBM18	1.0	4254
ENSG00000119471	15	HSDL2	1.0	4255
ENSG00000119487	15	MAPKAP1	1.0	4256
ENSG00000119508	15	NR4A3	1.0	4257
ENSG00000119509	15	INVS	1.0	4258
ENSG00000119514	15	GALNT12	1.0	4259
ENSG00000119522	15	DENND1A	1.0	4260
ENSG00000119523	15	ALG2	1.0	4261
ENSG00000119535	15	CSF3R	1.0	4262
ENSG00000119537	15	KDSR	1.0	4263
ENSG00000119541	15	VPS4B	1.0	4264
ENSG00000119547	15	ONECUT2	1.0	4265
ENSG00000119559	15	C19orf25	1.0	4266
ENSG00000119574	15	ZBTB45	1.0	4267
ENSG00000119596	15	YLPM1	1.0	4268
ENSG00000119599	15	DCAF4	1.0	4269
ENSG00000119616	15	FCF1	1.0	4270
ENSG00000119630	15	PGF	1.0	4271
ENSG00000119632	15	IFI27L2	1.0	4272
ENSG00000119638	15	NEK9	1.0	4273
ENSG00000119640	15	ACYP1	1.0	4274
ENSG00000119650	15	IFT43	1.0	4275
ENSG00000119655	15	NPC2	1.0	4276
ENSG00000119661	15	DNAL1	1.0	4277
ENSG00000119669	15	IRF2BPL	1.0	4278
ENSG00000119673	15	ACOT2	1.0	4279
ENSG00000119681	15	LTBP2	1.0	4280
ENSG00000119682	15	AREL1	1.0	4281
ENSG00000119684	15	MLH3	1.0	4282
ENSG00000119685	15	TTLL5	1.0	4283
ENSG00000119686	15	FLVCR2	1.0	4284
ENSG00000119688	15	ABCD4	1.0	4285
ENSG00000119689	15	DLST	1.0	4286
ENSG00000119698	15	PPP4R4	1.0	4287
ENSG00000119699	15	TGFB3	1.0	4288
ENSG00000119703	15	ZC2HC1C	1.0	4289
ENSG00000119705	15	SLIRP	1.0	4290
ENSG00000119707	15	RBM25	1.0	4291
ENSG00000119711	15	ALDH6A1	1.0	4292
ENSG00000119714	15	GPR68	1.0	4293
ENSG00000119715	15	ESRRB	1.0	4294
ENSG00000119718	15	EIF2B2	1.0	4295
ENSG00000119720	15	NRDE2	1.0	4296
ENSG00000119723	15	COQ6	1.0	4297
ENSG00000119725	15	ZNF410	1.0	4298
ENSG00000119729	15	RHOQ	1.0	4299
ENSG00000119760	15	SUPT7L	1.0	4300
ENSG00000119771	15	KLHL29	1.0	4301
ENSG00000119772	15	DNMT3A	1.0	4302
ENSG00000119777	15	TMEM214	1.0	4303
ENSG00000119778	15	ATAD2B	1.0	4304
ENSG00000119782	15	FKBP1B	1.0	4305
ENSG00000119787	15	ATL2	1.0	4306
ENSG00000119801	15	YPEL5	1.0	4307
ENSG00000119812	15	FAM98A	1.0	4308
ENSG00000119820	15	YIPF4	1.0	4309
ENSG00000119844	15	AFTPH	1.0	4310
ENSG00000119862	15	LGALSL	1.0	4311
ENSG00000119865	15	CNRIP1	1.0	4312
ENSG00000119866	15	BCL11A	1.0	4313
ENSG00000119878	15	CRIPT	1.0	4314
ENSG00000119888	15	EPCAM	1.0	4315
ENSG00000119899	15	SLC17A5	1.0	4316
ENSG00000119900	15	OGFRL1	1.0	4317
ENSG00000119912	15	IDE	1.0	4318
ENSG00000119915	15	ELOVL3	1.0	4319
ENSG00000119917	15	IFIT3	1.0	4320
ENSG00000119922	15	IFIT2	1.0	4321
ENSG00000119927	15	GPAM	1.0	4322
ENSG00000119929	15	CUTC	1.0	4323
ENSG00000119938	15	PPP1R3C	1.0	4324
ENSG00000119943	15	PYROXD2	1.0	4325
ENSG00000119946	15	CNNM1	1.0	4326
ENSG00000119950	15	MXI1	1.0	4327
ENSG00000119953	15	SMNDC1	1.0	4328
ENSG00000119965	15	C10orf88	1.0	4329
ENSG00000119969	15	HELLS	1.0	4330
ENSG00000119977	15	TCTN3	1.0	4331
ENSG00000119986	15	AVPI1	1.0	4332
ENSG00000120008	15	WDR11	1.0	4333
ENSG00000120049	15	KCNIP2	1.0	4334
ENSG00000120053	15	GOT1	1.0	4335
ENSG00000120055	15	C10orf95	1.0	4336
ENSG00000120063	15	GNA13	1.0	4337
ENSG00000120071	15	KANSL1	1.0	4338
ENSG00000120093	15	HOXB3	1.0	4339
ENSG00000120129	15	DUSP1	1.0	4340
ENSG00000120137	15	PANK3	1.0	4341
ENSG00000120149	15	MSX2	1.0	4342
ENSG00000120156	15	TEK	1.0	4343
ENSG00000120158	15	RCL1	1.0	4344
ENSG00000120159	15	CAAP1	1.0	4345
ENSG00000120160	15	EQTN	1.0	4346
ENSG00000120162	15	MOB3B	1.0	4347
ENSG00000120217	15	CD274	1.0	4348
ENSG00000120251	15	GRIA2	1.0	4349
ENSG00000120253	15	NUP43	1.0	4350
ENSG00000120254	15	MTHFD1L	1.0	4351
ENSG00000120256	15	LRP11	1.0	4352
ENSG00000120262	15	CCDC170	1.0	4353
ENSG00000120265	15	PCMT1	1.0	4354
ENSG00000120278	15	PLEKHG1	1.0	4355
ENSG00000120279	15	MYCT1	1.0	4356
ENSG00000120306	15	CYSTM1	1.0	4357
ENSG00000120314	15	WDR55	1.0	4358
ENSG00000120318	15	ARAP3	1.0	4359
ENSG00000120324	15	PCDHB10	1.0	4360
ENSG00000120327	15	PCDHB14	1.0	4361
ENSG00000120328	15	PCDHB12	1.0	4362
ENSG00000120332	15	TNN	1.0	4363
ENSG00000120333	15	MRPS14	1.0	4364
ENSG00000120334	15	CENPL	1.0	4365
ENSG00000120341	15	SEC16B	1.0	4366
ENSG00000120370	15	GORAB	1.0	4367
ENSG00000120437	15	ACAT2	1.0	4368
ENSG00000120438	15	TCP1	1.0	4369
ENSG00000120451	15	SNX19	1.0	4370
ENSG00000120457	15	KCNJ5	1.0	4371
ENSG00000120458	15	MSANTD2	1.0	4372
ENSG00000120471	15	TP53AIP1	1.0	4373
ENSG00000120509	15	PDZD11	1.0	4374
ENSG00000120519	15	SLC10A7	1.0	4375
ENSG00000120526	15	NUDCD1	1.0	4376
ENSG00000120533	15	ENY2	1.0	4377
ENSG00000120539	15	MASTL	1.0	4378
ENSG00000120549	15	KIAA1217	1.0	4379
ENSG00000120594	15	PLXDC2	1.0	4380
ENSG00000120616	15	EPC1	1.0	4381
ENSG00000120645	15	IQSEC3	1.0	4382
ENSG00000120647	15	CCDC77	1.0	4383
ENSG00000120656	15	TAF12	1.0	4384
ENSG00000120658	15	ENOX1	1.0	4385
ENSG00000120659	15	TNFSF11	1.0	4386
ENSG00000120662	15	MTRF1	1.0	4387
ENSG00000120669	15	SOHLH2	1.0	4388
ENSG00000120675	15	DNAJC15	1.0	4389
ENSG00000120685	15	PROSER1	1.0	4390
ENSG00000120686	15	UFM1	1.0	4391
ENSG00000120688	15	WBP4	1.0	4392
ENSG00000120690	15	ELF1	1.0	4393
ENSG00000120693	15	SMAD9	1.0	4394
ENSG00000120694	15	HSPH1	1.0	4395
ENSG00000120696	15	KBTBD7	1.0	4396
ENSG00000120697	15	ALG5	1.0	4397
ENSG00000120699	15	EXOSC8	1.0	4398
ENSG00000120705	15	ETF1	1.0	4399
ENSG00000120708	15	TGFBI	1.0	4400
ENSG00000120709	15	FAM53C	1.0	4401
ENSG00000120725	15	SIL1	1.0	4402
ENSG00000120727	15	PAIP2	1.0	4403
ENSG00000120729	15	MYOT	1.0	4404
ENSG00000120733	15	KDM3B	1.0	4405
ENSG00000120738	15	EGR1	1.0	4406
ENSG00000120742	15	SERP1	1.0	4407
ENSG00000120756	15	PLS1	1.0	4408
ENSG00000120784	15	ZFP30	1.0	4409
ENSG00000120798	15	NR2C1	1.0	4410
ENSG00000120800	15	UTP20	1.0	4411
ENSG00000120802	15	TMPO	1.0	4412
ENSG00000120805	15	ARL1	1.0	4413
ENSG00000120820	15	GLT8D2	1.0	4414
ENSG00000120833	15	SOCS2	1.0	4415
ENSG00000120837	15	NFYB	1.0	4416
ENSG00000120868	15	APAF1	1.0	4417
ENSG00000120875	15	DUSP4	1.0	4418
ENSG00000120885	15	CLU	1.0	4419
ENSG00000120889	15	TNFRSF10B	1.0	4420
ENSG00000120896	15	SORBS3	1.0	4421
ENSG00000120899	15	PTK2B	1.0	4422
ENSG00000120907	15	ADRA1A	1.0	4423
ENSG00000120910	15	PPP3CC	1.0	4424
ENSG00000120913	15	PDLIM2	1.0	4425
ENSG00000120915	15	EPHX2	1.0	4426
ENSG00000120925	15	RNF170	1.0	4427
ENSG00000120942	15	UBIAD1	1.0	4428
ENSG00000120948	15	TARDBP	1.0	4429
ENSG00000120949	15	TNFRSF8	1.0	4430
ENSG00000120963	15	ZNF706	1.0	4431
ENSG00000120992	15	LYPLA1	1.0	4432
ENSG00000121005	15	CRISPLD1	1.0	4433
ENSG00000121022	15	COPS5	1.0	4434
ENSG00000121039	15	RDH10	1.0	4435
ENSG00000121057	15	AKAP1	1.0	4436
ENSG00000121058	15	COIL	1.0	4437
ENSG00000121060	15	TRIM25	1.0	4438
ENSG00000121064	15	SCPEP1	1.0	4439
ENSG00000121067	15	SPOP	1.0	4440
ENSG00000121068	15	TBX2	1.0	4441
ENSG00000121073	15	SLC35B1	1.0	4442
ENSG00000121101	15	TEX14	1.0	4443
ENSG00000121104	15	FAM117A	1.0	4444
ENSG00000121152	15	NCAPH	1.0	4445
ENSG00000121207	15	LRAT	1.0	4446
ENSG00000121211	15	MND1	1.0	4447
ENSG00000121236	15	TRIM6	1.0	4448
ENSG00000121270	15	ABCC11	1.0	4449
ENSG00000121281	15	ADCY7	1.0	4450
ENSG00000121289	15	CEP89	1.0	4451
ENSG00000121297	15	TSHZ3	1.0	4452
ENSG00000121310	15	ECHDC2	1.0	4453
ENSG00000121316	15	PLBD1	1.0	4454
ENSG00000121350	15	PYROXD1	1.0	4455
ENSG00000121351	15	IAPP	1.0	4456
ENSG00000121361	15	KCNJ8	1.0	4457
ENSG00000121380	15	BCL2L14	1.0	4458
ENSG00000121390	15	PSPC1	1.0	4459
ENSG00000121406	15	ZNF549	1.0	4460
ENSG00000121410	15	A1BG	1.0	4461
ENSG00000121413	15	ZSCAN18	1.0	4462
ENSG00000121417	15	ZNF211	1.0	4463
ENSG00000121440	15	PDZRN3	1.0	4464
ENSG00000121446	15	RGSL1	1.0	4465
ENSG00000121454	15	LHX4	1.0	4466
ENSG00000121481	15	RNF2	1.0	4467
ENSG00000121486	15	TRMT1L	1.0	4468
ENSG00000121542	15	SEC22A	1.0	4469
ENSG00000121552	15	CSTA	1.0	4470
ENSG00000121577	15	POPDC2	1.0	4471
ENSG00000121578	15	B4GALT4	1.0	4472
ENSG00000121579	15	NAA50	1.0	4473
ENSG00000121594	15	CD80	1.0	4474
ENSG00000121621	15	KIF18A	1.0	4475
ENSG00000121644	15	DESI2	1.0	4476
ENSG00000121653	15	MAPK8IP1	1.0	4477
ENSG00000121671	15	CRY2	1.0	4478
ENSG00000121680	15	PEX16	1.0	4479
ENSG00000121690	15	DEPDC7	1.0	4480
ENSG00000121691	15	CAT	1.0	4481
ENSG00000121716	15	PILRB	1.0	4482
ENSG00000121741	15	ZMYM2	1.0	4483
ENSG00000121742	15	GJB6	1.0	4484
ENSG00000121749	15	TBC1D15	1.0	4485
ENSG00000121766	15	ZCCHC17	1.0	4486
ENSG00000121769	15	FABP3	1.0	4487
ENSG00000121774	15	KHDRBS1	1.0	4488
ENSG00000121775	15	TMEM39B	1.0	4489
ENSG00000121797	15	CCRL2	1.0	4490
ENSG00000121851	15	POLR3GL	1.0	4491
ENSG00000121858	15	TNFSF10	1.0	4492
ENSG00000121864	15	ZNF639	1.0	4493
ENSG00000121879	15	PIK3CA	1.0	4494
ENSG00000121892	15	PDS5A	1.0	4495
ENSG00000121895	15	TMEM156	1.0	4496
ENSG00000121897	15	LIAS	1.0	4497
ENSG00000121898	15	CPXM2	1.0	4498
ENSG00000121900	15	TMEM54	1.0	4499
ENSG00000121903	15	ZSCAN20	1.0	4500
ENSG00000121904	15	CSMD2	1.0	4501
ENSG00000121905	15	HPCA	1.0	4502
ENSG00000121931	15	LRIF1	1.0	4503
ENSG00000121957	15	GPSM2	1.0	4504
ENSG00000121964	15	GTDC1	1.0	4505
ENSG00000121966	15	CXCR4	1.0	4506
ENSG00000121988	15	ZRANB3	1.0	4507
ENSG00000121989	15	ACVR2A	1.0	4508
ENSG00000122008	15	POLK	1.0	4509
ENSG00000122012	15	SV2C	1.0	4510
ENSG00000122025	15	FLT3	1.0	4511
ENSG00000122026	15	RPL21	1.0	4512
ENSG00000122033	15	MTIF3	1.0	4513
ENSG00000122034	15	GTF3A	1.0	4514
ENSG00000122035	15	RASL11A	1.0	4515
ENSG00000122042	15	UBL3	1.0	4516
ENSG00000122068	15	FYTTD1	1.0	4517
ENSG00000122121	15	XPNPEP2	1.0	4518
ENSG00000122122	15	SASH3	1.0	4519
ENSG00000122126	15	OCRL	1.0	4520
ENSG00000122133	15	PAEP	1.0	4521
ENSG00000122136	15	OBP2A	1.0	4522
ENSG00000122140	15	MRPS2	1.0	4523
ENSG00000122176	15	FMOD	1.0	4524
ENSG00000122188	15	LAX1	1.0	4525
ENSG00000122203	15	KIAA1191	1.0	4526
ENSG00000122218	15	COPA	1.0	4527
ENSG00000122223	15	CD244	1.0	4528
ENSG00000122224	15	LY9	1.0	4529
ENSG00000122254	15	HS3ST2	1.0	4530
ENSG00000122257	15	RBBP6	1.0	4531
ENSG00000122299	15	ZC3H7A	1.0	4532
ENSG00000122335	15	SERAC1	1.0	4533
ENSG00000122359	15	ANXA11	1.0	4534
ENSG00000122367	15	LDB3	1.0	4535
ENSG00000122386	15	ZNF205	1.0	4536
ENSG00000122390	15	NAA60	1.0	4537
ENSG00000122406	15	RPL5	1.0	4538
ENSG00000122417	15	ODF2L	1.0	4539
ENSG00000122420	15	PTGFR	1.0	4540
ENSG00000122435	15	TRMT13	1.0	4541
ENSG00000122477	15	LRRC39	1.0	4542
ENSG00000122482	15	ZNF644	1.0	4543
ENSG00000122483	15	CCDC18	1.0	4544
ENSG00000122484	15	RPAP2	1.0	4545
ENSG00000122507	15	BBS9	1.0	4546
ENSG00000122512	15	PMS2	1.0	4547
ENSG00000122515	15	ZMIZ2	1.0	4548
ENSG00000122543	15	OCM	1.0	4549
ENSG00000122547	15	EEPD1	1.0	4550
ENSG00000122550	15	KLHL7	1.0	4551
ENSG00000122557	15	HERPUD2	1.0	4552
ENSG00000122565	15	CBX3	1.0	4553
ENSG00000122566	15	HNRNPA2B1	1.0	4554
ENSG00000122574	15	WIPF3	1.0	4555
ENSG00000122585	15	NPY	1.0	4556
ENSG00000122591	15	HYCC1	1.0	4557
ENSG00000122592	15	HOXA7	1.0	4558
ENSG00000122641	15	INHBA	1.0	4559
ENSG00000122642	15	FKBP9	1.0	4560
ENSG00000122643	15	NT5C3A	1.0	4561
ENSG00000122644	15	ARL4A	1.0	4562
ENSG00000122674	15	CCZ1	1.0	4563
ENSG00000122678	15	POLM	1.0	4564
ENSG00000122679	15	RAMP3	1.0	4565
ENSG00000122691	15	TWIST1	1.0	4566
ENSG00000122692	15	SMU1	1.0	4567
ENSG00000122694	15	GLIPR2	1.0	4568
ENSG00000122705	15	CLTA	1.0	4569
ENSG00000122707	15	RECK	1.0	4570
ENSG00000122729	15	ACO1	1.0	4571
ENSG00000122735	15	DNAI1	1.0	4572
ENSG00000122741	15	DCAF10	1.0	4573
ENSG00000122756	15	CNTFR	1.0	4574
ENSG00000122778	15	KIAA1549	1.0	4575
ENSG00000122779	15	TRIM24	1.0	4576
ENSG00000122786	15	CALD1	1.0	4577
ENSG00000122787	15	AKR1D1	1.0	4578
ENSG00000122824	15	NUDT10	1.0	4579
ENSG00000122861	15	PLAU	1.0	4580
ENSG00000122862	15	SRGN	1.0	4581
ENSG00000122863	15	CHST3	1.0	4582
ENSG00000122870	15	BICC1	1.0	4583
ENSG00000122873	15	CISD1	1.0	4584
ENSG00000122877	15	EGR2	1.0	4585
ENSG00000122882	15	ECD	1.0	4586
ENSG00000122884	15	P4HA1	1.0	4587
ENSG00000122912	15	SLC25A16	1.0	4588
ENSG00000122952	15	ZWINT	1.0	4589
ENSG00000122958	15	VPS26A	1.0	4590
ENSG00000122965	15	RBM19	1.0	4591
ENSG00000122966	15	CIT	1.0	4592
ENSG00000122970	15	IFT81	1.0	4593
ENSG00000122971	15	ACADS	1.0	4594
ENSG00000122986	15	HVCN1	1.0	4595
ENSG00000123064	15	DDX54	1.0	4596
ENSG00000123066	15	MED13L	1.0	4597
ENSG00000123080	15	CDKN2C	1.0	4598
ENSG00000123091	15	RNF11	1.0	4599
ENSG00000123094	15	RASSF8	1.0	4600
ENSG00000123095	15	BHLHE41	1.0	4601
ENSG00000123096	15	SSPN	1.0	4602
ENSG00000123104	15	ITPR2	1.0	4603
ENSG00000123106	15	CCDC91	1.0	4604
ENSG00000123119	15	NECAB1	1.0	4605
ENSG00000123124	15	WWP1	1.0	4606
ENSG00000123130	15	ACOT9	1.0	4607
ENSG00000123131	15	PRDX4	1.0	4608
ENSG00000123136	15	DDX39A	1.0	4609
ENSG00000123143	15	PKN1	1.0	4610
ENSG00000123154	15	WDR83	1.0	4611
ENSG00000123159	15	GIPC1	1.0	4612
ENSG00000123178	15	SPRYD7	1.0	4613
ENSG00000123179	15	EBPL	1.0	4614
ENSG00000123191	15	ATP7B	1.0	4615
ENSG00000123200	15	ZC3H13	1.0	4616
ENSG00000123213	15	NLN	1.0	4617
ENSG00000123219	15	CENPK	1.0	4618
ENSG00000123240	15	OPTN	1.0	4619
ENSG00000123243	15	ITIH5	1.0	4620
ENSG00000123268	15	ATF1	1.0	4621
ENSG00000123297	15	TSFM	1.0	4622
ENSG00000123329	15	ARHGAP9	1.0	4623
ENSG00000123338	15	NCKAP1L	1.0	4624
ENSG00000123342	15	MMP19	1.0	4625
ENSG00000123349	15	PFDN5	1.0	4626
ENSG00000123352	15	SPATS2	1.0	4627
ENSG00000123353	15	ORMDL2	1.0	4628
ENSG00000123358	15	NR4A1	1.0	4629
ENSG00000123360	15	PDE1B	1.0	4630
ENSG00000123364	15	HOXC13	1.0	4631
ENSG00000123374	15	CDK2	1.0	4632
ENSG00000123384	15	LRP1	1.0	4633
ENSG00000123388	15	HOXC11	1.0	4634
ENSG00000123405	15	NFE2	1.0	4635
ENSG00000123411	15	IKZF4	1.0	4636
ENSG00000123415	15	SMUG1	1.0	4637
ENSG00000123416	15	TUBA1B	1.0	4638
ENSG00000123444	15	KBTBD4	1.0	4639
ENSG00000123453	15	SARDH	1.0	4640
ENSG00000123472	15	ATPAF1	1.0	4641
ENSG00000123473	15	STIL	1.0	4642
ENSG00000123485	15	HJURP	1.0	4643
ENSG00000123496	15	IL13RA2	1.0	4644
ENSG00000123500	15	COL10A1	1.0	4645
ENSG00000123505	15	AMD1	1.0	4646
ENSG00000123545	15	NDUFAF4	1.0	4647
ENSG00000123552	15	USP45	1.0	4648
ENSG00000123560	15	PLP1	1.0	4649
ENSG00000123562	15	MORF4L2	1.0	4650
ENSG00000123570	15	RAB9B	1.0	4651
ENSG00000123572	15	NRK	1.0	4652
ENSG00000123575	15	FAM199X	1.0	4653
ENSG00000123595	15	RAB9A	1.0	4654
ENSG00000123600	15	METTL8	1.0	4655
ENSG00000123607	15	TTC21B	1.0	4656
ENSG00000123609	15	NMI	1.0	4657
ENSG00000123610	15	TNFAIP6	1.0	4658
ENSG00000123612	15	ACVR1C	1.0	4659
ENSG00000123636	15	BAZ2B	1.0	4660
ENSG00000123643	15	SLC36A1	1.0	4661
ENSG00000123684	15	LPGAT1	1.0	4662
ENSG00000123685	15	BATF3	1.0	4663
ENSG00000123689	15	G0S2	1.0	4664
ENSG00000123700	15	KCNJ2	1.0	4665
ENSG00000123728	15	RAP2C	1.0	4666
ENSG00000123737	15	EXOSC9	1.0	4667
ENSG00000123739	15	PLA2G12A	1.0	4668
ENSG00000123810	15	B9D2	1.0	4669
ENSG00000123836	15	PFKFB2	1.0	4670
ENSG00000123838	15	C4BPA	1.0	4671
ENSG00000123843	15	C4BPB	1.0	4672
ENSG00000123892	15	RAB38	1.0	4673
ENSG00000123901	15	GPR83	1.0	4674
ENSG00000123908	15	AGO2	1.0	4675
ENSG00000123933	15	MXD4	1.0	4676
ENSG00000123975	15	CKS2	1.0	4677
ENSG00000123983	15	ACSL3	1.0	4678
ENSG00000123989	15	CHPF	1.0	4679
ENSG00000123992	15	DNPEP	1.0	4680
ENSG00000123999	15	INHA	1.0	4681
ENSG00000124003	15	MOGAT1	1.0	4682
ENSG00000124006	15	OBSL1	1.0	4683
ENSG00000124019	15	FAM124B	1.0	4684
ENSG00000124067	15	SLC12A4	1.0	4685
ENSG00000124074	15	ENKD1	1.0	4686
ENSG00000124098	15	FAM210B	1.0	4687
ENSG00000124102	15	PI3	1.0	4688
ENSG00000124103	15	FAM209A	1.0	4689
ENSG00000124104	15	SNX21	1.0	4690
ENSG00000124107	15	SLPI	1.0	4691
ENSG00000124116	15	WFDC3	1.0	4692
ENSG00000124120	15	TTPAL	1.0	4693
ENSG00000124126	15	PREX1	1.0	4694
ENSG00000124134	15	KCNS1	1.0	4695
ENSG00000124140	15	SLC12A5	1.0	4696
ENSG00000124143	15	ARHGAP40	1.0	4697
ENSG00000124145	15	SDC4	1.0	4698
ENSG00000124151	15	NCOA3	1.0	4699
ENSG00000124155	15	PIGT	1.0	4700
ENSG00000124159	15	MATN4	1.0	4701
ENSG00000124160	15	NCOA5	1.0	4702
ENSG00000124164	15	VAPB	1.0	4703
ENSG00000124171	15	PARD6B	1.0	4704
ENSG00000124177	15	CHD6	1.0	4705
ENSG00000124181	15	PLCG1	1.0	4706
ENSG00000124191	15	TOX2	1.0	4707
ENSG00000124193	15	SRSF6	1.0	4708
ENSG00000124194	15	GDAP1L1	1.0	4709
ENSG00000124198	15	ARFGEF2	1.0	4710
ENSG00000124201	15	ZNFX1	1.0	4711
ENSG00000124203	15	ZNF831	1.0	4712
ENSG00000124205	15	EDN3	1.0	4713
ENSG00000124207	15	CSE1L	1.0	4714
ENSG00000124209	15	RAB22A	1.0	4715
ENSG00000124212	15	PTGIS	1.0	4716
ENSG00000124214	15	STAU1	1.0	4717
ENSG00000124215	15	CDH26	1.0	4718
ENSG00000124216	15	SNAI1	1.0	4719
ENSG00000124217	15	MOCS3	1.0	4720
ENSG00000124222	15	STX16	1.0	4721
ENSG00000124225	15	PMEPA1	1.0	4722
ENSG00000124226	15	RNF114	1.0	4723
ENSG00000124228	15	DDX27	1.0	4724
ENSG00000124243	15	BCAS4	1.0	4725
ENSG00000124249	15	KCNK15	1.0	4726
ENSG00000124251	15	TP53TG5	1.0	4727
ENSG00000124253	15	PCK1	1.0	4728
ENSG00000124256	15	ZBP1	1.0	4729
ENSG00000124257	15	NEURL2	1.0	4730
ENSG00000124275	15	MTRR	1.0	4731
ENSG00000124279	15	FASTKD3	1.0	4732
ENSG00000124299	15	PEPD	1.0	4733
ENSG00000124302	15	CHST8	1.0	4734
ENSG00000124313	15	IQSEC2	1.0	4735
ENSG00000124333	15	VAMP7	1.0	4736
ENSG00000124343	15	XG	1.0	4737
ENSG00000124356	15	STAMBP	1.0	4738
ENSG00000124357	15	NAGK	1.0	4739
ENSG00000124370	15	MCEE	1.0	4740
ENSG00000124374	15	PAIP2B	1.0	4741
ENSG00000124380	15	SNRNP27	1.0	4742
ENSG00000124383	15	MPHOSPH10	1.0	4743
ENSG00000124391	15	IL17C	1.0	4744
ENSG00000124406	15	ATP8A1	1.0	4745
ENSG00000124422	15	USP22	1.0	4746
ENSG00000124429	15	POF1B	1.0	4747
ENSG00000124440	15	HIF3A	1.0	4748
ENSG00000124444	15	ZNF576	1.0	4749
ENSG00000124459	15	ZNF45	1.0	4750
ENSG00000124466	15	LYPD3	1.0	4751
ENSG00000124479	15	NDP	1.0	4752
ENSG00000124486	15	USP9X	1.0	4753
ENSG00000124490	15	CRISP2	1.0	4754
ENSG00000124491	15	F13A1	1.0	4755
ENSG00000124496	15	TRERF1	1.0	4756
ENSG00000124507	15	PACSIN1	1.0	4757
ENSG00000124508	15	BTN2A2	1.0	4758
ENSG00000124523	15	SIRT5	1.0	4759
ENSG00000124532	15	MRS2	1.0	4760
ENSG00000124535	15	WRNIP1	1.0	4761
ENSG00000124541	15	RRP36	1.0	4762
ENSG00000124557	15	BTN1A1	1.0	4763
ENSG00000124562	15	SNRPC	1.0	4764
ENSG00000124570	15	SERPINB6	1.0	4765
ENSG00000124571	15	XPO5	1.0	4766
ENSG00000124574	15	ABCC10	1.0	4767
ENSG00000124587	15	PEX6	1.0	4768
ENSG00000124588	15	NQO2	1.0	4769
ENSG00000124596	15	OARD1	1.0	4770
ENSG00000124602	15	UNC5CL	1.0	4771
ENSG00000124608	15	AARS2	1.0	4772
ENSG00000124613	15	ZNF391	1.0	4773
ENSG00000124614	15	RPS10	1.0	4774
ENSG00000124615	15	MOCS1	1.0	4775
ENSG00000124641	15	MED20	1.0	4776
ENSG00000124659	15	TBCC	1.0	4777
ENSG00000124664	15	SPDEF	1.0	4778
ENSG00000124678	15	TCP11	1.0	4779
ENSG00000124688	15	MAD2L1BP	1.0	4780
ENSG00000124702	15	KLHDC3	1.0	4781
ENSG00000124713	15	GNMT	1.0	4782
ENSG00000124731	15	TREM1	1.0	4783
ENSG00000124733	15	MEA1	1.0	4784
ENSG00000124743	15	KLHL31	1.0	4785
ENSG00000124749	15	COL21A1	1.0	4786
ENSG00000124762	15	CDKN1A	1.0	4787
ENSG00000124766	15	SOX4	1.0	4788
ENSG00000124767	15	GLO1	1.0	4789
ENSG00000124772	15	CPNE5	1.0	4790
ENSG00000124780	15	KCNK17	1.0	4791
ENSG00000124782	15	RREB1	1.0	4792
ENSG00000124783	15	SSR1	1.0	4793
ENSG00000124784	15	RIOK1	1.0	4794
ENSG00000124785	15	NRN1	1.0	4795
ENSG00000124786	15	SLC35B3	1.0	4796
ENSG00000124787	15	RPP40	1.0	4797
ENSG00000124788	15	ATXN1	1.0	4798
ENSG00000124789	15	NUP153	1.0	4799
ENSG00000124795	15	DEK	1.0	4800
ENSG00000124802	15	EEF1E1	1.0	4801
ENSG00000124813	15	RUNX2	1.0	4802
ENSG00000124831	15	LRRFIP1	1.0	4803
ENSG00000124839	15	RAB17	1.0	4804
ENSG00000124875	15	CXCL6	1.0	4805
ENSG00000124882	15	EREG	1.0	4806
ENSG00000124920	15	MYRF	1.0	4807
ENSG00000124935	15	SCGB1D2	1.0	4808
ENSG00000124939	15	SCGB2A1	1.0	4809
ENSG00000124942	15	AHNAK	1.0	4810
ENSG00000125037	15	EMC3	1.0	4811
ENSG00000125046	15	SSUH2	1.0	4812
ENSG00000125089	15	SH3TC1	1.0	4813
ENSG00000125107	15	CNOT1	1.0	4814
ENSG00000125122	15	FBXL9P	1.0	4815
ENSG00000125124	15	BBS2	1.0	4816
ENSG00000125144	15	MT1G	1.0	4817
ENSG00000125148	15	MT2A	1.0	4818
ENSG00000125166	15	GOT2	1.0	4819
ENSG00000125170	15	DOK4	1.0	4820
ENSG00000125207	15	PIWIL1	1.0	4821
ENSG00000125245	15	GPR18	1.0	4822
ENSG00000125246	15	CLYBL	1.0	4823
ENSG00000125247	15	TMTC4	1.0	4824
ENSG00000125249	15	RAP2A	1.0	4825
ENSG00000125257	15	ABCC4	1.0	4826
ENSG00000125266	15	EFNB2	1.0	4827
ENSG00000125304	15	TM9SF2	1.0	4828
ENSG00000125337	15	KIF25	1.0	4829
ENSG00000125347	15	IRF1	1.0	4830
ENSG00000125351	15	UPF3B	1.0	4831
ENSG00000125352	15	RNF113A	1.0	4832
ENSG00000125355	15	TMEM255A	1.0	4833
ENSG00000125356	15	NDUFA1	1.0	4834
ENSG00000125378	15	BMP4	1.0	4835
ENSG00000125384	15	PTGER2	1.0	4836
ENSG00000125386	15	FAM193A	1.0	4837
ENSG00000125388	15	GRK4	1.0	4838
ENSG00000125398	15	SOX9	1.0	4839
ENSG00000125409	15	TEKT3	1.0	4840
ENSG00000125430	15	HS3ST3B1	1.0	4841
ENSG00000125434	15	SLC25A35	1.0	4842
ENSG00000125445	15	MRPS7	1.0	4843
ENSG00000125447	15	GGA3	1.0	4844
ENSG00000125449	15	ARMC7	1.0	4845
ENSG00000125450	15	NUP85	1.0	4846
ENSG00000125454	15	SLC25A19	1.0	4847
ENSG00000125457	15	MIF4GD	1.0	4848
ENSG00000125458	15	NT5C	1.0	4849
ENSG00000125459	15	MSTO1	1.0	4850
ENSG00000125482	15	TTF1	1.0	4851
ENSG00000125484	15	GTF3C4	1.0	4852
ENSG00000125485	15	DDX31	1.0	4853
ENSG00000125503	15	PPP1R12C	1.0	4854
ENSG00000125505	15	MBOAT7	1.0	4855
ENSG00000125510	15	OPRL1	1.0	4856
ENSG00000125520	15	SLC2A4RG	1.0	4857
ENSG00000125534	15	PPDPF	1.0	4858
ENSG00000125538	15	IL1B	1.0	4859
ENSG00000125611	15	CHCHD5	1.0	4860
ENSG00000125618	15	PAX8	1.0	4861
ENSG00000125629	15	INSIG2	1.0	4862
ENSG00000125630	15	POLR1B	1.0	4863
ENSG00000125633	15	CCDC93	1.0	4864
ENSG00000125637	15	PSD4	1.0	4865
ENSG00000125648	15	SLC25A23	1.0	4866
ENSG00000125650	15	PSPN	1.0	4867
ENSG00000125651	15	GTF2F1	1.0	4868
ENSG00000125652	15	ALKBH7	1.0	4869
ENSG00000125656	15	CLPP	1.0	4870
ENSG00000125657	15	TNFSF9	1.0	4871
ENSG00000125675	15	GRIA3	1.0	4872
ENSG00000125676	15	THOC2	1.0	4873
ENSG00000125686	15	MED1	1.0	4874
ENSG00000125691	15	RPL23	1.0	4875
ENSG00000125703	15	ATG4C	1.0	4876
ENSG00000125726	15	CD70	1.0	4877
ENSG00000125730	15	C3	1.0	4878
ENSG00000125731	15	SH2D3A	1.0	4879
ENSG00000125733	15	TRIP10	1.0	4880
ENSG00000125734	15	GPR108	1.0	4881
ENSG00000125735	15	TNFSF14	1.0	4882
ENSG00000125740	15	FOSB	1.0	4883
ENSG00000125741	15	OPA3	1.0	4884
ENSG00000125743	15	SNRPD2	1.0	4885
ENSG00000125744	15	RTN2	1.0	4886
ENSG00000125746	15	EML2	1.0	4887
ENSG00000125753	15	VASP	1.0	4888
ENSG00000125755	15	SYMPK	1.0	4889
ENSG00000125772	15	GPCPD1	1.0	4890
ENSG00000125775	15	SDCBP2	1.0	4891
ENSG00000125779	15	PANK2	1.0	4892
ENSG00000125787	15	GNRH2	1.0	4893
ENSG00000125810	15	CD93	1.0	4894
ENSG00000125812	15	GZF1	1.0	4895
ENSG00000125813	15	PAX1	1.0	4896
ENSG00000125814	15	NAPB	1.0	4897
ENSG00000125817	15	CENPB	1.0	4898
ENSG00000125818	15	PSMF1	1.0	4899
ENSG00000125821	15	DTD1	1.0	4900
ENSG00000125826	15	RBCK1	1.0	4901
ENSG00000125827	15	TMX4	1.0	4902
ENSG00000125834	15	STK35	1.0	4903
ENSG00000125835	15	SNRPB	1.0	4904
ENSG00000125841	15	NRSN2	1.0	4905
ENSG00000125843	15	AP5S1	1.0	4906
ENSG00000125844	15	RRBP1	1.0	4907
ENSG00000125845	15	BMP2	1.0	4908
ENSG00000125846	15	ZNF133	1.0	4909
ENSG00000125848	15	FLRT3	1.0	4910
ENSG00000125850	15	OVOL2	1.0	4911
ENSG00000125863	15	MKKS	1.0	4912
ENSG00000125864	15	BFSP1	1.0	4913
ENSG00000125868	15	DSTN	1.0	4914
ENSG00000125869	15	LAMP5	1.0	4915
ENSG00000125870	15	SNRPB2	1.0	4916
ENSG00000125871	15	MGME1	1.0	4917
ENSG00000125875	15	TBC1D20	1.0	4918
ENSG00000125877	15	ITPA	1.0	4919
ENSG00000125878	15	TCF15	1.0	4920
ENSG00000125885	15	MCM8	1.0	4921
ENSG00000125895	15	TMEM74B	1.0	4922
ENSG00000125898	15	FAM110A	1.0	4923
ENSG00000125901	15	MRPS26	1.0	4924
ENSG00000125910	15	S1PR4	1.0	4925
ENSG00000125912	15	NCLN	1.0	4926
ENSG00000125931	15	CITED1	1.0	4927
ENSG00000125944	15	HNRNPR	1.0	4928
ENSG00000125945	15	ZNF436	1.0	4929
ENSG00000125952	15	MAX	1.0	4930
ENSG00000125962	15	ARMCX5	1.0	4931
ENSG00000125965	15	GDF5	1.0	4932
ENSG00000125966	15	MMP24	1.0	4933
ENSG00000125967	15	NECAB3	1.0	4934
ENSG00000125968	15	ID1	1.0	4935
ENSG00000125970	15	RALY	1.0	4936
ENSG00000125971	15	DYNLRB1	1.0	4937
ENSG00000125977	15	EIF2S2	1.0	4938
ENSG00000125991	15	ERGIC3	1.0	4939
ENSG00000125995	15	ROMO1	1.0	4940
ENSG00000125999	15	BPIFB1	1.0	4941
ENSG00000126001	15	CEP250	1.0	4942
ENSG00000126003	15	PLAGL2	1.0	4943
ENSG00000126010	15	GRPR	1.0	4944
ENSG00000126012	15	KDM5C	1.0	4945
ENSG00000126016	15	AMOT	1.0	4946
ENSG00000126062	15	TMEM115	1.0	4947
ENSG00000126067	15	PSMB2	1.0	4948
ENSG00000126070	15	AGO3	1.0	4949
ENSG00000126088	15	UROD	1.0	4950
ENSG00000126091	15	ST3GAL3	1.0	4951
ENSG00000126106	15	TMEM53	1.0	4952
ENSG00000126107	15	HECTD3	1.0	4953
ENSG00000126214	15	KLC1	1.0	4954
ENSG00000126215	15	XRCC3	1.0	4955
ENSG00000126216	15	TUBGCP3	1.0	4956
ENSG00000126217	15	MCF2L	1.0	4957
ENSG00000126218	15	F10	1.0	4958
ENSG00000126226	15	PCID2	1.0	4959
ENSG00000126233	15	SLURP1	1.0	4960
ENSG00000126243	15	LRFN3	1.0	4961
ENSG00000126246	15	IGFLR1	1.0	4962
ENSG00000126247	15	CAPNS1	1.0	4963
ENSG00000126249	15	PDCD2L	1.0	4964
ENSG00000126251	15	GPR42	1.0	4965
ENSG00000126254	15	RBM42	1.0	4966
ENSG00000126259	15	KIRREL2	1.0	4967
ENSG00000126261	15	UBA2	1.0	4968
ENSG00000126262	15	FFAR2	1.0	4969
ENSG00000126264	15	HCST	1.0	4970
ENSG00000126267	15	COX6B1	1.0	4971
ENSG00000126351	15	THRA	1.0	4972
ENSG00000126353	15	CCR7	1.0	4973
ENSG00000126368	15	NR1D1	1.0	4974
ENSG00000126391	15	FRMD8	1.0	4975
ENSG00000126432	15	PRDX5	1.0	4976
ENSG00000126453	15	BCL2L12	1.0	4977
ENSG00000126456	15	IRF3	1.0	4978
ENSG00000126457	15	PRMT1	1.0	4979
ENSG00000126458	15	RRAS	1.0	4980
ENSG00000126460	15	PRRG2	1.0	4981
ENSG00000126461	15	SCAF1	1.0	4982
ENSG00000126464	15	PRR12	1.0	4983
ENSG00000126467	15	TSKS	1.0	4984
ENSG00000126522	15	ASL	1.0	4985
ENSG00000126524	15	SBDS	1.0	4986
ENSG00000126545	15	CSN1S1	1.0	4987
ENSG00000126561	15	STAT5A	1.0	4988
ENSG00000126562	15	WNK4	1.0	4989
ENSG00000126581	15	BECN1	1.0	4990
ENSG00000126583	15	PRKCG	1.0	4991
ENSG00000126602	15	TRAP1	1.0	4992
ENSG00000126603	15	GLIS2	1.0	4993
ENSG00000126653	15	NSRP1	1.0	4994
ENSG00000126698	15	DNAJC8	1.0	4995
ENSG00000126705	15	AHDC1	1.0	4996
ENSG00000126709	15	IFI6	1.0	4997
ENSG00000126733	15	DACH2	1.0	4998
ENSG00000126746	15	ZNF384	1.0	4999
ENSG00000126756	15	UXT	1.0	5000
ENSG00000126759	15	CFP	1.0	5001
ENSG00000126767	15	ELK1	1.0	5002
ENSG00000126768	15	TIMM17B	1.0	5003
ENSG00000126775	15	ATG14	1.0	5004
ENSG00000126777	15	KTN1	1.0	5005
ENSG00000126778	15	SIX1	1.0	5006
ENSG00000126785	15	RHOJ	1.0	5007
ENSG00000126787	15	DLGAP5	1.0	5008
ENSG00000126790	15	L3HYPDH	1.0	5009
ENSG00000126803	15	HSPA2	1.0	5010
ENSG00000126804	15	ZBTB1	1.0	5011
ENSG00000126814	15	TRMT5	1.0	5012
ENSG00000126821	15	SGPP1	1.0	5013
ENSG00000126822	15	PLEKHG3	1.0	5014
ENSG00000126858	15	RHOT1	1.0	5015
ENSG00000126860	15	EVI2A	1.0	5016
ENSG00000126861	15	OMG	1.0	5017
ENSG00000126878	15	AIF1L	1.0	5018
ENSG00000126882	15	FAM78A	1.0	5019
ENSG00000126883	15	NUP214	1.0	5020
ENSG00000126895	15	AVPR2	1.0	5021
ENSG00000126903	15	SLC10A3	1.0	5022
ENSG00000126934	15	MAP2K2	1.0	5023
ENSG00000126945	15	HNRNPH2	1.0	5024
ENSG00000126947	15	ARMCX1	1.0	5025
ENSG00000126953	15	TIMM8A	1.0	5026
ENSG00000126970	15	ZC4H2	1.0	5027
ENSG00000127022	15	CANX	1.0	5028
ENSG00000127074	15	RGS13	1.0	5029
ENSG00000127080	15	IPPK	1.0	5030
ENSG00000127081	15	ZNF484	1.0	5031
ENSG00000127083	15	OMD	1.0	5032
ENSG00000127084	15	FGD3	1.0	5033
ENSG00000127124	15	HIVEP3	1.0	5034
ENSG00000127125	15	PPCS	1.0	5035
ENSG00000127129	15	EDN2	1.0	5036
ENSG00000127152	15	BCL11B	1.0	5037
ENSG00000127184	15	COX7C	1.0	5038
ENSG00000127191	15	TRAF2	1.0	5039
ENSG00000127220	15	ABHD8	1.0	5040
ENSG00000127241	15	MASP1	1.0	5041
ENSG00000127249	15	ATP13A4	1.0	5042
ENSG00000127311	15	HELB	1.0	5043
ENSG00000127314	15	RAP1B	1.0	5044
ENSG00000127324	15	TSPAN8	1.0	5045
ENSG00000127325	15	BEST3	1.0	5046
ENSG00000127328	15	RAB3IP	1.0	5047
ENSG00000127329	15	PTPRB	1.0	5048
ENSG00000127334	15	DYRK2	1.0	5049
ENSG00000127337	15	YEATS4	1.0	5050
ENSG00000127377	15	CRYGN	1.0	5051
ENSG00000127399	15	LRRC61	1.0	5052
ENSG00000127415	15	IDUA	1.0	5053
ENSG00000127418	15	FGFRL1	1.0	5054
ENSG00000127419	15	TMEM175	1.0	5055
ENSG00000127423	15	AUNIP	1.0	5056
ENSG00000127445	15	PIN1	1.0	5057
ENSG00000127452	15	FBXL12	1.0	5058
ENSG00000127463	15	EMC1	1.0	5059
ENSG00000127472	15	PLA2G5	1.0	5060
ENSG00000127481	15	UBR4	1.0	5061
ENSG00000127483	15	HP1BP3	1.0	5062
ENSG00000127511	15	SIN3B	1.0	5063
ENSG00000127527	15	EPS15L1	1.0	5064
ENSG00000127528	15	KLF2	1.0	5065
ENSG00000127530	15	OR7C1	1.0	5066
ENSG00000127533	15	F2RL3	1.0	5067
ENSG00000127540	15	UQCR11	1.0	5068
ENSG00000127554	15	GFER	1.0	5069
ENSG00000127561	15	SYNGR3	1.0	5070
ENSG00000127564	15	PKMYT1	1.0	5071
ENSG00000127578	15	WFIKKN1	1.0	5072
ENSG00000127580	15	WDR24	1.0	5073
ENSG00000127585	15	FBXL16	1.0	5074
ENSG00000127586	15	CHTF18	1.0	5075
ENSG00000127603	15	MACF1	1.0	5076
ENSG00000127616	15	SMARCA4	1.0	5077
ENSG00000127663	15	KDM4B	1.0	5078
ENSG00000127666	15	TICAM1	1.0	5079
ENSG00000127720	15	METTL25	1.0	5080
ENSG00000127743	15	IL17B	1.0	5081
ENSG00000127774	15	EMC6	1.0	5082
ENSG00000127804	15	METTL16	1.0	5083
ENSG00000127824	15	TUBA4A	1.0	5084
ENSG00000127831	15	VIL1	1.0	5085
ENSG00000127837	15	AAMP	1.0	5086
ENSG00000127838	15	PNKD	1.0	5087
ENSG00000127863	15	TNFRSF19	1.0	5088
ENSG00000127870	15	RNF6	1.0	5089
ENSG00000127884	15	ECHS1	1.0	5090
ENSG00000127903	15	ZNF835	1.0	5091
ENSG00000127914	15	AKAP9	1.0	5092
ENSG00000127920	15	GNG11	1.0	5093
ENSG00000127946	15	HIP1	1.0	5094
ENSG00000127947	15	PTPN12	1.0	5095
ENSG00000127948	15	POR	1.0	5096
ENSG00000127951	15	FGL2	1.0	5097
ENSG00000127952	15	STYXL1	1.0	5098
ENSG00000127954	15	STEAP4	1.0	5099
ENSG00000127955	15	GNAI1	1.0	5100
ENSG00000127980	15	PEX1	1.0	5101
ENSG00000127990	15	SGCE	1.0	5102
ENSG00000127993	15	RBM48	1.0	5103
ENSG00000127995	15	CASD1	1.0	5104
ENSG00000128000	15	ZNF780B	1.0	5105
ENSG00000128011	15	LRFN1	1.0	5106
ENSG00000128016	15	ZFP36	1.0	5107
ENSG00000128039	15	SRD5A3	1.0	5108
ENSG00000128040	15	SPINK2	1.0	5109
ENSG00000128045	15	RASL11B	1.0	5110
ENSG00000128050	15	PAICS	1.0	5111
ENSG00000128052	15	KDR	1.0	5112
ENSG00000128059	15	PPAT	1.0	5113
ENSG00000128159	15	TUBGCP6	1.0	5114
ENSG00000128165	15	ADM2	1.0	5115
ENSG00000128185	15	DGCR6L	1.0	5116
ENSG00000128191	15	DGCR8	1.0	5117
ENSG00000128203	15	ASPHD2	1.0	5118
ENSG00000128218	15	VPREB3	1.0	5119
ENSG00000128228	15	SDF2L1	1.0	5120
ENSG00000128242	15	GAL3ST1	1.0	5121
ENSG00000128245	15	YWHAH	1.0	5122
ENSG00000128266	15	GNAZ	1.0	5123
ENSG00000128268	15	MGAT3	1.0	5124
ENSG00000128271	15	ADORA2A	1.0	5125
ENSG00000128272	15	ATF4	1.0	5126
ENSG00000128274	15	A4GALT	1.0	5127
ENSG00000128283	15	CDC42EP1	1.0	5128
ENSG00000128284	15	APOL3	1.0	5129
ENSG00000128285	15	MCHR1	1.0	5130
ENSG00000128294	15	TPST2	1.0	5131
ENSG00000128298	15	BAIAP2L2	1.0	5132
ENSG00000128309	15	MPST	1.0	5133
ENSG00000128310	15	GALR3	1.0	5134
ENSG00000128311	15	TST	1.0	5135
ENSG00000128322	15	IGLL1	1.0	5136
ENSG00000128335	15	APOL2	1.0	5137
ENSG00000128340	15	RAC2	1.0	5138
ENSG00000128342	15	LIF	1.0	5139
ENSG00000128346	15	C22orf23	1.0	5140
ENSG00000128383	15	APOBEC3A	1.0	5141
ENSG00000128394	15	APOBEC3F	1.0	5142
ENSG00000128408	15	RIBC2	1.0	5143
ENSG00000128422	15	KRT17	1.0	5144
ENSG00000128463	15	EMC4	1.0	5145
ENSG00000128482	15	RNF112	1.0	5146
ENSG00000128487	15	SPECC1	1.0	5147
ENSG00000128510	15	CPA4	1.0	5148
ENSG00000128512	15	DOCK4	1.0	5149
ENSG00000128513	15	POT1	1.0	5150
ENSG00000128524	15	ATP6V1F	1.0	5151
ENSG00000128536	15	CDHR3	1.0	5152
ENSG00000128563	15	PRKRIP1	1.0	5153
ENSG00000128564	15	VGF	1.0	5154
ENSG00000128567	15	PODXL	1.0	5155
ENSG00000128573	15	FOXP2	1.0	5156
ENSG00000128578	15	STRIP2	1.0	5157
ENSG00000128585	15	MKLN1	1.0	5158
ENSG00000128590	15	DNAJB9	1.0	5159
ENSG00000128591	15	FLNC	1.0	5160
ENSG00000128594	15	LRRC4	1.0	5161
ENSG00000128595	15	CALU	1.0	5162
ENSG00000128596	15	CCDC136	1.0	5163
ENSG00000128602	15	SMO	1.0	5164
ENSG00000128604	15	IRF5	1.0	5165
ENSG00000128606	15	LRRC17	1.0	5166
ENSG00000128607	15	KLHDC10	1.0	5167
ENSG00000128609	15	NDUFA5	1.0	5168
ENSG00000128626	15	MRPS12	1.0	5169
ENSG00000128641	15	MYO1B	1.0	5170
ENSG00000128645	15	HOXD1	1.0	5171
ENSG00000128652	15	HOXD3	1.0	5172
ENSG00000128654	15	MTX2	1.0	5173
ENSG00000128656	15	CHN1	1.0	5174
ENSG00000128683	15	GAD1	1.0	5175
ENSG00000128694	15	OSGEPL1	1.0	5176
ENSG00000128699	15	ORMDL1	1.0	5177
ENSG00000128708	15	HAT1	1.0	5178
ENSG00000128709	15	HOXD9	1.0	5179
ENSG00000128710	15	HOXD10	1.0	5180
ENSG00000128713	15	HOXD11	1.0	5181
ENSG00000128731	15	HERC2	1.0	5182
ENSG00000128739	15	SNRPN	1.0	5183
ENSG00000128789	15	PSMG2	1.0	5184
ENSG00000128791	15	TWSG1	1.0	5185
ENSG00000128805	15	ARHGAP22	1.0	5186
ENSG00000128815	15	WDFY4	1.0	5187
ENSG00000128829	15	EIF2AK4	1.0	5188
ENSG00000128833	15	MYO5C	1.0	5189
ENSG00000128849	15	CGNL1	1.0	5190
ENSG00000128872	15	TMOD2	1.0	5191
ENSG00000128881	15	TTBK2	1.0	5192
ENSG00000128886	15	ELL3	1.0	5193
ENSG00000128908	15	INO80	1.0	5194
ENSG00000128917	15	DLL4	1.0	5195
ENSG00000128918	15	ALDH1A2	1.0	5196
ENSG00000128928	15	IVD	1.0	5197
ENSG00000128944	15	KNSTRN	1.0	5198
ENSG00000128951	15	DUT	1.0	5199
ENSG00000128965	15	CHAC1	1.0	5200
ENSG00000128973	15	CLN6	1.0	5201
ENSG00000128989	15	ARPP19	1.0	5202
ENSG00000129003	15	VPS13C	1.0	5203
ENSG00000129009	15	ISLR	1.0	5204
ENSG00000129028	15	THAP10	1.0	5205
ENSG00000129038	15	LOXL1	1.0	5206
ENSG00000129048	15	ACKR4	1.0	5207
ENSG00000129055	15	ANAPC13	1.0	5208
ENSG00000129071	15	MBD4	1.0	5209
ENSG00000129083	15	COPB1	1.0	5210
ENSG00000129084	15	PSMA1	1.0	5211
ENSG00000129103	15	SUMF2	1.0	5212
ENSG00000129116	15	PALLD	1.0	5213
ENSG00000129128	15	SPCS3	1.0	5214
ENSG00000129151	15	BBOX1	1.0	5215
ENSG00000129158	15	SERGEF	1.0	5216
ENSG00000129159	15	KCNC1	1.0	5217
ENSG00000129167	15	TPH1	1.0	5218
ENSG00000129187	15	DCTD	1.0	5219
ENSG00000129194	15	SOX15	1.0	5220
ENSG00000129197	15	RPAIN	1.0	5221
ENSG00000129204	15	USP6	1.0	5222
ENSG00000129214	15	SHBG	1.0	5223
ENSG00000129219	15	PLD2	1.0	5224
ENSG00000129221	15	AIPL1	1.0	5225
ENSG00000129226	15	CD68	1.0	5226
ENSG00000129235	15	TXNDC17	1.0	5227
ENSG00000129244	15	ATP1B2	1.0	5228
ENSG00000129245	15	FXR2	1.0	5229
ENSG00000129250	15	KIF1C	1.0	5230
ENSG00000129255	15	MPDU1	1.0	5231
ENSG00000129292	15	PHF20L1	1.0	5232
ENSG00000129315	15	CCNT1	1.0	5233
ENSG00000129317	15	PUS7L	1.0	5234
ENSG00000129347	15	KRI1	1.0	5235
ENSG00000129351	15	ILF3	1.0	5236
ENSG00000129353	15	SLC44A2	1.0	5237
ENSG00000129354	15	AP1M2	1.0	5238
ENSG00000129355	15	CDKN2D	1.0	5239
ENSG00000129422	15	MTUS1	1.0	5240
ENSG00000129450	15	SIGLEC9	1.0	5241
ENSG00000129451	15	KLK10	1.0	5242
ENSG00000129455	15	KLK8	1.0	5243
ENSG00000129460	15	NGDN	1.0	5244
ENSG00000129465	15	RIPK3	1.0	5245
ENSG00000129467	15	ADCY4	1.0	5246
ENSG00000129472	15	RAB2B	1.0	5247
ENSG00000129473	15	BCL2L2	1.0	5248
ENSG00000129474	15	AJUBA	1.0	5249
ENSG00000129480	15	DTD2	1.0	5250
ENSG00000129484	15	PARP2	1.0	5251
ENSG00000129493	15	HEATR5A	1.0	5252
ENSG00000129514	15	FOXA1	1.0	5253
ENSG00000129515	15	SNX6	1.0	5254
ENSG00000129518	15	EAPP	1.0	5255
ENSG00000129521	15	EGLN3	1.0	5256
ENSG00000129534	15	MIS18BP1	1.0	5257
ENSG00000129535	15	NRL	1.0	5258
ENSG00000129538	15	RNASE1	1.0	5259
ENSG00000129559	15	NEDD8	1.0	5260
ENSG00000129562	15	DAD1	1.0	5261
ENSG00000129566	15	TEP1	1.0	5262
ENSG00000129595	15	EPB41L4A	1.0	5263
ENSG00000129596	15	CDO1	1.0	5264
ENSG00000129625	15	REEP5	1.0	5265
ENSG00000129636	15	ITFG1	1.0	5266
ENSG00000129646	15	QRICH2	1.0	5267
ENSG00000129654	15	FOXJ1	1.0	5268
ENSG00000129657	15	SEC14L1	1.0	5269
ENSG00000129667	15	RHBDF2	1.0	5270
ENSG00000129673	15	AANAT	1.0	5271
ENSG00000129675	15	ARHGEF6	1.0	5272
ENSG00000129680	15	MAP7D3	1.0	5273
ENSG00000129682	15	FGF13	1.0	5274
ENSG00000129691	15	ASH2L	1.0	5275
ENSG00000129696	15	TTI2	1.0	5276
ENSG00000129749	15	CHRNA10	1.0	5277
ENSG00000129757	15	CDKN1C	1.0	5278
ENSG00000129910	15	CDH15	1.0	5279
ENSG00000129911	15	KLF16	1.0	5280
ENSG00000129932	15	DOHH	1.0	5281
ENSG00000129933	15	MAU2	1.0	5282
ENSG00000129946	15	SHC2	1.0	5283
ENSG00000129968	15	ABHD17A	1.0	5284
ENSG00000129988	15	LBP	1.0	5285
ENSG00000129990	15	SYT5	1.0	5286
ENSG00000129991	15	TNNI3	1.0	5287
ENSG00000129993	15	CBFA2T3	1.0	5288
ENSG00000130005	15	GAMT	1.0	5289
ENSG00000130023	15	ERMARD	1.0	5290
ENSG00000130024	15	PHF10	1.0	5291
ENSG00000130032	15	PRRG3	1.0	5292
ENSG00000130035	15	GALNT8	1.0	5293
ENSG00000130037	15	KCNA5	1.0	5294
ENSG00000130045	15	NXNL2	1.0	5295
ENSG00000130052	15	STARD8	1.0	5296
ENSG00000130066	15	SAT1	1.0	5297
ENSG00000130119	15	GNL3L	1.0	5298
ENSG00000130147	15	SH3BP4	1.0	5299
ENSG00000130150	15	MOSPD2	1.0	5300
ENSG00000130158	15	DOCK6	1.0	5301
ENSG00000130159	15	ECSIT	1.0	5302
ENSG00000130164	15	LDLR	1.0	5303
ENSG00000130165	15	ELOF1	1.0	5304
ENSG00000130175	15	PRKCSH	1.0	5305
ENSG00000130176	15	CNN1	1.0	5306
ENSG00000130177	15	CDC16	1.0	5307
ENSG00000130193	15	THEM6	1.0	5308
ENSG00000130203	15	APOE	1.0	5309
ENSG00000130204	15	TOMM40	1.0	5310
ENSG00000130208	15	APOC1	1.0	5311
ENSG00000130222	15	GADD45G	1.0	5312
ENSG00000130224	15	LRCH2	1.0	5313
ENSG00000130226	15	DPP6	1.0	5314
ENSG00000130227	15	XPO7	1.0	5315
ENSG00000130234	15	ACE2	1.0	5316
ENSG00000130244	15	FAM98C	1.0	5317
ENSG00000130254	15	SAFB2	1.0	5318
ENSG00000130255	15	RPL36	1.0	5319
ENSG00000130270	15	ATP8B3	1.0	5320
ENSG00000130294	15	KIF1A	1.0	5321
ENSG00000130299	15	GTPBP3	1.0	5322
ENSG00000130300	15	PLVAP	1.0	5323
ENSG00000130303	15	BST2	1.0	5324
ENSG00000130304	15	SLC27A1	1.0	5325
ENSG00000130305	15	NSUN5	1.0	5326
ENSG00000130307	15	USHBP1	1.0	5327
ENSG00000130309	15	COLGALT1	1.0	5328
ENSG00000130311	15	DDA1	1.0	5329
ENSG00000130312	15	MRPL34	1.0	5330
ENSG00000130313	15	PGLS	1.0	5331
ENSG00000130332	15	LSM7	1.0	5332
ENSG00000130338	15	TULP4	1.0	5333
ENSG00000130340	15	SNX9	1.0	5334
ENSG00000130347	15	RTN4IP1	1.0	5335
ENSG00000130348	15	QRSL1	1.0	5336
ENSG00000130363	15	RSPH3	1.0	5337
ENSG00000130368	15	MAS1	1.0	5338
ENSG00000130382	15	MLLT1	1.0	5339
ENSG00000130402	15	ACTN4	1.0	5340
ENSG00000130413	15	STK33	1.0	5341
ENSG00000130414	15	NDUFA10	1.0	5342
ENSG00000130429	15	ARPC1B	1.0	5343
ENSG00000130449	15	ZSWIM6	1.0	5344
ENSG00000130475	15	FCHO1	1.0	5345
ENSG00000130477	15	UNC13A	1.0	5346
ENSG00000130479	15	MAP1S	1.0	5347
ENSG00000130487	15	KLHDC7B	1.0	5348
ENSG00000130508	15	PXDN	1.0	5349
ENSG00000130511	15	SSBP4	1.0	5350
ENSG00000130513	15	GDF15	1.0	5351
ENSG00000130517	15	PGPEP1	1.0	5352
ENSG00000130520	15	LSM4	1.0	5353
ENSG00000130522	15	JUND	1.0	5354
ENSG00000130528	15	HRC	1.0	5355
ENSG00000130529	15	TRPM4	1.0	5356
ENSG00000130540	15	SULT4A1	1.0	5357
ENSG00000130544	15	ZNF557	1.0	5358
ENSG00000130545	15	CRB3	1.0	5359
ENSG00000130558	15	OLFM1	1.0	5360
ENSG00000130559	15	CAMSAP1	1.0	5361
ENSG00000130560	15	UBAC1	1.0	5362
ENSG00000130561	15	SAG	1.0	5363
ENSG00000130584	15	ZBTB46	1.0	5364
ENSG00000130589	15	HELZ2	1.0	5365
ENSG00000130590	15	SAMD10	1.0	5366
ENSG00000130592	15	LSP1	1.0	5367
ENSG00000130595	15	TNNT3	1.0	5368
ENSG00000130598	15	TNNI2	1.0	5369
ENSG00000130635	15	COL5A1	1.0	5370
ENSG00000130638	15	ATXN10	1.0	5371
ENSG00000130640	15	TUBGCP2	1.0	5372
ENSG00000130643	15	CALY	1.0	5373
ENSG00000130649	15	CYP2E1	1.0	5374
ENSG00000130653	15	PNPLA7	1.0	5375
ENSG00000130669	15	PAK4	1.0	5376
ENSG00000130675	15	MNX1	1.0	5377
ENSG00000130684	15	ZNF337	1.0	5378
ENSG00000130695	15	CEP85	1.0	5379
ENSG00000130699	15	TAF4	1.0	5380
ENSG00000130701	15	RBBP8NL	1.0	5381
ENSG00000130702	15	LAMA5	1.0	5382
ENSG00000130703	15	OSBPL2	1.0	5383
ENSG00000130706	15	ADRM1	1.0	5384
ENSG00000130707	15	ASS1	1.0	5385
ENSG00000130711	15	PRDM12	1.0	5386
ENSG00000130713	15	EXOSC2	1.0	5387
ENSG00000130714	15	POMT1	1.0	5388
ENSG00000130717	15	UCK1	1.0	5389
ENSG00000130720	15	FIBCD1	1.0	5390
ENSG00000130724	15	CHMP2A	1.0	5391
ENSG00000130725	15	UBE2M	1.0	5392
ENSG00000130726	15	TRIM28	1.0	5393
ENSG00000130733	15	YIPF2	1.0	5394
ENSG00000130734	15	ATG4D	1.0	5395
ENSG00000130741	15	EIF2S3	1.0	5396
ENSG00000130748	15	TMEM160	1.0	5397
ENSG00000130749	15	ZC3H4	1.0	5398
ENSG00000130751	15	NPAS1	1.0	5399
ENSG00000130755	15	GMFG	1.0	5400
ENSG00000130758	15	MAP3K10	1.0	5401
ENSG00000130762	15	ARHGEF16	1.0	5402
ENSG00000130764	15	LRRC47	1.0	5403
ENSG00000130766	15	SESN2	1.0	5404
ENSG00000130768	15	SMPDL3B	1.0	5405
ENSG00000130772	15	MED18	1.0	5406
ENSG00000130775	15	THEMIS2	1.0	5407
ENSG00000130779	15	CLIP1	1.0	5408
ENSG00000130783	15	CCDC62	1.0	5409
ENSG00000130787	15	HIP1R	1.0	5410
ENSG00000130803	15	ZNF317	1.0	5411
ENSG00000130811	15	EIF3G	1.0	5412
ENSG00000130812	15	ANGPTL6	1.0	5413
ENSG00000130816	15	DNMT1	1.0	5414
ENSG00000130818	15	ZNF426	1.0	5415
ENSG00000130821	15	SLC6A8	1.0	5416
ENSG00000130822	15	PNCK	1.0	5417
ENSG00000130826	15	DKC1	1.0	5418
ENSG00000130827	15	PLXNA3	1.0	5419
ENSG00000130829	15	DUSP9	1.0	5420
ENSG00000130830	15	MPP1	1.0	5421
ENSG00000130844	15	ZNF331	1.0	5422
ENSG00000130856	15	ZNF236	1.0	5423
ENSG00000130881	15	LRP3	1.0	5424
ENSG00000130935	15	NOL11	1.0	5425
ENSG00000130939	15	UBE4B	1.0	5426
ENSG00000130940	15	CASZ1	1.0	5427
ENSG00000130956	15	HABP4	1.0	5428
ENSG00000130958	15	SLC35D2	1.0	5429
ENSG00000130962	15	PRRG1	1.0	5430
ENSG00000130985	15	UBA1	1.0	5431
ENSG00000130988	15	RGN	1.0	5432
ENSG00000130997	15	POLN	1.0	5433
ENSG00000131013	15	PPIL4	1.0	5434
ENSG00000131015	15	ULBP2	1.0	5435
ENSG00000131016	15	AKAP12	1.0	5436
ENSG00000131018	15	SYNE1	1.0	5437
ENSG00000131019	15	ULBP3	1.0	5438
ENSG00000131023	15	LATS1	1.0	5439
ENSG00000131037	15	EPS8L1	1.0	5440
ENSG00000131042	15	LILRB2	1.0	5441
ENSG00000131043	15	AAR2	1.0	5442
ENSG00000131044	15	TTLL9	1.0	5443
ENSG00000131051	15	RBM39	1.0	5444
ENSG00000131055	15	COX4I2	1.0	5445
ENSG00000131061	15	ZNF341	1.0	5446
ENSG00000131067	15	GGT7	1.0	5447
ENSG00000131069	15	ACSS2	1.0	5448
ENSG00000131080	15	EDA2R	1.0	5449
ENSG00000131089	15	ARHGEF9	1.0	5450
ENSG00000131094	15	C1QL1	1.0	5451
ENSG00000131095	15	GFAP	1.0	5452
ENSG00000131096	15	PYY	1.0	5453
ENSG00000131097	15	HIGD1B	1.0	5454
ENSG00000131100	15	ATP6V1E1	1.0	5455
ENSG00000131115	15	ZNF227	1.0	5456
ENSG00000131116	15	ZNF428	1.0	5457
ENSG00000131127	15	ZNF141	1.0	5458
ENSG00000131143	15	COX4I1	1.0	5459
ENSG00000131148	15	EMC8	1.0	5460
ENSG00000131149	15	GSE1	1.0	5461
ENSG00000131153	15	GINS2	1.0	5462
ENSG00000131165	15	CHMP1A	1.0	5463
ENSG00000131171	15	SH3BGRL	1.0	5464
ENSG00000131174	15	COX7B	1.0	5465
ENSG00000131187	15	F12	1.0	5466
ENSG00000131188	15	PRR7	1.0	5467
ENSG00000131196	15	NFATC1	1.0	5468
ENSG00000131203	15	IDO1	1.0	5469
ENSG00000131236	15	CAP1	1.0	5470
ENSG00000131238	15	PPT1	1.0	5471
ENSG00000131242	15	RAB11FIP4	1.0	5472
ENSG00000131263	15	RLIM	1.0	5473
ENSG00000131269	15	ABCB7	1.0	5474
ENSG00000131323	15	TRAF3	1.0	5475
ENSG00000131351	15	HAUS8	1.0	5476
ENSG00000131368	15	MRPS25	1.0	5477
ENSG00000131370	15	SH3BP5	1.0	5478
ENSG00000131373	15	HACL1	1.0	5479
ENSG00000131374	15	TBC1D5	1.0	5480
ENSG00000131375	15	CAPN7	1.0	5481
ENSG00000131378	15	RFTN1	1.0	5482
ENSG00000131386	15	GALNT15	1.0	5483
ENSG00000131389	15	SLC6A6	1.0	5484
ENSG00000131398	15	KCNC3	1.0	5485
ENSG00000131400	15	NAPSA	1.0	5486
ENSG00000131408	15	NR1H2	1.0	5487
ENSG00000131409	15	LRRC4B	1.0	5488
ENSG00000131435	15	PDLIM4	1.0	5489
ENSG00000131437	15	KIF3A	1.0	5490
ENSG00000131446	15	MGAT1	1.0	5491
ENSG00000131459	15	GFPT2	1.0	5492
ENSG00000131462	15	TUBG1	1.0	5493
ENSG00000131467	15	PSME3	1.0	5494
ENSG00000131469	15	RPL27	1.0	5495
ENSG00000131470	15	PSMC3IP	1.0	5496
ENSG00000131471	15	AOC3	1.0	5497
ENSG00000131473	15	ACLY	1.0	5498
ENSG00000131475	15	VPS25	1.0	5499
ENSG00000131477	15	RAMP2	1.0	5500
ENSG00000131480	15	AOC2	1.0	5501
ENSG00000131495	15	NDUFA2	1.0	5502
ENSG00000131503	15	ANKHD1	1.0	5503
ENSG00000131504	15	DIAPH1	1.0	5504
ENSG00000131507	15	NDFIP1	1.0	5505
ENSG00000131508	15	UBE2D2	1.0	5506
ENSG00000131558	15	EXOC4	1.0	5507
ENSG00000131584	15	ACAP3	1.0	5508
ENSG00000131591	15	C1orf159	1.0	5509
ENSG00000131620	15	ANO1	1.0	5510
ENSG00000131626	15	PPFIA1	1.0	5511
ENSG00000131634	15	TMEM204	1.0	5512
ENSG00000131650	15	KREMEN2	1.0	5513
ENSG00000131652	15	THOC6	1.0	5514
ENSG00000131653	15	TRAF7	1.0	5515
ENSG00000131668	15	BARX1	1.0	5516
ENSG00000131669	15	NINJ1	1.0	5517
ENSG00000131686	15	CA6	1.0	5518
ENSG00000131697	15	NPHP4	1.0	5519
ENSG00000131711	15	MAP1B	1.0	5520
ENSG00000131724	15	IL13RA1	1.0	5521
ENSG00000131725	15	WDR44	1.0	5522
ENSG00000131730	15	CKMT2	1.0	5523
ENSG00000131732	15	ZCCHC9	1.0	5524
ENSG00000131746	15	TNS4	1.0	5525
ENSG00000131747	15	TOP2A	1.0	5526
ENSG00000131748	15	STARD3	1.0	5527
ENSG00000131759	15	RARA	1.0	5528
ENSG00000131771	15	PPP1R1B	1.0	5529
ENSG00000131773	15	KHDRBS3	1.0	5530
ENSG00000131778	15	CHD1L	1.0	5531
ENSG00000131779	15	PEX11B	1.0	5532
ENSG00000131781	15	FMO5	1.0	5533
ENSG00000131788	15	PIAS3	1.0	5534
ENSG00000131791	15	PRKAB2	1.0	5535
ENSG00000131828	15	PDHA1	1.0	5536
ENSG00000131831	15	RAI2	1.0	5537
ENSG00000131844	15	MCCC2	1.0	5538
ENSG00000131845	15	ZNF304	1.0	5539
ENSG00000131848	15	ZSCAN5A	1.0	5540
ENSG00000131849	15	ZNF132	1.0	5541
ENSG00000131873	15	CHSY1	1.0	5542
ENSG00000131876	15	SNRPA1	1.0	5543
ENSG00000131899	15	LLGL1	1.0	5544
ENSG00000131931	15	THAP1	1.0	5545
ENSG00000131941	15	RHPN2	1.0	5546
ENSG00000131943	15	C19orf12	1.0	5547
ENSG00000131966	15	ACTR10	1.0	5548
ENSG00000131969	15	ABHD12B	1.0	5549
ENSG00000131979	15	GCH1	1.0	5550
ENSG00000131981	15	LGALS3	1.0	5551
ENSG00000132000	15	PODNL1	1.0	5552
ENSG00000132002	15	DNAJB1	1.0	5553
ENSG00000132003	15	ZSWIM4	1.0	5554
ENSG00000132004	15	FBXW9	1.0	5555
ENSG00000132005	15	RFX1	1.0	5556
ENSG00000132010	15	ZNF20	1.0	5557
ENSG00000132017	15	DCAF15	1.0	5558
ENSG00000132024	15	CC2D1A	1.0	5559
ENSG00000132031	15	MATN3	1.0	5560
ENSG00000132109	15	TRIM21	1.0	5561
ENSG00000132122	15	SPATA6	1.0	5562
ENSG00000132128	15	LRRC41	1.0	5563
ENSG00000132141	15	CCT6B	1.0	5564
ENSG00000132153	15	DHX30	1.0	5565
ENSG00000132155	15	RAF1	1.0	5566
ENSG00000132164	15	SLC6A11	1.0	5567
ENSG00000132170	15	PPARG	1.0	5568
ENSG00000132182	15	NUP210	1.0	5569
ENSG00000132185	15	FCRLA	1.0	5570
ENSG00000132196	15	HSD17B7	1.0	5571
ENSG00000132199	15	ENOSF1	1.0	5572
ENSG00000132205	15	EMILIN2	1.0	5573
ENSG00000132207	15	SLX1A	1.0	5574
ENSG00000132254	15	ARFIP2	1.0	5575
ENSG00000132256	15	TRIM5	1.0	5576
ENSG00000132274	15	TRIM22	1.0	5577
ENSG00000132275	15	RRP8	1.0	5578
ENSG00000132294	15	EFR3A	1.0	5579
ENSG00000132300	15	PTCD3	1.0	5580
ENSG00000132305	15	IMMT	1.0	5581
ENSG00000132313	15	MRPL35	1.0	5582
ENSG00000132321	15	IQCA1	1.0	5583
ENSG00000132323	15	ILKAP	1.0	5584
ENSG00000132326	15	PER2	1.0	5585
ENSG00000132329	15	RAMP1	1.0	5586
ENSG00000132330	15	SCLY	1.0	5587
ENSG00000132334	15	PTPRE	1.0	5588
ENSG00000132341	15	RAN	1.0	5589
ENSG00000132356	15	PRKAA1	1.0	5590
ENSG00000132357	15	CARD6	1.0	5591
ENSG00000132359	15	RAP1GAP2	1.0	5592
ENSG00000132361	15	CLUH	1.0	5593
ENSG00000132376	15	INPP5K	1.0	5594
ENSG00000132382	15	MYBBP1A	1.0	5595
ENSG00000132383	15	RPA1	1.0	5596
ENSG00000132386	15	SERPINF1	1.0	5597
ENSG00000132388	15	UBE2G1	1.0	5598
ENSG00000132394	15	EEFSEC	1.0	5599
ENSG00000132405	15	TBC1D14	1.0	5600
ENSG00000132406	15	TMEM128	1.0	5601
ENSG00000132423	15	COQ3	1.0	5602
ENSG00000132424	15	PNISR	1.0	5603
ENSG00000132429	15	POPDC3	1.0	5604
ENSG00000132432	15	SEC61G	1.0	5605
ENSG00000132434	15	LANCL2	1.0	5606
ENSG00000132436	15	FIGNL1	1.0	5607
ENSG00000132463	15	GRSF1	1.0	5608
ENSG00000132466	15	ANKRD17	1.0	5609
ENSG00000132467	15	UTP3	1.0	5610
ENSG00000132470	15	ITGB4	1.0	5611
ENSG00000132471	15	WBP2	1.0	5612
ENSG00000132478	15	UNK	1.0	5613
ENSG00000132481	15	TRIM47	1.0	5614
ENSG00000132485	15	ZRANB2	1.0	5615
ENSG00000132507	15	EIF5A	1.0	5616
ENSG00000132510	15	KDM6B	1.0	5617
ENSG00000132517	15	SLC52A1	1.0	5618
ENSG00000132518	15	GUCY2D	1.0	5619
ENSG00000132522	15	GPS2	1.0	5620
ENSG00000132530	15	XAF1	1.0	5621
ENSG00000132535	15	DLG4	1.0	5622
ENSG00000132549	15	VPS13B	1.0	5623
ENSG00000132554	15	RGS22	1.0	5624
ENSG00000132561	15	MATN2	1.0	5625
ENSG00000132563	15	REEP2	1.0	5626
ENSG00000132570	15	PCBD2	1.0	5627
ENSG00000132581	15	SDF2	1.0	5628
ENSG00000132589	15	FLOT2	1.0	5629
ENSG00000132591	15	ERAL1	1.0	5630
ENSG00000132600	15	PRMT7	1.0	5631
ENSG00000132603	15	NIP7	1.0	5632
ENSG00000132604	15	TERF2	1.0	5633
ENSG00000132612	15	VPS4A	1.0	5634
ENSG00000132622	15	HSPA12B	1.0	5635
ENSG00000132623	15	ANKEF1	1.0	5636
ENSG00000132635	15	PCED1A	1.0	5637
ENSG00000132639	15	SNAP25	1.0	5638
ENSG00000132640	15	BTBD3	1.0	5639
ENSG00000132646	15	PCNA	1.0	5640
ENSG00000132661	15	NXT1	1.0	5641
ENSG00000132664	15	POLR3F	1.0	5642
ENSG00000132669	15	RIN2	1.0	5643
ENSG00000132670	15	PTPRA	1.0	5644
ENSG00000132676	15	DAP3	1.0	5645
ENSG00000132677	15	RHBG	1.0	5646
ENSG00000132681	15	ATP1A4	1.0	5647
ENSG00000132688	15	NES	1.0	5648
ENSG00000132692	15	BCAN	1.0	5649
ENSG00000132693	15	CRP	1.0	5650
ENSG00000132694	15	ARHGEF11	1.0	5651
ENSG00000132698	15	RAB25	1.0	5652
ENSG00000132702	15	HAPLN2	1.0	5653
ENSG00000132704	15	FCRL2	1.0	5654
ENSG00000132716	15	DCAF8	1.0	5655
ENSG00000132718	15	SYT11	1.0	5656
ENSG00000132740	15	IGHMBP2	1.0	5657
ENSG00000132744	15	ACY3	1.0	5658
ENSG00000132746	15	ALDH3B2	1.0	5659
ENSG00000132763	15	MMACHC	1.0	5660
ENSG00000132768	15	DPH2	1.0	5661
ENSG00000132773	15	TOE1	1.0	5662
ENSG00000132780	15	NASP	1.0	5663
ENSG00000132781	15	MUTYH	1.0	5664
ENSG00000132792	15	CTNNBL1	1.0	5665
ENSG00000132793	15	LPIN3	1.0	5666
ENSG00000132801	15	ZSWIM3	1.0	5667
ENSG00000132819	15	RBM38	1.0	5668
ENSG00000132821	15	VSTM2L	1.0	5669
ENSG00000132823	15	OSER1	1.0	5670
ENSG00000132824	15	SERINC3	1.0	5671
ENSG00000132825	15	PPP1R3D	1.0	5672
ENSG00000132837	15	DMGDH	1.0	5673
ENSG00000132840	15	BHMT2	1.0	5674
ENSG00000132842	15	AP3B1	1.0	5675
ENSG00000132846	15	ZBED3	1.0	5676
ENSG00000132854	15	KANK4	1.0	5677
ENSG00000132874	15	SLC14A2	1.0	5678
ENSG00000132879	15	FBXO44	1.0	5679
ENSG00000132906	15	CASP9	1.0	5680
ENSG00000132912	15	DCTN4	1.0	5681
ENSG00000132915	15	PDE6A	1.0	5682
ENSG00000132932	15	ATP8A2	1.0	5683
ENSG00000132938	15	MTUS2	1.0	5684
ENSG00000132950	15	ZMYM5	1.0	5685
ENSG00000132952	15	USPL1	1.0	5686
ENSG00000132953	15	XPO4	1.0	5687
ENSG00000132963	15	POMP	1.0	5688
ENSG00000132964	15	CDK8	1.0	5689
ENSG00000132965	15	ALOX5AP	1.0	5690
ENSG00000132970	15	WASF3	1.0	5691
ENSG00000132975	15	GPR12	1.0	5692
ENSG00000133019	15	CHRM3	1.0	5693
ENSG00000133026	15	MYH10	1.0	5694
ENSG00000133027	15	PEMT	1.0	5695
ENSG00000133028	15	SCO1	1.0	5696
ENSG00000133030	15	MPRIP	1.0	5697
ENSG00000133048	15	CHI3L1	1.0	5698
ENSG00000133055	15	MYBPH	1.0	5699
ENSG00000133056	15	PIK3C2B	1.0	5700
ENSG00000133059	15	DSTYK	1.0	5701
ENSG00000133063	15	CHIT1	1.0	5702
ENSG00000133065	15	SLC41A1	1.0	5703
ENSG00000133067	15	LGR6	1.0	5704
ENSG00000133069	15	TMCC2	1.0	5705
ENSG00000133083	15	DCLK1	1.0	5706
ENSG00000133101	15	CCNA1	1.0	5707
ENSG00000133103	15	COG6	1.0	5708
ENSG00000133106	15	EPSTI1	1.0	5709
ENSG00000133107	15	TRPC4	1.0	5710
ENSG00000133110	15	POSTN	1.0	5711
ENSG00000133111	15	RFXAP	1.0	5712
ENSG00000133112	15	TPT1	1.0	5713
ENSG00000133114	15	GPALPP1	1.0	5714
ENSG00000133116	15	KL	1.0	5715
ENSG00000133119	15	RFC3	1.0	5716
ENSG00000133121	15	STARD13	1.0	5717
ENSG00000133131	15	MORC4	1.0	5718
ENSG00000133134	15	BEX2	1.0	5719
ENSG00000133135	15	RNF128	1.0	5720
ENSG00000133138	15	TBC1D8B	1.0	5721
ENSG00000133142	15	TCEAL4	1.0	5722
ENSG00000133169	15	BEX1	1.0	5723
ENSG00000133193	15	VCF1	1.0	5724
ENSG00000133195	15	SLC39A11	1.0	5725
ENSG00000133216	15	EPHB2	1.0	5726
ENSG00000133226	15	SRRM1	1.0	5727
ENSG00000133243	15	BTBD2	1.0	5728
ENSG00000133246	15	PRAM1	1.0	5729
ENSG00000133250	15	ZNF414	1.0	5730
ENSG00000133256	15	PDE6B	1.0	5731
ENSG00000133265	15	HSPBP1	1.0	5732
ENSG00000133275	15	CSNK1G2	1.0	5733
ENSG00000133313	15	CNDP2	1.0	5734
ENSG00000133315	15	MACROD1	1.0	5735
ENSG00000133316	15	WDR74	1.0	5736
ENSG00000133318	15	RTN3	1.0	5737
ENSG00000133392	15	MYH11	1.0	5738
ENSG00000133398	15	MED10	1.0	5739
ENSG00000133401	15	PDZD2	1.0	5740
ENSG00000133422	15	MORC2	1.0	5741
ENSG00000133433	15	GSTT2B	1.0	5742
ENSG00000133460	15	SLC2A11	1.0	5743
ENSG00000133466	15	C1QTNF6	1.0	5744
ENSG00000133475	15	GGT2P	1.0	5745
ENSG00000133477	15	FAM83F	1.0	5746
ENSG00000133488	15	SEC14L4	1.0	5747
ENSG00000133561	15	GIMAP6	1.0	5748
ENSG00000133574	15	GIMAP4	1.0	5749
ENSG00000133597	15	ADCK2	1.0	5750
ENSG00000133606	15	MKRN1	1.0	5751
ENSG00000133612	15	AGAP3	1.0	5752
ENSG00000133619	15	KRBA1	1.0	5753
ENSG00000133627	15	ACTR3B	1.0	5754
ENSG00000133636	15	NTS	1.0	5755
ENSG00000133639	15	BTG1	1.0	5756
ENSG00000133640	15	LRRIQ1	1.0	5757
ENSG00000133641	15	RLIG1	1.0	5758
ENSG00000133657	15	ATP13A3	1.0	5759
ENSG00000133661	15	SFTPD	1.0	5760
ENSG00000133665	15	DYDC2	1.0	5761
ENSG00000133678	15	TMEM254	1.0	5762
ENSG00000133687	15	TMTC1	1.0	5763
ENSG00000133703	15	KRAS	1.0	5764
ENSG00000133704	15	IPO8	1.0	5765
ENSG00000133710	15	SPINK5	1.0	5766
ENSG00000133731	15	IMPA1	1.0	5767
ENSG00000133739	15	LRRCC1	1.0	5768
ENSG00000133740	15	E2F5	1.0	5769
ENSG00000133773	15	CCDC59	1.0	5770
ENSG00000133789	15	SWAP70	1.0	5771
ENSG00000133794	15	BMAL1	1.0	5772
ENSG00000133800	15	LYVE1	1.0	5773
ENSG00000133805	15	AMPD3	1.0	5774
ENSG00000133812	15	SBF2	1.0	5775
ENSG00000133816	15	MICAL2	1.0	5776
ENSG00000133818	15	RRAS2	1.0	5777
ENSG00000133835	15	HSD17B4	1.0	5778
ENSG00000133858	15	ZFC3H1	1.0	5779
ENSG00000133874	15	RNF122	1.0	5780
ENSG00000133878	15	DUSP26	1.0	5781
ENSG00000133884	15	DPF2	1.0	5782
ENSG00000133895	15	MEN1	1.0	5783
ENSG00000133937	15	GSC	1.0	5784
ENSG00000133958	15	UNC79	1.0	5785
ENSG00000133961	15	NUMB	1.0	5786
ENSG00000133962	15	CATSPERB	1.0	5787
ENSG00000133983	15	COX16	1.0	5788
ENSG00000133985	15	TTC9	1.0	5789
ENSG00000133997	15	MED6	1.0	5790
ENSG00000134001	15	EIF2S1	1.0	5791
ENSG00000134013	15	LOXL2	1.0	5792
ENSG00000134014	15	ELP3	1.0	5793
ENSG00000134020	15	PEBP4	1.0	5794
ENSG00000134028	15	ADAMDEC1	1.0	5795
ENSG00000134030	15	CTIF	1.0	5796
ENSG00000134042	15	MRO	1.0	5797
ENSG00000134046	15	MBD2	1.0	5798
ENSG00000134049	15	IER3IP1	1.0	5799
ENSG00000134056	15	KGD4	1.0	5800
ENSG00000134057	15	CCNB1	1.0	5801
ENSG00000134058	15	CDK7	1.0	5802
ENSG00000134061	15	CD180	1.0	5803
ENSG00000134070	15	IRAK2	1.0	5804
ENSG00000134072	15	CAMK1	1.0	5805
ENSG00000134077	15	THUMPD3	1.0	5806
ENSG00000134086	15	VHL	1.0	5807
ENSG00000134107	15	BHLHE40	1.0	5808
ENSG00000134108	15	ARL8B	1.0	5809
ENSG00000134109	15	EDEM1	1.0	5810
ENSG00000134121	15	CHL1	1.0	5811
ENSG00000134138	15	MEIS2	1.0	5812
ENSG00000134146	15	DPH6	1.0	5813
ENSG00000134152	15	KATNBL1	1.0	5814
ENSG00000134153	15	EMC7	1.0	5815
ENSG00000134160	15	TRPM1	1.0	5816
ENSG00000134186	15	PRPF38B	1.0	5817
ENSG00000134198	15	TSPAN2	1.0	5818
ENSG00000134201	15	GSTM5	1.0	5819
ENSG00000134202	15	GSTM3	1.0	5820
ENSG00000134207	15	SYT6	1.0	5821
ENSG00000134215	15	VAV3	1.0	5822
ENSG00000134222	15	PSRC1	1.0	5823
ENSG00000134240	15	HMGCS2	1.0	5824
ENSG00000134242	15	PTPN22	1.0	5825
ENSG00000134243	15	SORT1	1.0	5826
ENSG00000134245	15	WNT2B	1.0	5827
ENSG00000134247	15	PTGFRN	1.0	5828
ENSG00000134248	15	LAMTOR5	1.0	5829
ENSG00000134250	15	NOTCH2	1.0	5830
ENSG00000134253	15	TRIM45	1.0	5831
ENSG00000134255	15	CEPT1	1.0	5832
ENSG00000134256	15	CD101	1.0	5833
ENSG00000134258	15	VTCN1	1.0	5834
ENSG00000134259	15	NGF	1.0	5835
ENSG00000134262	15	AP4B1	1.0	5836
ENSG00000134265	15	NAPG	1.0	5837
ENSG00000134278	15	SPIRE1	1.0	5838
ENSG00000134283	15	PPHLN1	1.0	5839
ENSG00000134287	15	ARF3	1.0	5840
ENSG00000134291	15	TMEM106C	1.0	5841
ENSG00000134294	15	SLC38A2	1.0	5842
ENSG00000134308	15	YWHAQ	1.0	5843
ENSG00000134313	15	KIDINS220	1.0	5844
ENSG00000134317	15	GRHL1	1.0	5845
ENSG00000134318	15	ROCK2	1.0	5846
ENSG00000134321	15	RSAD2	1.0	5847
ENSG00000134323	15	MYCN	1.0	5848
ENSG00000134324	15	LPIN1	1.0	5849
ENSG00000134326	15	CMPK2	1.0	5850
ENSG00000134330	15	IAH1	1.0	5851
ENSG00000134333	15	LDHA	1.0	5852
ENSG00000134339	15	SAA2	1.0	5853
ENSG00000134343	15	ANO3	1.0	5854
ENSG00000134352	15	IL6ST	1.0	5855
ENSG00000134363	15	FST	1.0	5856
ENSG00000134369	15	NAV1	1.0	5857
ENSG00000134371	15	CDC73	1.0	5858
ENSG00000134375	15	TIMM17A	1.0	5859
ENSG00000134419	15	RPS15A	1.0	5860
ENSG00000134443	15	GRP	1.0	5861
ENSG00000134453	15	RBM17	1.0	5862
ENSG00000134460	15	IL2RA	1.0	5863
ENSG00000134461	15	ANKRD16	1.0	5864
ENSG00000134463	15	ECHDC3	1.0	5865
ENSG00000134470	15	IL15RA	1.0	5866
ENSG00000134480	15	CCNH	1.0	5867
ENSG00000134489	15	HRH4	1.0	5868
ENSG00000134490	15	TMEM241	1.0	5869
ENSG00000134504	15	KCTD1	1.0	5870
ENSG00000134508	15	CABLES1	1.0	5871
ENSG00000134516	15	DOCK2	1.0	5872
ENSG00000134531	15	EMP1	1.0	5873
ENSG00000134532	15	SOX5	1.0	5874
ENSG00000134533	15	RERG	1.0	5875
ENSG00000134539	15	KLRD1	1.0	5876
ENSG00000134545	15	KLRC1	1.0	5877
ENSG00000134569	15	LRP4	1.0	5878
ENSG00000134574	15	DDB2	1.0	5879
ENSG00000134575	15	ACP2	1.0	5880
ENSG00000134594	15	RAB33A	1.0	5881
ENSG00000134595	15	SOX3	1.0	5882
ENSG00000134597	15	RBMX2	1.0	5883
ENSG00000134627	15	PIWIL4	1.0	5884
ENSG00000134644	15	PUM1	1.0	5885
ENSG00000134668	15	SPOCD1	1.0	5886
ENSG00000134686	15	PHC2	1.0	5887
ENSG00000134690	15	CDCA8	1.0	5888
ENSG00000134697	15	GNL2	1.0	5889
ENSG00000134698	15	AGO4	1.0	5890
ENSG00000134709	15	HOOK1	1.0	5891
ENSG00000134716	15	CYP2J2	1.0	5892
ENSG00000134717	15	BTF3L4	1.0	5893
ENSG00000134748	15	PRPF38A	1.0	5894
ENSG00000134755	15	DSC2	1.0	5895
ENSG00000134757	15	DSG3	1.0	5896
ENSG00000134758	15	RNF138	1.0	5897
ENSG00000134759	15	ELP2	1.0	5898
ENSG00000134760	15	DSG1	1.0	5899
ENSG00000134762	15	DSC3	1.0	5900
ENSG00000134765	15	DSC1	1.0	5901
ENSG00000134769	15	DTNA	1.0	5902
ENSG00000134775	15	FHOD3	1.0	5903
ENSG00000134779	15	TPGS2	1.0	5904
ENSG00000134780	15	DAGLA	1.0	5905
ENSG00000134802	15	SLC43A3	1.0	5906
ENSG00000134809	15	TIMM10	1.0	5907
ENSG00000134815	15	DHX34	1.0	5908
ENSG00000134817	15	APLNR	1.0	5909
ENSG00000134824	15	FADS2	1.0	5910
ENSG00000134825	15	TMEM258	1.0	5911
ENSG00000134827	15	TCN1	1.0	5912
ENSG00000134830	15	C5AR2	1.0	5913
ENSG00000134851	15	TMEM165	1.0	5914
ENSG00000134852	15	CLOCK	1.0	5915
ENSG00000134853	15	PDGFRA	1.0	5916
ENSG00000134864	15	GGACT	1.0	5917
ENSG00000134871	15	COL4A2	1.0	5918
ENSG00000134873	15	CLDN10	1.0	5919
ENSG00000134874	15	DZIP1	1.0	5920
ENSG00000134882	15	UBAC2	1.0	5921
ENSG00000134884	15	ARGLU1	1.0	5922
ENSG00000134897	15	BIVM	1.0	5923
ENSG00000134899	15	ERCC5	1.0	5924
ENSG00000134900	15	TPP2	1.0	5925
ENSG00000134905	15	CARS2	1.0	5926
ENSG00000134909	15	ARHGAP32	1.0	5927
ENSG00000134910	15	STT3A	1.0	5928
ENSG00000134917	15	ADAMTS8	1.0	5929
ENSG00000134954	15	ETS1	1.0	5930
ENSG00000134955	15	SLC37A2	1.0	5931
ENSG00000134962	15	KLB	1.0	5932
ENSG00000134970	15	TMED7	1.0	5933
ENSG00000134982	15	APC	1.0	5934
ENSG00000134986	15	NREP	1.0	5935
ENSG00000134987	15	WDR36	1.0	5936
ENSG00000134996	15	OSTF1	1.0	5937
ENSG00000135002	15	RFK	1.0	5938
ENSG00000135018	15	UBQLN1	1.0	5939
ENSG00000135040	15	NAA35	1.0	5940
ENSG00000135045	15	C9orf40	1.0	5941
ENSG00000135046	15	ANXA1	1.0	5942
ENSG00000135047	15	CTSL	1.0	5943
ENSG00000135049	15	AGTPBP1	1.0	5944
ENSG00000135052	15	GOLM1	1.0	5945
ENSG00000135063	15	ENTREP1	1.0	5946
ENSG00000135069	15	PSAT1	1.0	5947
ENSG00000135070	15	ISCA1	1.0	5948
ENSG00000135074	15	ADAM19	1.0	5949
ENSG00000135077	15	HAVCR2	1.0	5950
ENSG00000135083	15	CCNJL	1.0	5951
ENSG00000135090	15	TAOK3	1.0	5952
ENSG00000135093	15	USP30	1.0	5953
ENSG00000135094	15	SDS	1.0	5954
ENSG00000135097	15	MSI1	1.0	5955
ENSG00000135100	15	HNF1A	1.0	5956
ENSG00000135108	15	FBXO21	1.0	5957
ENSG00000135111	15	TBX3	1.0	5958
ENSG00000135114	15	OASL	1.0	5959
ENSG00000135116	15	HRK	1.0	5960
ENSG00000135119	15	RNFT2	1.0	5961
ENSG00000135124	15	P2RX4	1.0	5962
ENSG00000135144	15	DTX1	1.0	5963
ENSG00000135148	15	TRAFD1	1.0	5964
ENSG00000135164	15	DMTF1	1.0	5965
ENSG00000135185	15	TMEM243	1.0	5966
ENSG00000135205	15	CCDC146	1.0	5967
ENSG00000135211	15	TMEM60	1.0	5968
ENSG00000135218	15	CD36	1.0	5969
ENSG00000135241	15	PNPLA8	1.0	5970
ENSG00000135245	15	HILPDA	1.0	5971
ENSG00000135249	15	RINT1	1.0	5972
ENSG00000135250	15	SRPK2	1.0	5973
ENSG00000135269	15	TES	1.0	5974
ENSG00000135272	15	MDFIC	1.0	5975
ENSG00000135297	15	MTO1	1.0	5976
ENSG00000135299	15	ANKRD6	1.0	5977
ENSG00000135314	15	KHDC1	1.0	5978
ENSG00000135316	15	SYNCRIP	1.0	5979
ENSG00000135317	15	SNX14	1.0	5980
ENSG00000135318	15	NT5E	1.0	5981
ENSG00000135324	15	MRAP2	1.0	5982
ENSG00000135333	15	EPHA7	1.0	5983
ENSG00000135334	15	AKIRIN2	1.0	5984
ENSG00000135336	15	ORC3	1.0	5985
ENSG00000135338	15	LCA5	1.0	5986
ENSG00000135341	15	MAP3K7	1.0	5987
ENSG00000135346	15	CGA	1.0	5988
ENSG00000135362	15	PRR5L	1.0	5989
ENSG00000135363	15	LMO2	1.0	5990
ENSG00000135365	15	PHF21A	1.0	5991
ENSG00000135372	15	NAT10	1.0	5992
ENSG00000135373	15	EHF	1.0	5993
ENSG00000135374	15	ELF5	1.0	5994
ENSG00000135378	15	PRRG4	1.0	5995
ENSG00000135387	15	CAPRIN1	1.0	5996
ENSG00000135392	15	DNAJC14	1.0	5997
ENSG00000135404	15	CD63	1.0	5998
ENSG00000135406	15	PRPH	1.0	5999
ENSG00000135407	15	AVIL	1.0	6000
ENSG00000135409	15	AMHR2	1.0	6001
ENSG00000135414	15	GDF11	1.0	6002
ENSG00000135423	15	GLS2	1.0	6003
ENSG00000135424	15	ITGA7	1.0	6004
ENSG00000135426	15	TESPA1	1.0	6005
ENSG00000135436	15	FAM186B	1.0	6006
ENSG00000135437	15	RDH5	1.0	6007
ENSG00000135439	15	AGAP2	1.0	6008
ENSG00000135446	15	CDK4	1.0	6009
ENSG00000135447	15	PPP1R1A	1.0	6010
ENSG00000135451	15	TROAP	1.0	6011
ENSG00000135452	15	TSPAN31	1.0	6012
ENSG00000135454	15	B4GALNT1	1.0	6013
ENSG00000135457	15	TFCP2	1.0	6014
ENSG00000135469	15	COQ10A	1.0	6015
ENSG00000135472	15	FAIM2	1.0	6016
ENSG00000135473	15	PAN2	1.0	6017
ENSG00000135476	15	ESPL1	1.0	6018
ENSG00000135480	15	KRT7	1.0	6019
ENSG00000135482	15	ZC3H10	1.0	6020
ENSG00000135486	15	HNRNPA1	1.0	6021
ENSG00000135502	15	SLC26A10P	1.0	6022
ENSG00000135503	15	ACVR1B	1.0	6023
ENSG00000135506	15	OS9	1.0	6024
ENSG00000135517	15	MIP	1.0	6025
ENSG00000135519	15	KCNH3	1.0	6026
ENSG00000135521	15	LTV1	1.0	6027
ENSG00000135525	15	MAP7	1.0	6028
ENSG00000135535	15	CD164	1.0	6029
ENSG00000135540	15	NHSL1	1.0	6030
ENSG00000135541	15	AHI1	1.0	6031
ENSG00000135547	15	HEY2	1.0	6032
ENSG00000135549	15	PKIB	1.0	6033
ENSG00000135587	15	SMPD2	1.0	6034
ENSG00000135596	15	MICAL1	1.0	6035
ENSG00000135597	15	REPS1	1.0	6036
ENSG00000135604	15	STX11	1.0	6037
ENSG00000135605	15	TEC	1.0	6038
ENSG00000135617	15	PRADC1	1.0	6039
ENSG00000135622	15	SEMA4F	1.0	6040
ENSG00000135624	15	CCT7	1.0	6041
ENSG00000135625	15	EGR4	1.0	6042
ENSG00000135631	15	RAB11FIP5	1.0	6043
ENSG00000135632	15	SMYD5	1.0	6044
ENSG00000135636	15	DYSF	1.0	6045
ENSG00000135637	15	CCDC142	1.0	6046
ENSG00000135638	15	EMX1	1.0	6047
ENSG00000135643	15	KCNMB4	1.0	6048
ENSG00000135655	15	USP15	1.0	6049
ENSG00000135677	15	GNS	1.0	6050
ENSG00000135678	15	CPM	1.0	6051
ENSG00000135679	15	MDM2	1.0	6052
ENSG00000135686	15	KLHL36	1.0	6053
ENSG00000135698	15	MPHOSPH6	1.0	6054
ENSG00000135709	15	KIAA0513	1.0	6055
ENSG00000135720	15	DYNC1LI2	1.0	6056
ENSG00000135722	15	FBXL8	1.0	6057
ENSG00000135723	15	FHOD1	1.0	6058
ENSG00000135736	15	CCDC102A	1.0	6059
ENSG00000135740	15	SLC9A5	1.0	6060
ENSG00000135744	15	AGT	1.0	6061
ENSG00000135750	15	KCNK1	1.0	6062
ENSG00000135763	15	URB2	1.0	6063
ENSG00000135766	15	EGLN1	1.0	6064
ENSG00000135773	15	CAPN9	1.0	6065
ENSG00000135775	15	COG2	1.0	6066
ENSG00000135776	15	ABCB10	1.0	6067
ENSG00000135778	15	NTPCR	1.0	6068
ENSG00000135801	15	TAF5L	1.0	6069
ENSG00000135821	15	GLUL	1.0	6070
ENSG00000135823	15	STX6	1.0	6071
ENSG00000135828	15	RNASEL	1.0	6072
ENSG00000135829	15	DHX9	1.0	6073
ENSG00000135835	15	KIAA1614	1.0	6074
ENSG00000135837	15	CEP350	1.0	6075
ENSG00000135838	15	NPL	1.0	6076
ENSG00000135845	15	PIGC	1.0	6077
ENSG00000135862	15	LAMC1	1.0	6078
ENSG00000135870	15	RC3H1	1.0	6079
ENSG00000135898	15	GPR55	1.0	6080
ENSG00000135899	15	SP110	1.0	6081
ENSG00000135900	15	MRPL44	1.0	6082
ENSG00000135903	15	PAX3	1.0	6083
ENSG00000135905	15	DOCK10	1.0	6084
ENSG00000135912	15	TTLL4	1.0	6085
ENSG00000135913	15	USP37	1.0	6086
ENSG00000135914	15	HTR2B	1.0	6087
ENSG00000135916	15	ITM2C	1.0	6088
ENSG00000135917	15	SLC19A3	1.0	6089
ENSG00000135919	15	SERPINE2	1.0	6090
ENSG00000135924	15	DNAJB2	1.0	6091
ENSG00000135925	15	WNT10A	1.0	6092
ENSG00000135926	15	TMBIM1	1.0	6093
ENSG00000135929	15	CYP27A1	1.0	6094
ENSG00000135930	15	EIF4E2	1.0	6095
ENSG00000135931	15	ARMC9	1.0	6096
ENSG00000135932	15	CAB39	1.0	6097
ENSG00000135940	15	COX5B	1.0	6098
ENSG00000135945	15	REV1	1.0	6099
ENSG00000135951	15	TSGA10	1.0	6100
ENSG00000135953	15	MFSD9	1.0	6101
ENSG00000135956	15	TMEM127	1.0	6102
ENSG00000135966	15	TGFBRAP1	1.0	6103
ENSG00000135968	15	GCC2	1.0	6104
ENSG00000135972	15	MRPS9	1.0	6105
ENSG00000135974	15	C2orf49	1.0	6106
ENSG00000135976	15	ANKRD36	1.0	6107
ENSG00000135999	15	EPC2	1.0	6108
ENSG00000136002	15	ARHGEF4	1.0	6109
ENSG00000136003	15	ISCU	1.0	6110
ENSG00000136010	15	ALDH1L2	1.0	6111
ENSG00000136014	15	USP44	1.0	6112
ENSG00000136021	15	SCYL2	1.0	6113
ENSG00000136026	15	CKAP4	1.0	6114
ENSG00000136040	15	PLXNC1	1.0	6115
ENSG00000136044	15	APPL2	1.0	6116
ENSG00000136045	15	PWP1	1.0	6117
ENSG00000136048	15	DRAM1	1.0	6118
ENSG00000136052	15	SLC41A2	1.0	6119
ENSG00000136059	15	VILL	1.0	6120
ENSG00000136068	15	FLNB	1.0	6121
ENSG00000136098	15	NEK3	1.0	6122
ENSG00000136099	15	PCDH8	1.0	6123
ENSG00000136100	15	VPS36	1.0	6124
ENSG00000136104	15	RNASEH2B	1.0	6125
ENSG00000136108	15	CKAP2	1.0	6126
ENSG00000136111	15	TBC1D4	1.0	6127
ENSG00000136114	15	THSD1	1.0	6128
ENSG00000136122	15	BORA	1.0	6129
ENSG00000136141	15	LRCH1	1.0	6130
ENSG00000136143	15	SUCLA2	1.0	6131
ENSG00000136144	15	RCBTB1	1.0	6132
ENSG00000136146	15	MED4	1.0	6133
ENSG00000136147	15	PHF11	1.0	6134
ENSG00000136152	15	COG3	1.0	6135
ENSG00000136153	15	LMO7	1.0	6136
ENSG00000136156	15	ITM2B	1.0	6137
ENSG00000136158	15	SPRY2	1.0	6138
ENSG00000136159	15	NUDT15	1.0	6139
ENSG00000136160	15	EDNRB	1.0	6140
ENSG00000136161	15	RCBTB2	1.0	6141
ENSG00000136167	15	LCP1	1.0	6142
ENSG00000136169	15	SETDB2	1.0	6143
ENSG00000136193	15	SCRN1	1.0	6144
ENSG00000136197	15	C7orf25	1.0	6145
ENSG00000136205	15	TNS3	1.0	6146
ENSG00000136213	15	CHST12	1.0	6147
ENSG00000136231	15	IGF2BP3	1.0	6148
ENSG00000136235	15	GPNMB	1.0	6149
ENSG00000136237	15	RAPGEF5	1.0	6150
ENSG00000136238	15	RAC1	1.0	6151
ENSG00000136240	15	KDELR2	1.0	6152
ENSG00000136244	15	IL6	1.0	6153
ENSG00000136247	15	ZDHHC4	1.0	6154
ENSG00000136250	15	AOAH	1.0	6155
ENSG00000136261	15	BZW2	1.0	6156
ENSG00000136267	15	DGKB	1.0	6157
ENSG00000136270	15	TBRG4	1.0	6158
ENSG00000136271	15	DDX56	1.0	6159
ENSG00000136273	15	HUS1	1.0	6160
ENSG00000136274	15	NACAD	1.0	6161
ENSG00000136279	15	DBNL	1.0	6162
ENSG00000136280	15	CCM2	1.0	6163
ENSG00000136286	15	MYO1G	1.0	6164
ENSG00000136295	15	TTYH3	1.0	6165
ENSG00000136305	15	CIDEB	1.0	6166
ENSG00000136319	15	TTC5	1.0	6167
ENSG00000136327	15	NKX2-8	1.0	6168
ENSG00000136367	15	ZFHX2	1.0	6169
ENSG00000136371	15	MTHFS	1.0	6170
ENSG00000136378	15	ADAMTS7	1.0	6171
ENSG00000136379	15	ABHD17C	1.0	6172
ENSG00000136381	15	IREB2	1.0	6173
ENSG00000136383	15	ALPK3	1.0	6174
ENSG00000136404	15	TM6SF1	1.0	6175
ENSG00000136425	15	CIB2	1.0	6176
ENSG00000136436	15	CALCOCO2	1.0	6177
ENSG00000136444	15	RSAD1	1.0	6178
ENSG00000136448	15	NMT1	1.0	6179
ENSG00000136449	15	MYCBPAP	1.0	6180
ENSG00000136450	15	SRSF1	1.0	6181
ENSG00000136451	15	VEZF1	1.0	6182
ENSG00000136457	15	CHAD	1.0	6183
ENSG00000136463	15	TACO1	1.0	6184
ENSG00000136478	15	TEX2	1.0	6185
ENSG00000136485	15	DCAF7	1.0	6186
ENSG00000136492	15	BRIP1	1.0	6187
ENSG00000136504	15	KAT7	1.0	6188
ENSG00000136514	15	RTP4	1.0	6189
ENSG00000136518	15	ACTL6A	1.0	6190
ENSG00000136521	15	NDUFB5	1.0	6191
ENSG00000136522	15	MRPL47	1.0	6192
ENSG00000136527	15	TRA2B	1.0	6193
ENSG00000136531	15	SCN2A	1.0	6194
ENSG00000136542	15	GALNT5	1.0	6195
ENSG00000136546	15	SCN7A	1.0	6196
ENSG00000136560	15	TANK	1.0	6197
ENSG00000136573	15	BLK	1.0	6198
ENSG00000136603	15	SKIL	1.0	6199
ENSG00000136630	15	HLX	1.0	6200
ENSG00000136631	15	VPS45	1.0	6201
ENSG00000136634	15	IL10	1.0	6202
ENSG00000136636	15	KCTD3	1.0	6203
ENSG00000136643	15	RPS6KC1	1.0	6204
ENSG00000136682	15	ZNG1B	1.0	6205
ENSG00000136689	15	IL1RN	1.0	6206
ENSG00000136699	15	SMPD4	1.0	6207
ENSG00000136709	15	WDR33	1.0	6208
ENSG00000136710	15	CCDC115	1.0	6209
ENSG00000136715	15	SAP130	1.0	6210
ENSG00000136717	15	BIN1	1.0	6211
ENSG00000136718	15	IMP4	1.0	6212
ENSG00000136720	15	HS6ST1	1.0	6213
ENSG00000136731	15	UGGT1	1.0	6214
ENSG00000136732	15	GYPC	1.0	6215
ENSG00000136738	15	STAM	1.0	6216
ENSG00000136754	15	ABI1	1.0	6217
ENSG00000136758	15	YME1L1	1.0	6218
ENSG00000136770	15	DNAJC1	1.0	6219
ENSG00000136783	15	NIPSNAP3A	1.0	6220
ENSG00000136802	15	LRRC8A	1.0	6221
ENSG00000136807	15	CDK9	1.0	6222
ENSG00000136810	15	TXN	1.0	6223
ENSG00000136811	15	ODF2	1.0	6224
ENSG00000136816	15	TOR1B	1.0	6225
ENSG00000136819	15	C9orf78	1.0	6226
ENSG00000136824	15	SMC2	1.0	6227
ENSG00000136826	15	KLF4	1.0	6228
ENSG00000136827	15	TOR1A	1.0	6229
ENSG00000136828	15	RALGPS1	1.0	6230
ENSG00000136840	15	ST6GALNAC4	1.0	6231
ENSG00000136842	15	TMOD1	1.0	6232
ENSG00000136848	15	DAB2IP	1.0	6233
ENSG00000136854	15	STXBP1	1.0	6234
ENSG00000136856	15	SLC2A8	1.0	6235
ENSG00000136859	15	ANGPTL2	1.0	6236
ENSG00000136861	15	CDK5RAP2	1.0	6237
ENSG00000136866	15	ZFP37	1.0	6238
ENSG00000136867	15	SLC31A2	1.0	6239
ENSG00000136868	15	SLC31A1	1.0	6240
ENSG00000136870	15	ZNF189	1.0	6241
ENSG00000136874	15	STX17	1.0	6242
ENSG00000136875	15	PRPF4	1.0	6243
ENSG00000136877	15	FPGS	1.0	6244
ENSG00000136878	15	USP20	1.0	6245
ENSG00000136883	15	KIF12	1.0	6246
ENSG00000136888	15	ATP6V1G1	1.0	6247
ENSG00000136891	15	TEX10	1.0	6248
ENSG00000136895	15	GARNL3	1.0	6249
ENSG00000136897	15	MRPL50	1.0	6250
ENSG00000136908	15	DPM2	1.0	6251
ENSG00000136925	15	TSTD2	1.0	6252
ENSG00000136928	15	GABBR2	1.0	6253
ENSG00000136930	15	PSMB7	1.0	6254
ENSG00000136933	15	RABEPK	1.0	6255
ENSG00000136935	15	GOLGA1	1.0	6256
ENSG00000136936	15	XPA	1.0	6257
ENSG00000136937	15	NCBP1	1.0	6258
ENSG00000136938	15	ANP32B	1.0	6259
ENSG00000136940	15	PDCL	1.0	6260
ENSG00000136942	15	RPL35	1.0	6261
ENSG00000136943	15	CTSV	1.0	6262
ENSG00000136944	15	LMX1B	1.0	6263
ENSG00000136950	15	ARPC5L	1.0	6264
ENSG00000136960	15	ENPP2	1.0	6265
ENSG00000136982	15	DSCC1	1.0	6266
ENSG00000136986	15	DERL1	1.0	6267
ENSG00000136997	15	MYC	1.0	6268
ENSG00000137033	15	IL33	1.0	6269
ENSG00000137040	15	RANBP6	1.0	6270
ENSG00000137054	15	POLR1E	1.0	6271
ENSG00000137055	15	PLAA	1.0	6272
ENSG00000137070	15	IL11RA	1.0	6273
ENSG00000137073	15	UBAP2	1.0	6274
ENSG00000137074	15	APTX	1.0	6275
ENSG00000137075	15	RNF38	1.0	6276
ENSG00000137076	15	TLN1	1.0	6277
ENSG00000137077	15	CCL21	1.0	6278
ENSG00000137078	15	SIT1	1.0	6279
ENSG00000137094	15	DNAJB5	1.0	6280
ENSG00000137098	15	SPAG8	1.0	6281
ENSG00000137100	15	DCTN3	1.0	6282
ENSG00000137101	15	CD72	1.0	6283
ENSG00000137103	15	TMEM8B	1.0	6284
ENSG00000137106	15	GRHPR	1.0	6285
ENSG00000137124	15	ALDH1B1	1.0	6286
ENSG00000137133	15	HINT2	1.0	6287
ENSG00000137135	15	ARHGEF39	1.0	6288
ENSG00000137145	15	DENND4C	1.0	6289
ENSG00000137154	15	RPS6	1.0	6290
ENSG00000137161	15	CNPY3	1.0	6291
ENSG00000137166	15	FOXP4	1.0	6292
ENSG00000137168	15	PPIL1	1.0	6293
ENSG00000137171	15	KLC4	1.0	6294
ENSG00000137177	15	KIF13A	1.0	6295
ENSG00000137185	15	ZSCAN9	1.0	6296
ENSG00000137193	15	PIM1	1.0	6297
ENSG00000137198	15	GMPR	1.0	6298
ENSG00000137200	15	CMTR1	1.0	6299
ENSG00000137203	15	TFAP2A	1.0	6300
ENSG00000137207	15	YIPF3	1.0	6301
ENSG00000137210	15	TMEM14B	1.0	6302
ENSG00000137216	15	TMEM63B	1.0	6303
ENSG00000137218	15	FRS3	1.0	6304
ENSG00000137221	15	TJAP1	1.0	6305
ENSG00000137225	15	CAPN11	1.0	6306
ENSG00000137265	15	IRF4	1.0	6307
ENSG00000137266	15	SLC22A23	1.0	6308
ENSG00000137267	15	TUBB2A	1.0	6309
ENSG00000137269	15	LRRC1	1.0	6310
ENSG00000137270	15	GCM1	1.0	6311
ENSG00000137273	15	FOXF2	1.0	6312
ENSG00000137274	15	BPHL	1.0	6313
ENSG00000137275	15	RIPK1	1.0	6314
ENSG00000137285	15	TUBB2B	1.0	6315
ENSG00000137288	15	UQCC2	1.0	6316
ENSG00000137309	15	HMGA1	1.0	6317
ENSG00000137310	15	TCF19	1.0	6318
ENSG00000137312	15	FLOT1	1.0	6319
ENSG00000137331	15	IER3	1.0	6320
ENSG00000137337	15	MDC1	1.0	6321
ENSG00000137338	15	PGBD1	1.0	6322
ENSG00000137343	15	ATAT1	1.0	6323
ENSG00000137364	15	TPMT	1.0	6324
ENSG00000137393	15	RNF144B	1.0	6325
ENSG00000137404	15	NRM	1.0	6326
ENSG00000137409	15	MTCH1	1.0	6327
ENSG00000137411	15	VARS2	1.0	6328
ENSG00000137413	15	TAF8	1.0	6329
ENSG00000137414	15	FAM8A1	1.0	6330
ENSG00000137434	15	C6orf52	1.0	6331
ENSG00000137440	15	FGFBP1	1.0	6332
ENSG00000137441	15	FGFBP2	1.0	6333
ENSG00000137449	15	CPEB2	1.0	6334
ENSG00000137460	15	FHDC1	1.0	6335
ENSG00000137462	15	TLR2	1.0	6336
ENSG00000137463	15	MGARP	1.0	6337
ENSG00000137474	15	MYO7A	1.0	6338
ENSG00000137478	15	FCHSD2	1.0	6339
ENSG00000137486	15	ARRB1	1.0	6340
ENSG00000137491	15	SLCO2B1	1.0	6341
ENSG00000137494	15	ANKRD42	1.0	6342
ENSG00000137496	15	IL18BP	1.0	6343
ENSG00000137497	15	NUMA1	1.0	6344
ENSG00000137500	15	CCDC90B	1.0	6345
ENSG00000137501	15	SYTL2	1.0	6346
ENSG00000137502	15	RAB30	1.0	6347
ENSG00000137504	15	CREBZF	1.0	6348
ENSG00000137507	15	LRRC32	1.0	6349
ENSG00000137509	15	PRCP	1.0	6350
ENSG00000137513	15	NARS2	1.0	6351
ENSG00000137522	15	RNF121	1.0	6352
ENSG00000137547	15	MRPL15	1.0	6353
ENSG00000137558	15	PI15	1.0	6354
ENSG00000137561	15	TTPA	1.0	6355
ENSG00000137563	15	GGH	1.0	6356
ENSG00000137571	15	SLCO5A1	1.0	6357
ENSG00000137573	15	SULF1	1.0	6358
ENSG00000137574	15	TGS1	1.0	6359
ENSG00000137575	15	SDCBP	1.0	6360
ENSG00000137601	15	NEK1	1.0	6361
ENSG00000137628	15	DDX60	1.0	6362
ENSG00000137642	15	SORL1	1.0	6363
ENSG00000137648	15	TMPRSS4	1.0	6364
ENSG00000137656	15	BUD13	1.0	6365
ENSG00000137672	15	TRPC6	1.0	6366
ENSG00000137673	15	MMP7	1.0	6367
ENSG00000137674	15	MMP20	1.0	6368
ENSG00000137692	15	DCUN1D5	1.0	6369
ENSG00000137693	15	YAP1	1.0	6370
ENSG00000137699	15	TRIM29	1.0	6371
ENSG00000137700	15	SLC37A4	1.0	6372
ENSG00000137709	15	POU2F3	1.0	6373
ENSG00000137710	15	RDX	1.0	6374
ENSG00000137713	15	PPP2R1B	1.0	6375
ENSG00000137714	15	FDX1	1.0	6376
ENSG00000137720	15	CFAP68	1.0	6377
ENSG00000137726	15	FXYD6	1.0	6378
ENSG00000137727	15	ARHGAP20	1.0	6379
ENSG00000137731	15	FXYD2	1.0	6380
ENSG00000137745	15	MMP13	1.0	6381
ENSG00000137747	15	TMPRSS13	1.0	6382
ENSG00000137752	15	CASP1	1.0	6383
ENSG00000137760	15	ALKBH8	1.0	6384
ENSG00000137764	15	MAP2K5	1.0	6385
ENSG00000137766	15	UNC13C	1.0	6386
ENSG00000137770	15	CTDSPL2	1.0	6387
ENSG00000137776	15	SLTM	1.0	6388
ENSG00000137801	15	THBS1	1.0	6389
ENSG00000137802	15	MAPKBP1	1.0	6390
ENSG00000137804	15	NUSAP1	1.0	6391
ENSG00000137806	15	NDUFAF1	1.0	6392
ENSG00000137807	15	KIF23	1.0	6393
ENSG00000137809	15	ITGA11	1.0	6394
ENSG00000137814	15	HAUS2	1.0	6395
ENSG00000137815	15	RTF1	1.0	6396
ENSG00000137817	15	PARP6	1.0	6397
ENSG00000137818	15	RPLP1	1.0	6398
ENSG00000137819	15	PAQR5	1.0	6399
ENSG00000137821	15	LRRC49	1.0	6400
ENSG00000137822	15	TUBGCP4	1.0	6401
ENSG00000137824	15	RMDN3	1.0	6402
ENSG00000137825	15	ITPKA	1.0	6403
ENSG00000137831	15	UACA	1.0	6404
ENSG00000137834	15	SMAD6	1.0	6405
ENSG00000137841	15	PLCB2	1.0	6406
ENSG00000137842	15	TMEM62	1.0	6407
ENSG00000137843	15	PAK6	1.0	6408
ENSG00000137845	15	ADAM10	1.0	6409
ENSG00000137857	15	DUOX1	1.0	6410
ENSG00000137860	15	SLC28A2	1.0	6411
ENSG00000137868	15	STRA6	1.0	6412
ENSG00000137869	15	CYP19A1	1.0	6413
ENSG00000137871	15	ZNF280D	1.0	6414
ENSG00000137872	15	SEMA6D	1.0	6415
ENSG00000137875	15	BCL2L10	1.0	6416
ENSG00000137876	15	RSL24D1	1.0	6417
ENSG00000137877	15	SPTBN5	1.0	6418
ENSG00000137878	15	GCOM1	1.0	6419
ENSG00000137880	15	GCHFR	1.0	6420
ENSG00000137936	15	BCAR3	1.0	6421
ENSG00000137941	15	TTLL7	1.0	6422
ENSG00000137942	15	FNBP1L	1.0	6423
ENSG00000137947	15	GTF2B	1.0	6424
ENSG00000137948	15	BRDT	1.0	6425
ENSG00000137955	15	RABGGTB	1.0	6426
ENSG00000137959	15	IFI44L	1.0	6427
ENSG00000137960	15	GIPC2	1.0	6428
ENSG00000137962	15	ARHGAP29	1.0	6429
ENSG00000137965	15	IFI44	1.0	6430
ENSG00000137968	15	SLC44A5	1.0	6431
ENSG00000137975	15	CLCA2	1.0	6432
ENSG00000137992	15	DBT	1.0	6433
ENSG00000137996	15	RTCA	1.0	6434
ENSG00000138002	15	IFT172	1.0	6435
ENSG00000138028	15	CGREF1	1.0	6436
ENSG00000138029	15	HADHB	1.0	6437
ENSG00000138030	15	KHK	1.0	6438
ENSG00000138031	15	ADCY3	1.0	6439
ENSG00000138032	15	PPM1B	1.0	6440
ENSG00000138035	15	PNPT1	1.0	6441
ENSG00000138036	15	DYNC2LI1	1.0	6442
ENSG00000138050	15	THUMPD2	1.0	6443
ENSG00000138061	15	CYP1B1	1.0	6444
ENSG00000138069	15	RAB1A	1.0	6445
ENSG00000138071	15	ACTR2	1.0	6446
ENSG00000138073	15	PREB	1.0	6447
ENSG00000138074	15	SLC5A6	1.0	6448
ENSG00000138078	15	PREPL	1.0	6449
ENSG00000138079	15	SLC3A1	1.0	6450
ENSG00000138080	15	EMILIN1	1.0	6451
ENSG00000138081	15	FBXO11	1.0	6452
ENSG00000138083	15	SIX3	1.0	6453
ENSG00000138085	15	ATRAID	1.0	6454
ENSG00000138092	15	CENPO	1.0	6455
ENSG00000138095	15	LRPPRC	1.0	6456
ENSG00000138100	15	TRIM54	1.0	6457
ENSG00000138101	15	DTNB	1.0	6458
ENSG00000138107	15	ACTR1A	1.0	6459
ENSG00000138115	15	CYP2C8	1.0	6460
ENSG00000138119	15	MYOF	1.0	6461
ENSG00000138131	15	LOXL4	1.0	6462
ENSG00000138134	15	STAMBPL1	1.0	6463
ENSG00000138135	15	CH25H	1.0	6464
ENSG00000138138	15	ATAD1	1.0	6465
ENSG00000138160	15	KIF11	1.0	6466
ENSG00000138161	15	CUZD1	1.0	6467
ENSG00000138162	15	TACC2	1.0	6468
ENSG00000138166	15	DUSP5	1.0	6469
ENSG00000138172	15	CALHM2	1.0	6470
ENSG00000138175	15	ARL3	1.0	6471
ENSG00000138180	15	CEP55	1.0	6472
ENSG00000138182	15	KIF20B	1.0	6473
ENSG00000138185	15	ENTPD1	1.0	6474
ENSG00000138190	15	EXOC6	1.0	6475
ENSG00000138193	15	PLCE1	1.0	6476
ENSG00000138207	15	RBP4	1.0	6477
ENSG00000138231	15	DBR1	1.0	6478
ENSG00000138246	15	DNAJC13	1.0	6479
ENSG00000138271	15	GPR87	1.0	6480
ENSG00000138279	15	ANXA7	1.0	6481
ENSG00000138286	15	FAM149B1	1.0	6482
ENSG00000138303	15	ASCC1	1.0	6483
ENSG00000138311	15	ZNF365	1.0	6484
ENSG00000138316	15	ADAMTS14	1.0	6485
ENSG00000138326	15	RPS24	1.0	6486
ENSG00000138336	15	TET1	1.0	6487
ENSG00000138346	15	DNA2	1.0	6488
ENSG00000138347	15	MYPN	1.0	6489
ENSG00000138356	15	AOX1	1.0	6490
ENSG00000138363	15	ATIC	1.0	6491
ENSG00000138375	15	SMARCAL1	1.0	6492
ENSG00000138376	15	BARD1	1.0	6493
ENSG00000138378	15	STAT4	1.0	6494
ENSG00000138380	15	CARF	1.0	6495
ENSG00000138381	15	ASNSD1	1.0	6496
ENSG00000138382	15	METTL5	1.0	6497
ENSG00000138385	15	SSB	1.0	6498
ENSG00000138386	15	NAB1	1.0	6499
ENSG00000138395	15	CDK15	1.0	6500
ENSG00000138398	15	PPIG	1.0	6501
ENSG00000138399	15	FASTKD1	1.0	6502
ENSG00000138400	15	MDH1B	1.0	6503
ENSG00000138411	15	HECW2	1.0	6504
ENSG00000138413	15	IDH1	1.0	6505
ENSG00000138430	15	OLA1	1.0	6506
ENSG00000138433	15	CIR1	1.0	6507
ENSG00000138435	15	CHRNA1	1.0	6508
ENSG00000138439	15	FAM117B	1.0	6509
ENSG00000138442	15	WDR12	1.0	6510
ENSG00000138443	15	ABI2	1.0	6511
ENSG00000138448	15	ITGAV	1.0	6512
ENSG00000138449	15	SLC40A1	1.0	6513
ENSG00000138459	15	SLC35A5	1.0	6514
ENSG00000138468	15	SENP7	1.0	6515
ENSG00000138495	15	COX17	1.0	6516
ENSG00000138496	15	PARP9	1.0	6517
ENSG00000138587	15	MNS1	1.0	6518
ENSG00000138592	15	USP8	1.0	6519
ENSG00000138593	15	SECISBP2L	1.0	6520
ENSG00000138594	15	TMOD3	1.0	6521
ENSG00000138600	15	SPPL2A	1.0	6522
ENSG00000138604	15	GLCE	1.0	6523
ENSG00000138606	15	SHF	1.0	6524
ENSG00000138613	15	APH1B	1.0	6525
ENSG00000138615	15	CILP	1.0	6526
ENSG00000138617	15	PARP16	1.0	6527
ENSG00000138621	15	PPCDC	1.0	6528
ENSG00000138623	15	SEMA7A	1.0	6529
ENSG00000138629	15	UBL7	1.0	6530
ENSG00000138639	15	ARHGAP24	1.0	6531
ENSG00000138640	15	FAM13A	1.0	6532
ENSG00000138641	15	HERC3	1.0	6533
ENSG00000138642	15	HERC6	1.0	6534
ENSG00000138646	15	HERC5	1.0	6535
ENSG00000138650	15	PCDH10	1.0	6536
ENSG00000138660	15	AP1AR	1.0	6537
ENSG00000138663	15	COPS4	1.0	6538
ENSG00000138668	15	HNRNPD	1.0	6539
ENSG00000138669	15	PRKG2	1.0	6540
ENSG00000138670	15	RASGEF1B	1.0	6541
ENSG00000138674	15	SEC31A	1.0	6542
ENSG00000138675	15	FGF5	1.0	6543
ENSG00000138685	15	FGF2	1.0	6544
ENSG00000138686	15	BBS7	1.0	6545
ENSG00000138688	15	BLTP1	1.0	6546
ENSG00000138696	15	BMPR1B	1.0	6547
ENSG00000138698	15	RAP1GDS1	1.0	6548
ENSG00000138709	15	LARP1B	1.0	6549
ENSG00000138722	15	MMRN1	1.0	6550
ENSG00000138735	15	PDE5A	1.0	6551
ENSG00000138738	15	PRDM5	1.0	6552
ENSG00000138744	15	NAAA	1.0	6553
ENSG00000138750	15	NUP54	1.0	6554
ENSG00000138755	15	CXCL9	1.0	6555
ENSG00000138756	15	BMP2K	1.0	6556
ENSG00000138757	15	G3BP2	1.0	6557
ENSG00000138759	15	FRAS1	1.0	6558
ENSG00000138760	15	SCARB2	1.0	6559
ENSG00000138764	15	CCNG2	1.0	6560
ENSG00000138767	15	CNOT6L	1.0	6561
ENSG00000138768	15	USO1	1.0	6562
ENSG00000138769	15	CDKL2	1.0	6563
ENSG00000138771	15	SHROOM3	1.0	6564
ENSG00000138772	15	ANXA3	1.0	6565
ENSG00000138777	15	PPA2	1.0	6566
ENSG00000138778	15	CENPE	1.0	6567
ENSG00000138780	15	GSTCD	1.0	6568
ENSG00000138785	15	INTS12	1.0	6569
ENSG00000138792	15	ENPEP	1.0	6570
ENSG00000138794	15	CASP6	1.0	6571
ENSG00000138795	15	LEF1	1.0	6572
ENSG00000138796	15	HADH	1.0	6573
ENSG00000138798	15	EGF	1.0	6574
ENSG00000138801	15	PAPSS1	1.0	6575
ENSG00000138802	15	SEC24B	1.0	6576
ENSG00000138814	15	PPP3CA	1.0	6577
ENSG00000138821	15	SLC39A8	1.0	6578
ENSG00000138823	15	MTTP	1.0	6579
ENSG00000138829	15	FBN2	1.0	6580
ENSG00000138834	15	MAPK8IP3	1.0	6581
ENSG00000138835	15	RGS3	1.0	6582
ENSG00000138867	15	GUCD1	1.0	6583
ENSG00000138942	15	RNF185	1.0	6584
ENSG00000138964	15	PARVG	1.0	6585
ENSG00000139044	15	B4GALNT3	1.0	6586
ENSG00000139055	15	ERP27	1.0	6587
ENSG00000139083	15	ETV6	1.0	6588
ENSG00000139112	15	GABARAPL1	1.0	6589
ENSG00000139116	15	KIF21A	1.0	6590
ENSG00000139117	15	CPNE8	1.0	6591
ENSG00000139131	15	YARS2	1.0	6592
ENSG00000139132	15	FGD4	1.0	6593
ENSG00000139133	15	ALG10	1.0	6594
ENSG00000139144	15	PIK3C2G	1.0	6595
ENSG00000139151	15	PLCZ1	1.0	6596
ENSG00000139154	15	AEBP2	1.0	6597
ENSG00000139155	15	SLCO1C1	1.0	6598
ENSG00000139163	15	ETNK1	1.0	6599
ENSG00000139168	15	ZCRB1	1.0	6600
ENSG00000139173	15	TMEM117	1.0	6601
ENSG00000139174	15	PRICKLE1	1.0	6602
ENSG00000139178	15	C1RL	1.0	6603
ENSG00000139182	15	CLSTN3	1.0	6604
ENSG00000139187	15	KLRG1	1.0	6605
ENSG00000139190	15	VAMP1	1.0	6606
ENSG00000139192	15	TAPBPL	1.0	6607
ENSG00000139193	15	CD27	1.0	6608
ENSG00000139194	15	RBP5	1.0	6609
ENSG00000139197	15	PEX5	1.0	6610
ENSG00000139200	15	PIANP	1.0	6611
ENSG00000139209	15	SLC38A4	1.0	6612
ENSG00000139211	15	AMIGO2	1.0	6613
ENSG00000139218	15	SCAF11	1.0	6614
ENSG00000139219	15	COL2A1	1.0	6615
ENSG00000139220	15	PPFIA2	1.0	6616
ENSG00000139233	15	LLPH	1.0	6617
ENSG00000139263	15	LRIG3	1.0	6618
ENSG00000139278	15	GLIPR1	1.0	6619
ENSG00000139289	15	PHLDA1	1.0	6620
ENSG00000139291	15	TMEM19	1.0	6621
ENSG00000139292	15	LGR5	1.0	6622
ENSG00000139318	15	DUSP6	1.0	6623
ENSG00000139323	15	POC1B	1.0	6624
ENSG00000139324	15	TMTC3	1.0	6625
ENSG00000139329	15	LUM	1.0	6626
ENSG00000139330	15	KERA	1.0	6627
ENSG00000139343	15	SNRPF	1.0	6628
ENSG00000139344	15	AMDHD1	1.0	6629
ENSG00000139350	15	NEDD1	1.0	6630
ENSG00000139351	15	SYCP3	1.0	6631
ENSG00000139354	15	GAS2L3	1.0	6632
ENSG00000139364	15	TMEM132B	1.0	6633
ENSG00000139370	15	SLC15A4	1.0	6634
ENSG00000139372	15	TDG	1.0	6635
ENSG00000139405	15	RITA1	1.0	6636
ENSG00000139410	15	SDSL	1.0	6637
ENSG00000139428	15	MMAB	1.0	6638
ENSG00000139433	15	GLTP	1.0	6639
ENSG00000139436	15	GIT2	1.0	6640
ENSG00000139437	15	TCHP	1.0	6641
ENSG00000139438	15	FAM222A	1.0	6642
ENSG00000139505	15	MTMR6	1.0	6643
ENSG00000139508	15	SLC46A3	1.0	6644
ENSG00000139514	15	SLC7A1	1.0	6645
ENSG00000139517	15	LNX2	1.0	6646
ENSG00000139531	15	SUOX	1.0	6647
ENSG00000139537	15	CCDC65	1.0	6648
ENSG00000139540	15	SLC39A5	1.0	6649
ENSG00000139546	15	TARBP2	1.0	6650
ENSG00000139547	15	RDH16	1.0	6651
ENSG00000139549	15	DHH	1.0	6652
ENSG00000139567	15	ACVRL1	1.0	6653
ENSG00000139572	15	GPR84	1.0	6654
ENSG00000139579	15	NABP2	1.0	6655
ENSG00000139597	15	N4BP2L1	1.0	6656
ENSG00000139613	15	SMARCC2	1.0	6657
ENSG00000139618	15	BRCA2	1.0	6658
ENSG00000139620	15	KANSL2	1.0	6659
ENSG00000139624	15	CERS5	1.0	6660
ENSG00000139625	15	MAP3K12	1.0	6661
ENSG00000139626	15	ITGB7	1.0	6662
ENSG00000139629	15	GALNT6	1.0	6663
ENSG00000139631	15	CSAD	1.0	6664
ENSG00000139636	15	LMBR1L	1.0	6665
ENSG00000139641	15	ESYT1	1.0	6666
ENSG00000139644	15	TMBIM6	1.0	6667
ENSG00000139645	15	ANKRD52	1.0	6668
ENSG00000139651	15	ZNF740	1.0	6669
ENSG00000139668	15	WDFY2	1.0	6670
ENSG00000139675	15	HNRNPA1L2	1.0	6671
ENSG00000139679	15	LPAR6	1.0	6672
ENSG00000139684	15	ESD	1.0	6673
ENSG00000139687	15	RB1	1.0	6674
ENSG00000139697	15	SBNO1	1.0	6675
ENSG00000139714	15	MORN3	1.0	6676
ENSG00000139718	15	SETD1B	1.0	6677
ENSG00000139719	15	VPS33A	1.0	6678
ENSG00000139722	15	VPS37B	1.0	6679
ENSG00000139725	15	RHOF	1.0	6680
ENSG00000139726	15	DENR	1.0	6681
ENSG00000139734	15	DIAPH3	1.0	6682
ENSG00000139737	15	SLAIN1	1.0	6683
ENSG00000139746	15	RBM26	1.0	6684
ENSG00000139793	15	MBNL2	1.0	6685
ENSG00000139826	15	ABHD13	1.0	6686
ENSG00000139832	15	RAB20	1.0	6687
ENSG00000139835	15	GRTP1	1.0	6688
ENSG00000139842	15	CUL4A	1.0	6689
ENSG00000139865	15	TTC6	1.0	6690
ENSG00000139874	15	SSTR1	1.0	6691
ENSG00000139880	15	CDH24	1.0	6692
ENSG00000139890	15	REM2	1.0	6693
ENSG00000139899	15	CBLN3	1.0	6694
ENSG00000139910	15	NOVA1	1.0	6695
ENSG00000139914	15	FITM1	1.0	6696
ENSG00000139921	15	TMX1	1.0	6697
ENSG00000139926	15	FRMD6	1.0	6698
ENSG00000139946	15	PELI2	1.0	6699
ENSG00000139970	15	RTN1	1.0	6700
ENSG00000139974	15	SLC38A6	1.0	6701
ENSG00000139977	15	NAA30	1.0	6702
ENSG00000139990	15	DCAF5	1.0	6703
ENSG00000139998	15	RAB15	1.0	6704
ENSG00000140006	15	WDR89	1.0	6705
ENSG00000140009	15	ESR2	1.0	6706
ENSG00000140022	15	STON2	1.0	6707
ENSG00000140025	15	EFCAB11	1.0	6708
ENSG00000140030	15	GPR65	1.0	6709
ENSG00000140043	15	PTGR2	1.0	6710
ENSG00000140044	15	JDP2	1.0	6711
ENSG00000140057	15	AK7	1.0	6712
ENSG00000140067	15	FAM181A	1.0	6713
ENSG00000140090	15	SLC24A4	1.0	6714
ENSG00000140092	15	FBLN5	1.0	6715
ENSG00000140153	15	WDR20	1.0	6716
ENSG00000140157	15	NIPA2	1.0	6717
ENSG00000140199	15	SLC12A6	1.0	6718
ENSG00000140254	15	DUOXA1	1.0	6719
ENSG00000140259	15	MFAP1	1.0	6720
ENSG00000140262	15	TCF12	1.0	6721
ENSG00000140263	15	SORD	1.0	6722
ENSG00000140264	15	SERF2	1.0	6723
ENSG00000140265	15	ZSCAN29	1.0	6724
ENSG00000140279	15	DUOX2	1.0	6725
ENSG00000140280	15	LYSMD2	1.0	6726
ENSG00000140284	15	SLC27A2	1.0	6727
ENSG00000140285	15	FGF7	1.0	6728
ENSG00000140297	15	GCNT3	1.0	6729
ENSG00000140299	15	BNIP2	1.0	6730
ENSG00000140307	15	GTF2A2	1.0	6731
ENSG00000140319	15	SRP14	1.0	6732
ENSG00000140320	15	BAHD1	1.0	6733
ENSG00000140323	15	DISP2	1.0	6734
ENSG00000140326	15	CDAN1	1.0	6735
ENSG00000140332	15	TLE3	1.0	6736
ENSG00000140350	15	ANP32A	1.0	6737
ENSG00000140365	15	COMMD4	1.0	6738
ENSG00000140367	15	UBE2Q2	1.0	6739
ENSG00000140368	15	PSTPIP1	1.0	6740
ENSG00000140374	15	ETFA	1.0	6741
ENSG00000140379	15	BCL2A1	1.0	6742
ENSG00000140382	15	HMG20A	1.0	6743
ENSG00000140386	15	SCAPER	1.0	6744
ENSG00000140391	15	TSPAN3	1.0	6745
ENSG00000140395	15	SKIC8	1.0	6746
ENSG00000140396	15	NCOA2	1.0	6747
ENSG00000140398	15	NEIL1	1.0	6748
ENSG00000140400	15	MAN2C1	1.0	6749
ENSG00000140403	15	DNAJA4	1.0	6750
ENSG00000140416	15	TPM1	1.0	6751
ENSG00000140443	15	IGF1R	1.0	6752
ENSG00000140450	15	ARRDC4	1.0	6753
ENSG00000140451	15	PIF1	1.0	6754
ENSG00000140455	15	USP3	1.0	6755
ENSG00000140459	15	CYP11A1	1.0	6756
ENSG00000140463	15	BBS4	1.0	6757
ENSG00000140464	15	PML	1.0	6758
ENSG00000140465	15	CYP1A1	1.0	6759
ENSG00000140470	15	ADAMTS17	1.0	6760
ENSG00000140474	15	ULK3	1.0	6761
ENSG00000140479	15	PCSK6	1.0	6762
ENSG00000140481	15	CCDC33	1.0	6763
ENSG00000140497	15	SCAMP2	1.0	6764
ENSG00000140511	15	HAPLN3	1.0	6765
ENSG00000140519	15	RHCG	1.0	6766
ENSG00000140521	15	POLG	1.0	6767
ENSG00000140522	15	RLBP1	1.0	6768
ENSG00000140525	15	FANCI	1.0	6769
ENSG00000140526	15	ABHD2	1.0	6770
ENSG00000140527	15	WDR93	1.0	6771
ENSG00000140538	15	NTRK3	1.0	6772
ENSG00000140543	15	DET1	1.0	6773
ENSG00000140545	15	MFGE8	1.0	6774
ENSG00000140548	15	ZNF710	1.0	6775
ENSG00000140553	15	UNC45A	1.0	6776
ENSG00000140557	15	ST8SIA2	1.0	6777
ENSG00000140563	15	MCTP2	1.0	6778
ENSG00000140564	15	FURIN	1.0	6779
ENSG00000140575	15	IQGAP1	1.0	6780
ENSG00000140577	15	CRTC3	1.0	6781
ENSG00000140600	15	SH3GL3	1.0	6782
ENSG00000140612	15	SEC11A	1.0	6783
ENSG00000140632	15	GLYR1	1.0	6784
ENSG00000140650	15	PMM2	1.0	6785
ENSG00000140675	15	SLC5A2	1.0	6786
ENSG00000140678	15	ITGAX	1.0	6787
ENSG00000140682	15	TGFB1I1	1.0	6788
ENSG00000140691	15	ARMC5	1.0	6789
ENSG00000140694	15	PARN	1.0	6790
ENSG00000140718	15	FTO	1.0	6791
ENSG00000140740	15	UQCRC2	1.0	6792
ENSG00000140743	15	CDR2	1.0	6793
ENSG00000140749	15	IGSF6	1.0	6794
ENSG00000140750	15	ARHGAP17	1.0	6795
ENSG00000140795	15	MYLK3	1.0	6796
ENSG00000140807	15	NKD1	1.0	6797
ENSG00000140829	15	DHX38	1.0	6798
ENSG00000140830	15	TXNL4B	1.0	6799
ENSG00000140832	15	MARVELD3	1.0	6800
ENSG00000140835	15	CHST4	1.0	6801
ENSG00000140836	15	ZFHX3	1.0	6802
ENSG00000140848	15	CPNE2	1.0	6803
ENSG00000140853	15	NLRC5	1.0	6804
ENSG00000140854	15	KATNB1	1.0	6805
ENSG00000140859	15	KIFC3	1.0	6806
ENSG00000140873	15	ADAMTS18	1.0	6807
ENSG00000140876	15	NUDT7	1.0	6808
ENSG00000140905	15	GCSH	1.0	6809
ENSG00000140931	15	CMTM3	1.0	6810
ENSG00000140937	15	CDH11	1.0	6811
ENSG00000140939	15	NOL3	1.0	6812
ENSG00000140941	15	MAP1LC3B	1.0	6813
ENSG00000140943	15	MBTPS1	1.0	6814
ENSG00000140945	15	CDH13	1.0	6815
ENSG00000140948	15	ZCCHC14	1.0	6816
ENSG00000140955	15	ADAD2	1.0	6817
ENSG00000140961	15	OSGIN1	1.0	6818
ENSG00000140968	15	IRF8	1.0	6819
ENSG00000140983	15	RHOT2	1.0	6820
ENSG00000140986	15	RPL3L	1.0	6821
ENSG00000140987	15	ZSCAN32	1.0	6822
ENSG00000140988	15	RPS2	1.0	6823
ENSG00000140990	15	NDUFB10	1.0	6824
ENSG00000140992	15	PDPK1	1.0	6825
ENSG00000140993	15	TIGD7	1.0	6826
ENSG00000140995	15	DEF8	1.0	6827
ENSG00000141002	15	TCF25	1.0	6828
ENSG00000141012	15	GALNS	1.0	6829
ENSG00000141013	15	GAS8	1.0	6830
ENSG00000141026	15	MED9	1.0	6831
ENSG00000141027	15	NCOR1	1.0	6832
ENSG00000141030	15	COPS3	1.0	6833
ENSG00000141034	15	GID4	1.0	6834
ENSG00000141040	15	ZNF287	1.0	6835
ENSG00000141052	15	MYOCD	1.0	6836
ENSG00000141068	15	KSR1	1.0	6837
ENSG00000141084	15	RANBP10	1.0	6838
ENSG00000141086	15	CTRL	1.0	6839
ENSG00000141098	15	GFOD2	1.0	6840
ENSG00000141101	15	NOB1	1.0	6841
ENSG00000141127	15	PRPSAP2	1.0	6842
ENSG00000141179	15	PCTP	1.0	6843
ENSG00000141198	15	TOM1L1	1.0	6844
ENSG00000141219	15	MTNAP1	1.0	6845
ENSG00000141232	15	TOB1	1.0	6846
ENSG00000141252	15	VPS53	1.0	6847
ENSG00000141255	15	SPATA22	1.0	6848
ENSG00000141258	15	SGSM2	1.0	6849
ENSG00000141279	15	NPEPPS	1.0	6850
ENSG00000141293	15	SKAP1	1.0	6851
ENSG00000141294	15	LRRC46	1.0	6852
ENSG00000141295	15	SCRN2	1.0	6853
ENSG00000141298	15	SSH2	1.0	6854
ENSG00000141314	15	RHBDL3	1.0	6855
ENSG00000141337	15	ARSG	1.0	6856
ENSG00000141338	15	ABCA8	1.0	6857
ENSG00000141349	15	G6PC3	1.0	6858
ENSG00000141367	15	CLTC	1.0	6859
ENSG00000141371	15	CHCT1	1.0	6860
ENSG00000141376	15	BCAS3	1.0	6861
ENSG00000141378	15	PTRH2	1.0	6862
ENSG00000141380	15	SS18	1.0	6863
ENSG00000141384	15	TAF4B	1.0	6864
ENSG00000141385	15	AFG3L2	1.0	6865
ENSG00000141401	15	IMPA2	1.0	6866
ENSG00000141404	15	GNAL	1.0	6867
ENSG00000141424	15	SLC39A6	1.0	6868
ENSG00000141425	15	RPRD1A	1.0	6869
ENSG00000141428	15	C18orf21	1.0	6870
ENSG00000141429	15	GALNT1	1.0	6871
ENSG00000141431	15	ASXL3	1.0	6872
ENSG00000141433	15	ADCYAP1	1.0	6873
ENSG00000141446	15	ESCO1	1.0	6874
ENSG00000141447	15	OSBPL1A	1.0	6875
ENSG00000141448	15	GATA6	1.0	6876
ENSG00000141449	15	GREB1L	1.0	6877
ENSG00000141456	15	PELP1	1.0	6878
ENSG00000141458	15	NPC1	1.0	6879
ENSG00000141469	15	SLC14A1	1.0	6880
ENSG00000141480	15	ARRB2	1.0	6881
ENSG00000141485	15	SLC13A5	1.0	6882
ENSG00000141497	15	ZMYND15	1.0	6883
ENSG00000141499	15	WRAP53	1.0	6884
ENSG00000141503	15	MINK1	1.0	6885
ENSG00000141504	15	SAT2	1.0	6886
ENSG00000141505	15	ASGR1	1.0	6887
ENSG00000141506	15	PIK3R5	1.0	6888
ENSG00000141510	15	TP53	1.0	6889
ENSG00000141519	15	CCDC40	1.0	6890
ENSG00000141522	15	ARHGDIA	1.0	6891
ENSG00000141524	15	TMC6	1.0	6892
ENSG00000141526	15	SLC16A3	1.0	6893
ENSG00000141527	15	CARD14	1.0	6894
ENSG00000141540	15	TTYH2	1.0	6895
ENSG00000141542	15	RAB40B	1.0	6896
ENSG00000141543	15	EIF4A3	1.0	6897
ENSG00000141551	15	CSNK1D	1.0	6898
ENSG00000141552	15	ANAPC11	1.0	6899
ENSG00000141556	15	TBCD	1.0	6900
ENSG00000141560	15	FN3KRP	1.0	6901
ENSG00000141562	15	NARF	1.0	6902
ENSG00000141564	15	RPTOR	1.0	6903
ENSG00000141568	15	FOXK2	1.0	6904
ENSG00000141569	15	TRIM65	1.0	6905
ENSG00000141570	15	CBX8	1.0	6906
ENSG00000141574	15	SECTM1	1.0	6907
ENSG00000141576	15	RNF157	1.0	6908
ENSG00000141579	15	ZNF750	1.0	6909
ENSG00000141580	15	WDR45B	1.0	6910
ENSG00000141582	15	CBX4	1.0	6911
ENSG00000141622	15	ARK2C	1.0	6912
ENSG00000141627	15	DYM	1.0	6913
ENSG00000141639	15	MAPK4	1.0	6914
ENSG00000141642	15	ELAC1	1.0	6915
ENSG00000141644	15	MBD1	1.0	6916
ENSG00000141646	15	SMAD4	1.0	6917
ENSG00000141655	15	TNFRSF11A	1.0	6918
ENSG00000141664	15	ZCCHC2	1.0	6919
ENSG00000141665	15	FBXO15	1.0	6920
ENSG00000141668	15	CBLN2	1.0	6921
ENSG00000141682	15	PMAIP1	1.0	6922
ENSG00000141698	15	NT5C3B	1.0	6923
ENSG00000141736	15	ERBB2	1.0	6924
ENSG00000141738	15	GRB7	1.0	6925
ENSG00000141741	15	MIEN1	1.0	6926
ENSG00000141744	15	PNMT	1.0	6927
ENSG00000141750	15	STAC2	1.0	6928
ENSG00000141753	15	IGFBP4	1.0	6929
ENSG00000141756	15	FKBP10	1.0	6930
ENSG00000141759	15	TXNL4A	1.0	6931
ENSG00000141837	15	CACNA1A	1.0	6932
ENSG00000141858	15	SAMD1	1.0	6933
ENSG00000141867	15	BRD4	1.0	6934
ENSG00000141873	15	SLC39A3	1.0	6935
ENSG00000141905	15	NFIC	1.0	6936
ENSG00000141933	15	TPGS1	1.0	6937
ENSG00000141956	15	PRDM15	1.0	6938
ENSG00000141959	15	PFKL	1.0	6939
ENSG00000141965	15	FEM1A	1.0	6940
ENSG00000141968	15	VAV1	1.0	6941
ENSG00000141971	15	MVB12A	1.0	6942
ENSG00000141985	15	SH3GL1	1.0	6943
ENSG00000141994	15	DUS3L	1.0	6944
ENSG00000142002	15	DPP9	1.0	6945
ENSG00000142039	15	CCDC97	1.0	6946
ENSG00000142065	15	ZFP14	1.0	6947
ENSG00000142082	15	SIRT3	1.0	6948
ENSG00000142089	15	IFITM3	1.0	6949
ENSG00000142149	15	HUNK	1.0	6950
ENSG00000142156	15	COL6A1	1.0	6951
ENSG00000142166	15	IFNAR1	1.0	6952
ENSG00000142168	15	SOD1	1.0	6953
ENSG00000142173	15	COL6A2	1.0	6954
ENSG00000142178	15	SIK1	1.0	6955
ENSG00000142185	15	TRPM2	1.0	6956
ENSG00000142186	15	SCYL1	1.0	6957
ENSG00000142188	15	TMEM50B	1.0	6958
ENSG00000142192	15	APP	1.0	6959
ENSG00000142207	15	URB1	1.0	6960
ENSG00000142208	15	AKT1	1.0	6961
ENSG00000142224	15	IL19	1.0	6962
ENSG00000142227	15	EMP3	1.0	6963
ENSG00000142230	15	SAE1	1.0	6964
ENSG00000142233	15	NTN5	1.0	6965
ENSG00000142235	15	LMTK3	1.0	6966
ENSG00000142252	15	GEMIN7	1.0	6967
ENSG00000142273	15	CBLC	1.0	6968
ENSG00000142279	15	WTIP	1.0	6969
ENSG00000142303	15	ADAMTS10	1.0	6970
ENSG00000142327	15	RNPEPL1	1.0	6971
ENSG00000142330	15	CAPN10	1.0	6972
ENSG00000142347	15	MYO1F	1.0	6973
ENSG00000142405	15	NLRP12	1.0	6974
ENSG00000142408	15	CACNG8	1.0	6975
ENSG00000142409	15	ZNF787	1.0	6976
ENSG00000142449	15	FBN3	1.0	6977
ENSG00000142453	15	CARM1	1.0	6978
ENSG00000142459	15	EVI5L	1.0	6979
ENSG00000142494	15	SLC47A1	1.0	6980
ENSG00000142507	15	PSMB6	1.0	6981
ENSG00000142512	15	SIGLEC10	1.0	6982
ENSG00000142515	15	KLK3	1.0	6983
ENSG00000142528	15	ZNF473	1.0	6984
ENSG00000142530	15	GARIN5A	1.0	6985
ENSG00000142534	15	RPS11	1.0	6986
ENSG00000142538	15	PTH2	1.0	6987
ENSG00000142541	15	RPL13A	1.0	6988
ENSG00000142544	15	CTU1	1.0	6989
ENSG00000142546	15	NOSIP	1.0	6990
ENSG00000142549	15	IGLON5	1.0	6991
ENSG00000142552	15	RCN3	1.0	6992
ENSG00000142556	15	ZNF614	1.0	6993
ENSG00000142583	15	SLC2A5	1.0	6994
ENSG00000142599	15	RERE	1.0	6995
ENSG00000142606	15	MMEL1	1.0	6996
ENSG00000142611	15	PRDM16	1.0	6997
ENSG00000142615	15	CELA2A	1.0	6998
ENSG00000142621	15	FHAD1	1.0	6999
ENSG00000142627	15	EPHA2	1.0	7000
ENSG00000142632	15	ARHGEF19	1.0	7001
ENSG00000142634	15	EFHD2	1.0	7002
ENSG00000142655	15	PEX14	1.0	7003
ENSG00000142657	15	PGD	1.0	7004
ENSG00000142661	15	MYOM3	1.0	7005
ENSG00000142669	15	SH3BGRL3	1.0	7006
ENSG00000142675	15	CNKSR1	1.0	7007
ENSG00000142676	15	RPL11	1.0	7008
ENSG00000142684	15	ZNF593	1.0	7009
ENSG00000142686	15	C1orf216	1.0	7010
ENSG00000142687	15	KIAA0319L	1.0	7011
ENSG00000142694	15	EVA1B	1.0	7012
ENSG00000142731	15	PLK4	1.0	7013
ENSG00000142733	15	MAP3K6	1.0	7014
ENSG00000142748	15	FCN3	1.0	7015
ENSG00000142751	15	GPN2	1.0	7016
ENSG00000142765	15	SYTL1	1.0	7017
ENSG00000142784	15	WDTC1	1.0	7018
ENSG00000142794	15	NBPF3	1.0	7019
ENSG00000142798	15	HSPG2	1.0	7020
ENSG00000142856	15	ITGB3BP	1.0	7021
ENSG00000142864	15	SERBP1	1.0	7022
ENSG00000142867	15	BCL10	1.0	7023
ENSG00000142875	15	PRKACB	1.0	7024
ENSG00000142892	15	PIGK	1.0	7025
ENSG00000142910	15	TINAGL1	1.0	7026
ENSG00000142937	15	RPS8	1.0	7027
ENSG00000142945	15	KIF2C	1.0	7028
ENSG00000142949	15	PTPRF	1.0	7029
ENSG00000142959	15	BEST4	1.0	7030
ENSG00000142961	15	MOB3C	1.0	7031
ENSG00000142973	15	CYP4B1	1.0	7032
ENSG00000143001	15	TMEM61	1.0	7033
ENSG00000143013	15	LMO4	1.0	7034
ENSG00000143028	15	SYPL2	1.0	7035
ENSG00000143033	15	MTF2	1.0	7036
ENSG00000143036	15	SLC44A3	1.0	7037
ENSG00000143061	15	IGSF3	1.0	7038
ENSG00000143067	15	ZNF697	1.0	7039
ENSG00000143079	15	CTTNBP2NL	1.0	7040
ENSG00000143093	15	STRIP1	1.0	7041
ENSG00000143106	15	PSMA5	1.0	7042
ENSG00000143110	15	C1orf162	1.0	7043
ENSG00000143119	15	CD53	1.0	7044
ENSG00000143126	15	CELSR2	1.0	7045
ENSG00000143127	15	ITGA10	1.0	7046
ENSG00000143147	15	GPR161	1.0	7047
ENSG00000143149	15	ALDH9A1	1.0	7048
ENSG00000143153	15	ATP1B1	1.0	7049
ENSG00000143155	15	TIPRL	1.0	7050
ENSG00000143156	15	NME7	1.0	7051
ENSG00000143157	15	POGK	1.0	7052
ENSG00000143158	15	MPC2	1.0	7053
ENSG00000143162	15	CREG1	1.0	7054
ENSG00000143164	15	DCAF6	1.0	7055
ENSG00000143171	15	RXRG	1.0	7056
ENSG00000143178	15	TBX19	1.0	7057
ENSG00000143179	15	UCK2	1.0	7058
ENSG00000143183	15	TMCO1	1.0	7059
ENSG00000143184	15	XCL1	1.0	7060
ENSG00000143185	15	XCL2	1.0	7061
ENSG00000143190	15	POU2F1	1.0	7062
ENSG00000143194	15	MAEL	1.0	7063
ENSG00000143196	15	DPT	1.0	7064
ENSG00000143198	15	MGST3	1.0	7065
ENSG00000143199	15	ADCY10	1.0	7066
ENSG00000143222	15	UFC1	1.0	7067
ENSG00000143224	15	PPOX	1.0	7068
ENSG00000143226	15	FCGR2A	1.0	7069
ENSG00000143228	15	NUF2	1.0	7070
ENSG00000143252	15	SDHC	1.0	7071
ENSG00000143256	15	PFDN2	1.0	7072
ENSG00000143257	15	NR1I3	1.0	7073
ENSG00000143258	15	USP21	1.0	7074
ENSG00000143294	15	PRCC	1.0	7075
ENSG00000143297	15	FCRL5	1.0	7076
ENSG00000143314	15	MRPL24	1.0	7077
ENSG00000143318	15	CASQ1	1.0	7078
ENSG00000143319	15	ISG20L2	1.0	7079
ENSG00000143320	15	CRABP2	1.0	7080
ENSG00000143321	15	HDGF	1.0	7081
ENSG00000143322	15	ABL2	1.0	7082
ENSG00000143324	15	XPR1	1.0	7083
ENSG00000143333	15	RGS16	1.0	7084
ENSG00000143337	15	TOR1AIP1	1.0	7085
ENSG00000143341	15	HMCN1	1.0	7086
ENSG00000143344	15	RGL1	1.0	7087
ENSG00000143353	15	LYPLAL1	1.0	7088
ENSG00000143365	15	RORC	1.0	7089
ENSG00000143367	15	TUFT1	1.0	7090
ENSG00000143368	15	SF3B4	1.0	7091
ENSG00000143369	15	ECM1	1.0	7092
ENSG00000143373	15	ZNF687	1.0	7093
ENSG00000143374	15	TARS2	1.0	7094
ENSG00000143375	15	CGN	1.0	7095
ENSG00000143376	15	SNX27	1.0	7096
ENSG00000143379	15	SETDB1	1.0	7097
ENSG00000143382	15	ADAMTSL4	1.0	7098
ENSG00000143384	15	MCL1	1.0	7099
ENSG00000143387	15	CTSK	1.0	7100
ENSG00000143390	15	RFX5	1.0	7101
ENSG00000143393	15	PI4KB	1.0	7102
ENSG00000143398	15	PIP5K1A	1.0	7103
ENSG00000143401	15	ANP32E	1.0	7104
ENSG00000143412	15	ANXA9	1.0	7105
ENSG00000143416	15	SELENBP1	1.0	7106
ENSG00000143418	15	CERS2	1.0	7107
ENSG00000143420	15	ENSA	1.0	7108
ENSG00000143434	15	SEMA6C	1.0	7109
ENSG00000143436	15	MRPL9	1.0	7110
ENSG00000143437	15	ARNT	1.0	7111
ENSG00000143442	15	POGZ	1.0	7112
ENSG00000143443	15	C1orf56	1.0	7113
ENSG00000143450	15	OAZ3	1.0	7114
ENSG00000143452	15	HORMAD1	1.0	7115
ENSG00000143457	15	GOLPH3L	1.0	7116
ENSG00000143458	15	GABPB2	1.0	7117
ENSG00000143476	15	DTL	1.0	7118
ENSG00000143479	15	DYRK3	1.0	7119
ENSG00000143486	15	EIF2D	1.0	7120
ENSG00000143493	15	INTS7	1.0	7121
ENSG00000143494	15	VASH2	1.0	7122
ENSG00000143498	15	TAF1A	1.0	7123
ENSG00000143499	15	SMYD2	1.0	7124
ENSG00000143502	15	SUSD4	1.0	7125
ENSG00000143507	15	DUSP10	1.0	7126
ENSG00000143514	15	TP53BP2	1.0	7127
ENSG00000143515	15	ATP8B2	1.0	7128
ENSG00000143537	15	ADAM15	1.0	7129
ENSG00000143543	15	JTB	1.0	7130
ENSG00000143545	15	RAB13	1.0	7131
ENSG00000143546	15	S100A8	1.0	7132
ENSG00000143549	15	TPM3	1.0	7133
ENSG00000143552	15	NUP210L	1.0	7134
ENSG00000143553	15	SNAPIN	1.0	7135
ENSG00000143554	15	SLC27A3	1.0	7136
ENSG00000143556	15	S100A7	1.0	7137
ENSG00000143569	15	UBAP2L	1.0	7138
ENSG00000143570	15	SLC39A1	1.0	7139
ENSG00000143575	15	HAX1	1.0	7140
ENSG00000143578	15	CREB3L4	1.0	7141
ENSG00000143590	15	EFNA3	1.0	7142
ENSG00000143603	15	KCNN3	1.0	7143
ENSG00000143612	15	C1orf43	1.0	7144
ENSG00000143614	15	GATAD2B	1.0	7145
ENSG00000143621	15	ILF2	1.0	7146
ENSG00000143622	15	RIT1	1.0	7147
ENSG00000143624	15	INTS3	1.0	7148
ENSG00000143630	15	HCN3	1.0	7149
ENSG00000143632	15	ACTA1	1.0	7150
ENSG00000143633	15	C1orf131	1.0	7151
ENSG00000143641	15	GALNT2	1.0	7152
ENSG00000143643	15	TTC13	1.0	7153
ENSG00000143653	15	SCCPDH	1.0	7154
ENSG00000143669	15	LYST	1.0	7155
ENSG00000143702	15	CEP170	1.0	7156
ENSG00000143727	15	ACP1	1.0	7157
ENSG00000143740	15	SNAP47	1.0	7158
ENSG00000143742	15	SRP9	1.0	7159
ENSG00000143748	15	NVL	1.0	7160
ENSG00000143751	15	SDE2	1.0	7161
ENSG00000143753	15	DEGS1	1.0	7162
ENSG00000143756	15	FBXO28	1.0	7163
ENSG00000143761	15	ARF1	1.0	7164
ENSG00000143768	15	LEFTY2	1.0	7165
ENSG00000143771	15	CNIH4	1.0	7166
ENSG00000143772	15	ITPKB	1.0	7167
ENSG00000143774	15	GUK1	1.0	7168
ENSG00000143776	15	CDC42BPA	1.0	7169
ENSG00000143786	15	CNIH3	1.0	7170
ENSG00000143793	15	C1orf35	1.0	7171
ENSG00000143797	15	MBOAT2	1.0	7172
ENSG00000143799	15	PARP1	1.0	7173
ENSG00000143801	15	PSEN2	1.0	7174
ENSG00000143811	15	PYCR2	1.0	7175
ENSG00000143815	15	LBR	1.0	7176
ENSG00000143816	15	WNT9A	1.0	7177
ENSG00000143819	15	EPHX1	1.0	7178
ENSG00000143839	15	REN	1.0	7179
ENSG00000143842	15	SOX13	1.0	7180
ENSG00000143845	15	ETNK2	1.0	7181
ENSG00000143847	15	PPFIA4	1.0	7182
ENSG00000143850	15	PLEKHA6	1.0	7183
ENSG00000143851	15	PTPN7	1.0	7184
ENSG00000143858	15	SYT2	1.0	7185
ENSG00000143862	15	ARL8A	1.0	7186
ENSG00000143867	15	OSR1	1.0	7187
ENSG00000143870	15	PDIA6	1.0	7188
ENSG00000143878	15	RHOB	1.0	7189
ENSG00000143882	15	ATP6V1C2	1.0	7190
ENSG00000143889	15	HNRNPLL	1.0	7191
ENSG00000143891	15	GALM	1.0	7192
ENSG00000143919	15	CAMKMT	1.0	7193
ENSG00000143921	15	ABCG8	1.0	7194
ENSG00000143924	15	EML4	1.0	7195
ENSG00000143933	15	CALM2	1.0	7196
ENSG00000143942	15	CHAC2	1.0	7197
ENSG00000143947	15	RPS27A	1.0	7198
ENSG00000143951	15	WDPCP	1.0	7199
ENSG00000143952	15	VPS54	1.0	7200
ENSG00000143970	15	ASXL2	1.0	7201
ENSG00000143971	15	ETAA1	1.0	7202
ENSG00000143977	15	SNRPG	1.0	7203
ENSG00000143994	15	ABHD1	1.0	7204
ENSG00000143995	15	MEIS1	1.0	7205
ENSG00000144021	15	CIAO1	1.0	7206
ENSG00000144026	15	ZNF514	1.0	7207
ENSG00000144028	15	SNRNP200	1.0	7208
ENSG00000144029	15	MRPS5	1.0	7209
ENSG00000144031	15	ANKRD53	1.0	7210
ENSG00000144034	15	TPRKB	1.0	7211
ENSG00000144036	15	EXOC6B	1.0	7212
ENSG00000144040	15	SFXN5	1.0	7213
ENSG00000144048	15	DUSP11	1.0	7214
ENSG00000144057	15	ST6GAL2	1.0	7215
ENSG00000144061	15	NPHP1	1.0	7216
ENSG00000144063	15	MALL	1.0	7217
ENSG00000144115	15	THNSL2	1.0	7218
ENSG00000144118	15	RALB	1.0	7219
ENSG00000144119	15	C1QL2	1.0	7220
ENSG00000144120	15	TMEM177	1.0	7221
ENSG00000144134	15	RABL2A	1.0	7222
ENSG00000144136	15	SLC20A1	1.0	7223
ENSG00000144152	15	FBLN7	1.0	7224
ENSG00000144161	15	ZC3H8	1.0	7225
ENSG00000144199	15	FAHD2B	1.0	7226
ENSG00000144214	15	LYG1	1.0	7227
ENSG00000144218	15	AFF3	1.0	7228
ENSG00000144224	15	UBXN4	1.0	7229
ENSG00000144228	15	SPOPL	1.0	7230
ENSG00000144229	15	THSD7B	1.0	7231
ENSG00000144231	15	POLR2D	1.0	7232
ENSG00000144233	15	AMMECR1L	1.0	7233
ENSG00000144278	15	GALNT13	1.0	7234
ENSG00000144283	15	PKP4	1.0	7235
ENSG00000144306	15	SCRN3	1.0	7236
ENSG00000144331	15	ZNF385B	1.0	7237
ENSG00000144339	15	TMEFF2	1.0	7238
ENSG00000144354	15	CDCA7	1.0	7239
ENSG00000144355	15	DLX1	1.0	7240
ENSG00000144357	15	UBR3	1.0	7241
ENSG00000144362	15	PHOSPHO2	1.0	7242
ENSG00000144366	15	GULP1	1.0	7243
ENSG00000144369	15	FAM171B	1.0	7244
ENSG00000144381	15	HSPD1	1.0	7245
ENSG00000144395	15	CCDC150	1.0	7246
ENSG00000144401	15	METTL21A	1.0	7247
ENSG00000144406	15	UNC80	1.0	7248
ENSG00000144407	15	PTH2R	1.0	7249
ENSG00000144426	15	NBEAL1	1.0	7250
ENSG00000144445	15	KANSL1L	1.0	7251
ENSG00000144451	15	SPAG16	1.0	7252
ENSG00000144452	15	ABCA12	1.0	7253
ENSG00000144455	15	SUMF1	1.0	7254
ENSG00000144460	15	NYAP2	1.0	7255
ENSG00000144468	15	RHBDD1	1.0	7256
ENSG00000144476	15	ACKR3	1.0	7257
ENSG00000144481	15	TRPM8	1.0	7258
ENSG00000144485	15	HES6	1.0	7259
ENSG00000144488	15	ESPNL	1.0	7260
ENSG00000144504	15	ANKMY1	1.0	7261
ENSG00000144524	15	COPS7B	1.0	7262
ENSG00000144535	15	DIS3L2	1.0	7263
ENSG00000144550	15	CPNE9	1.0	7264
ENSG00000144554	15	FANCD2	1.0	7265
ENSG00000144559	15	TAMM41	1.0	7266
ENSG00000144560	15	VGLL4	1.0	7267
ENSG00000144566	15	RAB5A	1.0	7268
ENSG00000144579	15	CTDSP1	1.0	7269
ENSG00000144589	15	STK11IP	1.0	7270
ENSG00000144591	15	GMPPA	1.0	7271
ENSG00000144597	15	EAF1	1.0	7272
ENSG00000144619	15	CNTN4	1.0	7273
ENSG00000144635	15	DYNC1LI1	1.0	7274
ENSG00000144642	15	RBMS3	1.0	7275
ENSG00000144645	15	OSBPL10	1.0	7276
ENSG00000144647	15	POMGNT2	1.0	7277
ENSG00000144648	15	ACKR2	1.0	7278
ENSG00000144655	15	CSRNP1	1.0	7279
ENSG00000144659	15	SLC25A38	1.0	7280
ENSG00000144668	15	ITGA9	1.0	7281
ENSG00000144674	15	GOLGA4	1.0	7282
ENSG00000144677	15	CTDSPL	1.0	7283
ENSG00000144681	15	STAC	1.0	7284
ENSG00000144711	15	IQSEC1	1.0	7285
ENSG00000144712	15	CAND2	1.0	7286
ENSG00000144713	15	RPL32	1.0	7287
ENSG00000144724	15	PTPRG	1.0	7288
ENSG00000144730	15	IL17RD	1.0	7289
ENSG00000144736	15	SHQ1	1.0	7290
ENSG00000144741	15	SLC25A26	1.0	7291
ENSG00000144744	15	UBA3	1.0	7292
ENSG00000144746	15	ARL6IP5	1.0	7293
ENSG00000144747	15	TMF1	1.0	7294
ENSG00000144749	15	LRIG1	1.0	7295
ENSG00000144771	15	LRTM1	1.0	7296
ENSG00000144791	15	LIMD1	1.0	7297
ENSG00000144802	15	NFKBIZ	1.0	7298
ENSG00000144810	15	COL8A1	1.0	7299
ENSG00000144815	15	NXPE3	1.0	7300
ENSG00000144824	15	PHLDB2	1.0	7301
ENSG00000144827	15	ABHD10	1.0	7302
ENSG00000144834	15	TAGLN3	1.0	7303
ENSG00000144837	15	PLA1A	1.0	7304
ENSG00000144840	15	RABL3	1.0	7305
ENSG00000144843	15	ADPRH	1.0	7306
ENSG00000144847	15	IGSF11	1.0	7307
ENSG00000144848	15	ATG3	1.0	7308
ENSG00000144857	15	BOC	1.0	7309
ENSG00000144867	15	SRPRB	1.0	7310
ENSG00000144868	15	TMEM108	1.0	7311
ENSG00000144891	15	AGTR1	1.0	7312
ENSG00000144893	15	MED12L	1.0	7313
ENSG00000144895	15	EIF2A	1.0	7314
ENSG00000144908	15	ALDH1L1	1.0	7315
ENSG00000144909	15	OSBPL11	1.0	7316
ENSG00000144935	15	TRPC1	1.0	7317
ENSG00000144959	15	NCEH1	1.0	7318
ENSG00000145002	15	FAM86B2	1.0	7319
ENSG00000145012	15	LPP	1.0	7320
ENSG00000145014	15	TMEM44	1.0	7321
ENSG00000145020	15	AMT	1.0	7322
ENSG00000145022	15	TCTA	1.0	7323
ENSG00000145050	15	MANF	1.0	7324
ENSG00000145088	15	EAF2	1.0	7325
ENSG00000145103	15	ILDR1	1.0	7326
ENSG00000145113	15	MUC4	1.0	7327
ENSG00000145147	15	SLIT2	1.0	7328
ENSG00000145191	15	EIF2B5	1.0	7329
ENSG00000145214	15	DGKQ	1.0	7330
ENSG00000145216	15	FIP1L1	1.0	7331
ENSG00000145217	15	SLC26A1	1.0	7332
ENSG00000145220	15	LYAR	1.0	7333
ENSG00000145241	15	CENPC	1.0	7334
ENSG00000145244	15	CORIN	1.0	7335
ENSG00000145246	15	ATP10D	1.0	7336
ENSG00000145247	15	OCIAD2	1.0	7337
ENSG00000145248	15	SLC10A4	1.0	7338
ENSG00000145283	15	SLC10A6	1.0	7339
ENSG00000145284	15	SCD5	1.0	7340
ENSG00000145287	15	PLAC8	1.0	7341
ENSG00000145293	15	ENOPH1	1.0	7342
ENSG00000145331	15	TRMT10A	1.0	7343
ENSG00000145332	15	KLHL8	1.0	7344
ENSG00000145335	15	SNCA	1.0	7345
ENSG00000145337	15	PYURF	1.0	7346
ENSG00000145348	15	TBCK	1.0	7347
ENSG00000145349	15	CAMK2D	1.0	7348
ENSG00000145354	15	CISD2	1.0	7349
ENSG00000145358	15	DDIT4L	1.0	7350
ENSG00000145362	15	ANK2	1.0	7351
ENSG00000145365	15	TIFA	1.0	7352
ENSG00000145375	15	AFG2A	1.0	7353
ENSG00000145386	15	CCNA2	1.0	7354
ENSG00000145388	15	METTL14	1.0	7355
ENSG00000145390	15	USP53	1.0	7356
ENSG00000145391	15	SETD7	1.0	7357
ENSG00000145414	15	NAF1	1.0	7358
ENSG00000145423	15	SFRP2	1.0	7359
ENSG00000145425	15	RPS3A	1.0	7360
ENSG00000145428	15	RNF175	1.0	7361
ENSG00000145431	15	PDGFC	1.0	7362
ENSG00000145439	15	CBR4	1.0	7363
ENSG00000145451	15	GLRA3	1.0	7364
ENSG00000145476	15	CYP4V2	1.0	7365
ENSG00000145491	15	ROPN1L	1.0	7366
ENSG00000145494	15	NDUFS6	1.0	7367
ENSG00000145506	15	NKD2	1.0	7368
ENSG00000145536	15	ADAMTS16	1.0	7369
ENSG00000145545	15	SRD5A1	1.0	7370
ENSG00000145555	15	MYO10	1.0	7371
ENSG00000145592	15	RPL37	1.0	7372
ENSG00000145604	15	SKP2	1.0	7373
ENSG00000145623	15	OSMR	1.0	7374
ENSG00000145632	15	PLK2	1.0	7375
ENSG00000145649	15	GZMA	1.0	7376
ENSG00000145675	15	PIK3R1	1.0	7377
ENSG00000145681	15	HAPLN1	1.0	7378
ENSG00000145685	15	LHFPL2	1.0	7379
ENSG00000145687	15	SSBP2	1.0	7380
ENSG00000145700	15	ANKRD31	1.0	7381
ENSG00000145703	15	IQGAP2	1.0	7382
ENSG00000145708	15	CRHBP	1.0	7383
ENSG00000145715	15	RASA1	1.0	7384
ENSG00000145723	15	GIN1	1.0	7385
ENSG00000145725	15	PPIP5K2	1.0	7386
ENSG00000145730	15	PAM	1.0	7387
ENSG00000145734	15	BDP1	1.0	7388
ENSG00000145736	15	GTF2H2	1.0	7389
ENSG00000145740	15	SLC30A5	1.0	7390
ENSG00000145741	15	BTF3	1.0	7391
ENSG00000145743	15	FBXL17	1.0	7392
ENSG00000145757	15	SPATA9	1.0	7393
ENSG00000145777	15	TSLP	1.0	7394
ENSG00000145779	15	TNFAIP8	1.0	7395
ENSG00000145780	15	FEM1C	1.0	7396
ENSG00000145781	15	COMMD10	1.0	7397
ENSG00000145782	15	ATG12	1.0	7398
ENSG00000145794	15	MEGF10	1.0	7399
ENSG00000145817	15	YIPF5	1.0	7400
ENSG00000145819	15	ARHGAP26	1.0	7401
ENSG00000145824	15	CXCL14	1.0	7402
ENSG00000145832	15	SLC25A48	1.0	7403
ENSG00000145833	15	DDX46	1.0	7404
ENSG00000145860	15	RNF145	1.0	7405
ENSG00000145861	15	C1QTNF2	1.0	7406
ENSG00000145864	15	GABRB2	1.0	7407
ENSG00000145868	15	FBXO38	1.0	7408
ENSG00000145882	15	PCYOX1L	1.0	7409
ENSG00000145901	15	TNIP1	1.0	7410
ENSG00000145907	15	G3BP1	1.0	7411
ENSG00000145908	15	ZNF300	1.0	7412
ENSG00000145911	15	N4BP3	1.0	7413
ENSG00000145912	15	NHP2	1.0	7414
ENSG00000145916	15	RMND5B	1.0	7415
ENSG00000145919	15	BOD1	1.0	7416
ENSG00000145934	15	TENM2	1.0	7417
ENSG00000145936	15	KCNMB1	1.0	7418
ENSG00000145945	15	FAM50B	1.0	7419
ENSG00000145949	15	MYLK4	1.0	7420
ENSG00000145979	15	TBC1D7	1.0	7421
ENSG00000145982	15	FARS2	1.0	7422
ENSG00000145990	15	GFOD1	1.0	7423
ENSG00000145996	15	CDKAL1	1.0	7424
ENSG00000146005	15	PSD2	1.0	7425
ENSG00000146006	15	LRRTM2	1.0	7426
ENSG00000146007	15	ZMAT2	1.0	7427
ENSG00000146013	15	GFRA3	1.0	7428
ENSG00000146021	15	KLHL3	1.0	7429
ENSG00000146038	15	DCDC2	1.0	7430
ENSG00000146049	15	KAAG1	1.0	7431
ENSG00000146054	15	TRIM7	1.0	7432
ENSG00000146063	15	TRIM41	1.0	7433
ENSG00000146067	15	FAM193B	1.0	7434
ENSG00000146070	15	PLA2G7	1.0	7435
ENSG00000146072	15	TNFRSF21	1.0	7436
ENSG00000146083	15	RNF44	1.0	7437
ENSG00000146090	15	RASGEF1C	1.0	7438
ENSG00000146094	15	DOK3	1.0	7439
ENSG00000146109	15	ABT1	1.0	7440
ENSG00000146112	15	PPP1R18	1.0	7441
ENSG00000146122	15	DAAM2	1.0	7442
ENSG00000146143	15	PRIM2	1.0	7443
ENSG00000146147	15	MLIP	1.0	7444
ENSG00000146151	15	HMGCLL1	1.0	7445
ENSG00000146192	15	FGD2	1.0	7446
ENSG00000146197	15	SCUBE3	1.0	7447
ENSG00000146205	15	ANO7	1.0	7448
ENSG00000146215	15	CRIP3	1.0	7449
ENSG00000146223	15	RPL7L1	1.0	7450
ENSG00000146232	15	NFKBIE	1.0	7451
ENSG00000146233	15	CYP39A1	1.0	7452
ENSG00000146242	15	TPBG	1.0	7453
ENSG00000146243	15	IRAK1BP1	1.0	7454
ENSG00000146247	15	PHIP	1.0	7455
ENSG00000146250	15	PRSS35	1.0	7456
ENSG00000146263	15	MMS22L	1.0	7457
ENSG00000146267	15	FAXC	1.0	7458
ENSG00000146278	15	PNRC1	1.0	7459
ENSG00000146281	15	PM20D2	1.0	7460
ENSG00000146282	15	RARS2	1.0	7461
ENSG00000146285	15	SCML4	1.0	7462
ENSG00000146350	15	TBC1D32	1.0	7463
ENSG00000146373	15	RNF217	1.0	7464
ENSG00000146374	15	RSPO3	1.0	7465
ENSG00000146376	15	ARHGAP18	1.0	7466
ENSG00000146386	15	ABRACL	1.0	7467
ENSG00000146409	15	SLC18B1	1.0	7468
ENSG00000146410	15	MTFR2	1.0	7469
ENSG00000146411	15	SLC2A12	1.0	7470
ENSG00000146414	15	SHPRH	1.0	7471
ENSG00000146416	15	AIG1	1.0	7472
ENSG00000146425	15	DYNLT1	1.0	7473
ENSG00000146426	15	TIAM2	1.0	7474
ENSG00000146433	15	TMEM181	1.0	7475
ENSG00000146453	15	PNLDC1	1.0	7476
ENSG00000146457	15	WTAP	1.0	7477
ENSG00000146463	15	ZMYM4	1.0	7478
ENSG00000146477	15	SLC22A3	1.0	7479
ENSG00000146530	15	VWDE	1.0	7480
ENSG00000146535	15	GNA12	1.0	7481
ENSG00000146540	15	C7orf50	1.0	7482
ENSG00000146555	15	SDK1	1.0	7483
ENSG00000146574	15	CCZ1B	1.0	7484
ENSG00000146576	15	INTS15	1.0	7485
ENSG00000146592	15	CREB5	1.0	7486
ENSG00000146648	15	EGFR	1.0	7487
ENSG00000146670	15	CDCA5	1.0	7488
ENSG00000146674	15	IGFBP3	1.0	7489
ENSG00000146676	15	PURB	1.0	7490
ENSG00000146678	15	IGFBP1	1.0	7491
ENSG00000146701	15	MDH2	1.0	7492
ENSG00000146707	15	POMZP3	1.0	7493
ENSG00000146731	15	CCT6A	1.0	7494
ENSG00000146733	15	PSPH	1.0	7495
ENSG00000146757	15	ZNF92	1.0	7496
ENSG00000146776	15	ATXN7L1	1.0	7497
ENSG00000146802	15	TMEM168	1.0	7498
ENSG00000146809	15	ASB15	1.0	7499
ENSG00000146828	15	SLC12A9	1.0	7500
ENSG00000146830	15	GIGYF1	1.0	7501
ENSG00000146833	15	TRIM4	1.0	7502
ENSG00000146834	15	MEPCE	1.0	7503
ENSG00000146842	15	TMEM209	1.0	7504
ENSG00000146856	15	AGBL3	1.0	7505
ENSG00000146858	15	ZC3HAV1L	1.0	7506
ENSG00000146859	15	TMEM140	1.0	7507
ENSG00000146872	15	TLK2	1.0	7508
ENSG00000146904	15	EPHA1	1.0	7509
ENSG00000146909	15	NOM1	1.0	7510
ENSG00000146918	15	NCAPG2	1.0	7511
ENSG00000146938	15	NLGN4X	1.0	7512
ENSG00000146950	15	SHROOM2	1.0	7513
ENSG00000146963	15	LUC7L2	1.0	7514
ENSG00000146966	15	DENND2A	1.0	7515
ENSG00000147010	15	SH3KBP1	1.0	7516
ENSG00000147027	15	TMEM47	1.0	7517
ENSG00000147044	15	CASK	1.0	7518
ENSG00000147050	15	KDM6A	1.0	7519
ENSG00000147059	15	SPIN2A	1.0	7520
ENSG00000147065	15	MSN	1.0	7521
ENSG00000147082	15	CCNB3	1.0	7522
ENSG00000147099	15	HDAC8	1.0	7523
ENSG00000147100	15	SLC16A2	1.0	7524
ENSG00000147118	15	ZNF182	1.0	7525
ENSG00000147119	15	CHST7	1.0	7526
ENSG00000147121	15	KRBOX4	1.0	7527
ENSG00000147123	15	NDUFB11	1.0	7528
ENSG00000147124	15	ZNF41	1.0	7529
ENSG00000147130	15	ZMYM3	1.0	7530
ENSG00000147133	15	TAF1	1.0	7531
ENSG00000147138	15	GPR174	1.0	7532
ENSG00000147140	15	NONO	1.0	7533
ENSG00000147144	15	CCDC120	1.0	7534
ENSG00000147145	15	LPAR4	1.0	7535
ENSG00000147155	15	EBP	1.0	7536
ENSG00000147162	15	OGT	1.0	7537
ENSG00000147164	15	SNX12	1.0	7538
ENSG00000147166	15	ITGB1BP2	1.0	7539
ENSG00000147168	15	IL2RG	1.0	7540
ENSG00000147180	15	ZNF711	1.0	7541
ENSG00000147202	15	DIAPH2	1.0	7542
ENSG00000147224	15	PRPS1	1.0	7543
ENSG00000147251	15	DOCK11	1.0	7544
ENSG00000147255	15	IGSF1	1.0	7545
ENSG00000147256	15	ARHGAP36	1.0	7546
ENSG00000147257	15	GPC3	1.0	7547
ENSG00000147274	15	RBMX	1.0	7548
ENSG00000147316	15	MCPH1	1.0	7549
ENSG00000147324	15	MFHAS1	1.0	7550
ENSG00000147364	15	FBXO25	1.0	7551
ENSG00000147378	15	FATE1	1.0	7552
ENSG00000147383	15	NSDHL	1.0	7553
ENSG00000147394	15	ZNF185	1.0	7554
ENSG00000147400	15	CETN2	1.0	7555
ENSG00000147403	15	RPL10	1.0	7556
ENSG00000147408	15	CSGALNACT1	1.0	7557
ENSG00000147416	15	ATP6V1B2	1.0	7558
ENSG00000147419	15	CCDC25	1.0	7559
ENSG00000147421	15	HMBOX1	1.0	7560
ENSG00000147437	15	GNRH1	1.0	7561
ENSG00000147439	15	BIN3	1.0	7562
ENSG00000147443	15	DOK2	1.0	7563
ENSG00000147454	15	SLC25A37	1.0	7564
ENSG00000147457	15	CHMP7	1.0	7565
ENSG00000147459	15	DOCK5	1.0	7566
ENSG00000147465	15	STAR	1.0	7567
ENSG00000147475	15	ERLIN2	1.0	7568
ENSG00000147481	15	SNTG1	1.0	7569
ENSG00000147488	15	ST18	1.0	7570
ENSG00000147509	15	RGS20	1.0	7571
ENSG00000147526	15	TACC1	1.0	7572
ENSG00000147533	15	GOLGA7	1.0	7573
ENSG00000147536	15	GINS4	1.0	7574
ENSG00000147570	15	DNAJC5B	1.0	7575
ENSG00000147576	15	ADHFE1	1.0	7576
ENSG00000147586	15	MRPS28	1.0	7577
ENSG00000147592	15	LACTB2	1.0	7578
ENSG00000147601	15	TERF1	1.0	7579
ENSG00000147604	15	RPL7	1.0	7580
ENSG00000147606	15	SLC26A7	1.0	7581
ENSG00000147642	15	SYBU	1.0	7582
ENSG00000147647	15	DPYS	1.0	7583
ENSG00000147649	15	MTDH	1.0	7584
ENSG00000147650	15	LRP12	1.0	7585
ENSG00000147654	15	EBAG9	1.0	7586
ENSG00000147669	15	POLR2K	1.0	7587
ENSG00000147676	15	MAL2	1.0	7588
ENSG00000147677	15	EIF3H	1.0	7589
ENSG00000147679	15	UTP23	1.0	7590
ENSG00000147684	15	NDUFB9	1.0	7591
ENSG00000147687	15	TATDN1	1.0	7592
ENSG00000147689	15	FAM83A	1.0	7593
ENSG00000147697	15	GSDMC	1.0	7594
ENSG00000147789	15	ZNF7	1.0	7595
ENSG00000147799	15	ARHGAP39	1.0	7596
ENSG00000147804	15	SLC39A4	1.0	7597
ENSG00000147852	15	VLDLR	1.0	7598
ENSG00000147853	15	AK3	1.0	7599
ENSG00000147854	15	UHRF2	1.0	7600
ENSG00000147862	15	NFIB	1.0	7601
ENSG00000147872	15	PLIN2	1.0	7602
ENSG00000147874	15	HAUS6	1.0	7603
ENSG00000147883	15	CDKN2B	1.0	7604
ENSG00000147889	15	CDKN2A	1.0	7605
ENSG00000147894	15	C9orf72	1.0	7606
ENSG00000147905	15	ZCCHC7	1.0	7607
ENSG00000147912	15	FBXO10	1.0	7608
ENSG00000147955	15	SIGMAR1	1.0	7609
ENSG00000147996	15	ZNG1E	1.0	7610
ENSG00000148019	15	CEP78	1.0	7611
ENSG00000148053	15	NTRK2	1.0	7612
ENSG00000148057	15	IDNK	1.0	7613
ENSG00000148082	15	SHC3	1.0	7614
ENSG00000148090	15	AUH	1.0	7615
ENSG00000148143	15	ZNF462	1.0	7616
ENSG00000148153	15	INIP	1.0	7617
ENSG00000148154	15	UGCG	1.0	7618
ENSG00000148158	15	SNX30	1.0	7619
ENSG00000148175	15	STOM	1.0	7620
ENSG00000148180	15	GSN	1.0	7621
ENSG00000148187	15	MRRF	1.0	7622
ENSG00000148200	15	NR6A1	1.0	7623
ENSG00000148204	15	CRB2	1.0	7624
ENSG00000148218	15	ALAD	1.0	7625
ENSG00000148219	15	ASTN2	1.0	7626
ENSG00000148225	15	WDR31	1.0	7627
ENSG00000148229	15	POLE3	1.0	7628
ENSG00000148248	15	SURF4	1.0	7629
ENSG00000148290	15	SURF1	1.0	7630
ENSG00000148291	15	SURF2	1.0	7631
ENSG00000148296	15	SURF6	1.0	7632
ENSG00000148297	15	MED22	1.0	7633
ENSG00000148300	15	REXO4	1.0	7634
ENSG00000148303	15	RPL7A	1.0	7635
ENSG00000148308	15	GTF3C5	1.0	7636
ENSG00000148331	15	ASB6	1.0	7637
ENSG00000148334	15	PTGES2	1.0	7638
ENSG00000148335	15	NTMT1	1.0	7639
ENSG00000148337	15	CIZ1	1.0	7640
ENSG00000148339	15	SLC25A25	1.0	7641
ENSG00000148341	15	SH3GLB2	1.0	7642
ENSG00000148344	15	PTGES	1.0	7643
ENSG00000148346	15	LCN2	1.0	7644
ENSG00000148356	15	LRSAM1	1.0	7645
ENSG00000148357	15	HMCN2	1.0	7646
ENSG00000148358	15	GPR107	1.0	7647
ENSG00000148377	15	IDI2	1.0	7648
ENSG00000148384	15	INPP5E	1.0	7649
ENSG00000148396	15	SEC16A	1.0	7650
ENSG00000148399	15	DPH7	1.0	7651
ENSG00000148400	15	NOTCH1	1.0	7652
ENSG00000148411	15	NACC2	1.0	7653
ENSG00000148426	15	PROSER2	1.0	7654
ENSG00000148429	15	USP6NL	1.0	7655
ENSG00000148444	15	COMMD3	1.0	7656
ENSG00000148450	15	MSRB2	1.0	7657
ENSG00000148459	15	PDSS1	1.0	7658
ENSG00000148468	15	FAM171A1	1.0	7659
ENSG00000148482	15	SLC39A12	1.0	7660
ENSG00000148483	15	TMEM236	1.0	7661
ENSG00000148484	15	RSU1	1.0	7662
ENSG00000148488	15	ST8SIA6	1.0	7663
ENSG00000148498	15	PARD3	1.0	7664
ENSG00000148513	15	ANKRD30A	1.0	7665
ENSG00000148516	15	ZEB1	1.0	7666
ENSG00000148541	15	FAM13C	1.0	7667
ENSG00000148572	15	NRBF2	1.0	7668
ENSG00000148604	15	RGR	1.0	7669
ENSG00000148606	15	POLR3A	1.0	7670
ENSG00000148634	15	HERC4	1.0	7671
ENSG00000148660	15	CAMK2G	1.0	7672
ENSG00000148671	15	ADIRF	1.0	7673
ENSG00000148672	15	GLUD1	1.0	7674
ENSG00000148677	15	ANKRD1	1.0	7675
ENSG00000148680	15	HTR7	1.0	7676
ENSG00000148688	15	RPP30	1.0	7677
ENSG00000148690	15	FRA10AC1	1.0	7678
ENSG00000148700	15	ADD3	1.0	7679
ENSG00000148702	15	HABP2	1.0	7680
ENSG00000148719	15	DNAJB12	1.0	7681
ENSG00000148730	15	EIF4EBP2	1.0	7682
ENSG00000148734	15	NPFFR1	1.0	7683
ENSG00000148735	15	PLEKHS1	1.0	7684
ENSG00000148737	15	TCF7L2	1.0	7685
ENSG00000148773	15	MKI67	1.0	7686
ENSG00000148795	15	CYP17A1	1.0	7687
ENSG00000148803	15	FUOM	1.0	7688
ENSG00000148814	15	LRRC27	1.0	7689
ENSG00000148824	15	MTG1	1.0	7690
ENSG00000148832	15	PAOX	1.0	7691
ENSG00000148834	15	GSTO1	1.0	7692
ENSG00000148835	15	TAF5	1.0	7693
ENSG00000148840	15	PPRC1	1.0	7694
ENSG00000148841	15	ITPRIP	1.0	7695
ENSG00000148842	15	CNNM2	1.0	7696
ENSG00000148843	15	PDCD11	1.0	7697
ENSG00000148848	15	ADAM12	1.0	7698
ENSG00000148908	15	RGS10	1.0	7699
ENSG00000148925	15	BTBD10	1.0	7700
ENSG00000148926	15	ADM	1.0	7701
ENSG00000148935	15	GAS2	1.0	7702
ENSG00000148943	15	LIN7C	1.0	7703
ENSG00000148948	15	LRRC4C	1.0	7704
ENSG00000148950	15	IMMP1L	1.0	7705
ENSG00000148965	15	SAA4	1.0	7706
ENSG00000148985	15	PGAP2	1.0	7707
ENSG00000149016	15	TUT1	1.0	7708
ENSG00000149043	15	SYT8	1.0	7709
ENSG00000149050	15	ZNF214	1.0	7710
ENSG00000149054	15	ZNF215	1.0	7711
ENSG00000149084	15	HSD17B12	1.0	7712
ENSG00000149089	15	APIP	1.0	7713
ENSG00000149090	15	PAMR1	1.0	7714
ENSG00000149091	15	DGKZ	1.0	7715
ENSG00000149100	15	EIF3M	1.0	7716
ENSG00000149115	15	TNKS1BP1	1.0	7717
ENSG00000149131	15	SERPING1	1.0	7718
ENSG00000149136	15	SSRP1	1.0	7719
ENSG00000149150	15	SLC43A1	1.0	7720
ENSG00000149177	15	PTPRJ	1.0	7721
ENSG00000149179	15	CSTPP1	1.0	7722
ENSG00000149182	15	ARFGAP2	1.0	7723
ENSG00000149187	15	CELF1	1.0	7724
ENSG00000149201	15	CCDC81	1.0	7725
ENSG00000149212	15	SESN3	1.0	7726
ENSG00000149218	15	ENDOD1	1.0	7727
ENSG00000149231	15	CCDC82	1.0	7728
ENSG00000149243	15	KLHL35	1.0	7729
ENSG00000149256	15	TENM4	1.0	7730
ENSG00000149257	15	SERPINH1	1.0	7731
ENSG00000149260	15	CAPN5	1.0	7732
ENSG00000149262	15	INTS4	1.0	7733
ENSG00000149269	15	PAK1	1.0	7734
ENSG00000149273	15	RPS3	1.0	7735
ENSG00000149289	15	ZC3H12C	1.0	7736
ENSG00000149292	15	TTC12	1.0	7737
ENSG00000149294	15	NCAM1	1.0	7738
ENSG00000149295	15	DRD2	1.0	7739
ENSG00000149308	15	NPAT	1.0	7740
ENSG00000149311	15	ATM	1.0	7741
ENSG00000149313	15	AASDHPPT	1.0	7742
ENSG00000149328	15	GLB1L2	1.0	7743
ENSG00000149346	15	SLX4IP	1.0	7744
ENSG00000149357	15	LAMTOR1	1.0	7745
ENSG00000149380	15	P4HA3	1.0	7746
ENSG00000149403	15	GRIK4	1.0	7747
ENSG00000149418	15	ST14	1.0	7748
ENSG00000149428	15	HYOU1	1.0	7749
ENSG00000149451	15	ADAM33	1.0	7750
ENSG00000149480	15	MTA2	1.0	7751
ENSG00000149483	15	TMEM138	1.0	7752
ENSG00000149485	15	FADS1	1.0	7753
ENSG00000149489	15	ROM1	1.0	7754
ENSG00000149499	15	EML3	1.0	7755
ENSG00000149503	15	INCENP	1.0	7756
ENSG00000149506	15	ZP1	1.0	7757
ENSG00000149527	15	PLCH2	1.0	7758
ENSG00000149532	15	CPSF7	1.0	7759
ENSG00000149534	15	MS4A2	1.0	7760
ENSG00000149541	15	B3GAT3	1.0	7761
ENSG00000149547	15	EI24	1.0	7762
ENSG00000149548	15	CCDC15	1.0	7763
ENSG00000149554	15	CHEK1	1.0	7764
ENSG00000149557	15	FEZ1	1.0	7765
ENSG00000149564	15	ESAM	1.0	7766
ENSG00000149573	15	MPZL2	1.0	7767
ENSG00000149575	15	SCN2B	1.0	7768
ENSG00000149577	15	SIDT2	1.0	7769
ENSG00000149582	15	TMEM25	1.0	7770
ENSG00000149591	15	TAGLN	1.0	7771
ENSG00000149596	15	JPH2	1.0	7772
ENSG00000149599	15	DUSP15	1.0	7773
ENSG00000149600	15	COMMD7	1.0	7774
ENSG00000149609	15	C20orf144	1.0	7775
ENSG00000149633	15	KIAA1755	1.0	7776
ENSG00000149636	15	DSN1	1.0	7777
ENSG00000149639	15	MTCL2	1.0	7778
ENSG00000149646	15	CNBD2	1.0	7779
ENSG00000149657	15	LSM14B	1.0	7780
ENSG00000149658	15	YTHDF1	1.0	7781
ENSG00000149679	15	CABLES2	1.0	7782
ENSG00000149743	15	TRPT1	1.0	7783
ENSG00000149761	15	NUDT22	1.0	7784
ENSG00000149781	15	FERMT3	1.0	7785
ENSG00000149782	15	PLCB3	1.0	7786
ENSG00000149792	15	MRPL49	1.0	7787
ENSG00000149798	15	CDC42EP2	1.0	7788
ENSG00000149806	15	FAU	1.0	7789
ENSG00000149809	15	TM7SF2	1.0	7790
ENSG00000149823	15	VPS51	1.0	7791
ENSG00000149922	15	TBX6	1.0	7792
ENSG00000149923	15	PPP4C	1.0	7793
ENSG00000149925	15	ALDOA	1.0	7794
ENSG00000149927	15	DOC2A	1.0	7795
ENSG00000149929	15	HIRIP3	1.0	7796
ENSG00000149930	15	TAOK2	1.0	7797
ENSG00000149932	15	TMEM219	1.0	7798
ENSG00000149948	15	HMGA2	1.0	7799
ENSG00000149968	15	MMP3	1.0	7800
ENSG00000149970	15	CNKSR2	1.0	7801
ENSG00000150045	15	KLRF1	1.0	7802
ENSG00000150048	15	CLEC1A	1.0	7803
ENSG00000150051	15	MKX	1.0	7804
ENSG00000150054	15	MPP7	1.0	7805
ENSG00000150093	15	ITGB1	1.0	7806
ENSG00000150281	15	CTF1	1.0	7807
ENSG00000150316	15	CWC15	1.0	7808
ENSG00000150337	15	FCGR1A	1.0	7809
ENSG00000150347	15	ARID5B	1.0	7810
ENSG00000150394	15	CDH8	1.0	7811
ENSG00000150401	15	DCUN1D2	1.0	7812
ENSG00000150403	15	TMCO3	1.0	7813
ENSG00000150433	15	TMEM218	1.0	7814
ENSG00000150455	15	TIRAP	1.0	7815
ENSG00000150457	15	LATS2	1.0	7816
ENSG00000150459	15	SAP18	1.0	7817
ENSG00000150477	15	KIAA1328	1.0	7818
ENSG00000150510	15	FAM124A	1.0	7819
ENSG00000150527	15	MIA2	1.0	7820
ENSG00000150540	15	HNMT	1.0	7821
ENSG00000150551	15	LYPD1	1.0	7822
ENSG00000150556	15	LYPD6B	1.0	7823
ENSG00000150593	15	PDCD4	1.0	7824
ENSG00000150594	15	ADRA2A	1.0	7825
ENSG00000150625	15	GPM6A	1.0	7826
ENSG00000150627	15	WDR17	1.0	7827
ENSG00000150628	15	SPATA4	1.0	7828
ENSG00000150630	15	VEGFC	1.0	7829
ENSG00000150636	15	CCDC102B	1.0	7830
ENSG00000150637	15	CD226	1.0	7831
ENSG00000150656	15	CNDP1	1.0	7832
ENSG00000150667	15	FSIP1	1.0	7833
ENSG00000150672	15	DLG2	1.0	7834
ENSG00000150681	15	RGS18	1.0	7835
ENSG00000150687	15	PRSS23	1.0	7836
ENSG00000150712	15	MTMR12	1.0	7837
ENSG00000150722	15	PPP1R1C	1.0	7838
ENSG00000150750	15	POU2AF2	1.0	7839
ENSG00000150753	15	CCT5	1.0	7840
ENSG00000150760	15	DOCK1	1.0	7841
ENSG00000150764	15	DIXDC1	1.0	7842
ENSG00000150768	15	DLAT	1.0	7843
ENSG00000150773	15	PIH1D2	1.0	7844
ENSG00000150779	15	TIMM8B	1.0	7845
ENSG00000150782	15	IL18	1.0	7846
ENSG00000150787	15	PTS	1.0	7847
ENSG00000150867	15	PIP4K2A	1.0	7848
ENSG00000150873	15	CIMIP5	1.0	7849
ENSG00000150893	15	FREM2	1.0	7850
ENSG00000150907	15	FOXO1	1.0	7851
ENSG00000150938	15	CRIM1	1.0	7852
ENSG00000150961	15	SEC24D	1.0	7853
ENSG00000150967	15	ABCB9	1.0	7854
ENSG00000150977	15	RILPL2	1.0	7855
ENSG00000150990	15	DHX37	1.0	7856
ENSG00000150991	15	UBC	1.0	7857
ENSG00000150995	15	ITPR1	1.0	7858
ENSG00000151006	15	PRSS53	1.0	7859
ENSG00000151012	15	SLC7A11	1.0	7860
ENSG00000151023	15	ENKUR	1.0	7861
ENSG00000151033	15	LYZL2	1.0	7862
ENSG00000151062	15	CACNA2D4	1.0	7863
ENSG00000151065	15	DCP1B	1.0	7864
ENSG00000151067	15	CACNA1C	1.0	7865
ENSG00000151090	15	THRB	1.0	7866
ENSG00000151092	15	NGLY1	1.0	7867
ENSG00000151093	15	OXSM	1.0	7868
ENSG00000151116	15	UEVLD	1.0	7869
ENSG00000151117	15	TMEM86A	1.0	7870
ENSG00000151136	15	ABTB3	1.0	7871
ENSG00000151148	15	UBE3B	1.0	7872
ENSG00000151150	15	ANK3	1.0	7873
ENSG00000151151	15	IPMK	1.0	7874
ENSG00000151164	15	RAD9B	1.0	7875
ENSG00000151176	15	PLBD2	1.0	7876
ENSG00000151208	15	DLG5	1.0	7877
ENSG00000151224	15	MAT1A	1.0	7878
ENSG00000151229	15	SLC2A13	1.0	7879
ENSG00000151233	15	GXYLT1	1.0	7880
ENSG00000151239	15	TWF1	1.0	7881
ENSG00000151240	15	DIP2C	1.0	7882
ENSG00000151247	15	EIF4E	1.0	7883
ENSG00000151276	15	MAGI1	1.0	7884
ENSG00000151287	15	TEX30	1.0	7885
ENSG00000151292	15	CSNK1G3	1.0	7886
ENSG00000151304	15	SRFBP1	1.0	7887
ENSG00000151320	15	AKAP6	1.0	7888
ENSG00000151322	15	NPAS3	1.0	7889
ENSG00000151327	15	FAM177A1	1.0	7890
ENSG00000151332	15	MBIP	1.0	7891
ENSG00000151338	15	MIPOL1	1.0	7892
ENSG00000151348	15	EXT2	1.0	7893
ENSG00000151353	15	TMEM18	1.0	7894
ENSG00000151364	15	KCTD14	1.0	7895
ENSG00000151365	15	THRSP	1.0	7896
ENSG00000151366	15	NDUFC2	1.0	7897
ENSG00000151376	15	ME3	1.0	7898
ENSG00000151388	15	ADAMTS12	1.0	7899
ENSG00000151413	15	NUBPL	1.0	7900
ENSG00000151414	15	NEK7	1.0	7901
ENSG00000151422	15	FER	1.0	7902
ENSG00000151445	15	VIPAS39	1.0	7903
ENSG00000151458	15	ANKRD50	1.0	7904
ENSG00000151461	15	UPF2	1.0	7905
ENSG00000151465	15	CDC123	1.0	7906
ENSG00000151466	15	SCLT1	1.0	7907
ENSG00000151468	15	CCDC3	1.0	7908
ENSG00000151470	15	C4orf33	1.0	7909
ENSG00000151474	15	FRMD4A	1.0	7910
ENSG00000151490	15	PTPRO	1.0	7911
ENSG00000151491	15	EPS8	1.0	7912
ENSG00000151498	15	ACAD8	1.0	7913
ENSG00000151500	15	THYN1	1.0	7914
ENSG00000151502	15	VPS26B	1.0	7915
ENSG00000151503	15	NCAPD3	1.0	7916
ENSG00000151532	15	VTI1A	1.0	7917
ENSG00000151552	15	QDPR	1.0	7918
ENSG00000151572	15	ANO4	1.0	7919
ENSG00000151575	15	TEX9	1.0	7920
ENSG00000151611	15	MMAA	1.0	7921
ENSG00000151612	15	ZNF827	1.0	7922
ENSG00000151617	15	EDNRA	1.0	7923
ENSG00000151623	15	NR3C2	1.0	7924
ENSG00000151632	15	AKR1C2	1.0	7925
ENSG00000151640	15	DPYSL4	1.0	7926
ENSG00000151651	15	ADAM8	1.0	7927
ENSG00000151655	15	ITIH2	1.0	7928
ENSG00000151657	15	KIN	1.0	7929
ENSG00000151665	15	PIGF	1.0	7930
ENSG00000151687	15	ANKAR	1.0	7931
ENSG00000151689	15	INPP1	1.0	7932
ENSG00000151690	15	MFSD6	1.0	7933
ENSG00000151692	15	RNF144A	1.0	7934
ENSG00000151693	15	ASAP2	1.0	7935
ENSG00000151694	15	ADAM17	1.0	7936
ENSG00000151702	15	FLI1	1.0	7937
ENSG00000151715	15	TMEM45B	1.0	7938
ENSG00000151718	15	WWC2	1.0	7939
ENSG00000151725	15	CENPU	1.0	7940
ENSG00000151726	15	ACSL1	1.0	7941
ENSG00000151729	15	SLC25A4	1.0	7942
ENSG00000151743	15	AMN1	1.0	7943
ENSG00000151746	15	BICD1	1.0	7944
ENSG00000151748	15	SAV1	1.0	7945
ENSG00000151773	15	CCDC122	1.0	7946
ENSG00000151778	15	SERP2	1.0	7947
ENSG00000151779	15	NBAS	1.0	7948
ENSG00000151789	15	ZNF385D	1.0	7949
ENSG00000151790	15	TDO2	1.0	7950
ENSG00000151806	15	GUF1	1.0	7951
ENSG00000151834	15	GABRA2	1.0	7952
ENSG00000151835	15	SACS	1.0	7953
ENSG00000151846	15	PABPC3	1.0	7954
ENSG00000151849	15	CENPJ	1.0	7955
ENSG00000151876	15	FBXO4	1.0	7956
ENSG00000151882	15	CCL28	1.0	7957
ENSG00000151883	15	PARP8	1.0	7958
ENSG00000151892	15	GFRA1	1.0	7959
ENSG00000151893	15	CACUL1	1.0	7960
ENSG00000151914	15	DST	1.0	7961
ENSG00000151917	15	BEND6	1.0	7962
ENSG00000151923	15	TIAL1	1.0	7963
ENSG00000151929	15	BAG3	1.0	7964
ENSG00000151948	15	GLT1D1	1.0	7965
ENSG00000151962	15	RBM46	1.0	7966
ENSG00000152049	15	KCNE4	1.0	7967
ENSG00000152056	15	AP1S3	1.0	7968
ENSG00000152061	15	RABGAP1L	1.0	7969
ENSG00000152076	15	CCDC74B	1.0	7970
ENSG00000152082	15	MZT2B	1.0	7971
ENSG00000152092	15	ASTN1	1.0	7972
ENSG00000152102	15	FAM168B	1.0	7973
ENSG00000152104	15	PTPN14	1.0	7974
ENSG00000152127	15	MGAT5	1.0	7975
ENSG00000152128	15	TMEM163	1.0	7976
ENSG00000152133	15	GPATCH11	1.0	7977
ENSG00000152137	15	HSPB8	1.0	7978
ENSG00000152147	15	GEMIN6	1.0	7979
ENSG00000152154	15	TMEM178A	1.0	7980
ENSG00000152207	15	CYSLTR2	1.0	7981
ENSG00000152213	15	ARL11	1.0	7982
ENSG00000152217	15	SETBP1	1.0	7983
ENSG00000152219	15	ARL14EP	1.0	7984
ENSG00000152223	15	EPG5	1.0	7985
ENSG00000152229	15	PSTPIP2	1.0	7986
ENSG00000152240	15	HAUS1	1.0	7987
ENSG00000152242	15	ARK2N	1.0	7988
ENSG00000152253	15	SPC25	1.0	7989
ENSG00000152256	15	PDK1	1.0	7990
ENSG00000152270	15	PDE3B	1.0	7991
ENSG00000152284	15	TCF7L1	1.0	7992
ENSG00000152291	15	TGOLN2	1.0	7993
ENSG00000152315	15	KCNK13	1.0	7994
ENSG00000152332	15	UHMK1	1.0	7995
ENSG00000152348	15	ATG10	1.0	7996
ENSG00000152359	15	POC5	1.0	7997
ENSG00000152377	15	SPOCK1	1.0	7998
ENSG00000152380	15	FAM151B	1.0	7999
ENSG00000152382	15	TADA1	1.0	8000
ENSG00000152402	15	GUCY1A2	1.0	8001
ENSG00000152404	15	CWF19L2	1.0	8002
ENSG00000152409	15	JMY	1.0	8003
ENSG00000152413	15	HOMER1	1.0	8004
ENSG00000152422	15	XRCC4	1.0	8005
ENSG00000152433	15	ZNF547	1.0	8006
ENSG00000152439	15	ZNF773	1.0	8007
ENSG00000152443	15	ZNF776	1.0	8008
ENSG00000152454	15	ZNF256	1.0	8009
ENSG00000152455	15	SUV39H2	1.0	8010
ENSG00000152457	15	DCLRE1C	1.0	8011
ENSG00000152463	15	OLAH	1.0	8012
ENSG00000152464	15	RPP38	1.0	8013
ENSG00000152465	15	NMT2	1.0	8014
ENSG00000152467	15	ZSCAN1	1.0	8015
ENSG00000152475	15	ZNF837	1.0	8016
ENSG00000152484	15	USP12	1.0	8017
ENSG00000152492	15	CCDC50	1.0	8018
ENSG00000152495	15	CAMK4	1.0	8019
ENSG00000152503	15	TRIM36	1.0	8020
ENSG00000152518	15	ZFP36L2	1.0	8021
ENSG00000152520	15	PAN3	1.0	8022
ENSG00000152527	15	PLEKHH2	1.0	8023
ENSG00000152556	15	PFKM	1.0	8024
ENSG00000152558	15	TMEM123	1.0	8025
ENSG00000152578	15	GRIA4	1.0	8026
ENSG00000152580	15	IGSF10	1.0	8027
ENSG00000152582	15	SPEF2	1.0	8028
ENSG00000152583	15	SPARCL1	1.0	8029
ENSG00000152595	15	MEPE	1.0	8030
ENSG00000152601	15	MBNL1	1.0	8031
ENSG00000152620	15	NADK2	1.0	8032
ENSG00000152642	15	GPD1L	1.0	8033
ENSG00000152661	15	GJA1	1.0	8034
ENSG00000152669	15	CCNO	1.0	8035
ENSG00000152683	15	SLC30A6	1.0	8036
ENSG00000152689	15	RASGRP3	1.0	8037
ENSG00000152700	15	SAR1B	1.0	8038
ENSG00000152705	15	CATSPER3	1.0	8039
ENSG00000152749	15	GPR180	1.0	8040
ENSG00000152766	15	ANKRD22	1.0	8041
ENSG00000152767	15	FARP1	1.0	8042
ENSG00000152778	15	IFIT5	1.0	8043
ENSG00000152779	15	SLC16A12	1.0	8044
ENSG00000152782	15	PANK1	1.0	8045
ENSG00000152784	15	PRDM8	1.0	8046
ENSG00000152795	15	HNRNPDL	1.0	8047
ENSG00000152804	15	HHEX	1.0	8048
ENSG00000152818	15	UTRN	1.0	8049
ENSG00000152894	15	PTPRK	1.0	8050
ENSG00000152904	15	GGPS1	1.0	8051
ENSG00000152926	15	ZNF117	1.0	8052
ENSG00000152931	15	PART1	1.0	8053
ENSG00000152932	15	RAB3C	1.0	8054
ENSG00000152939	15	MARVELD2	1.0	8055
ENSG00000152942	15	RAD17	1.0	8056
ENSG00000152944	15	MED21	1.0	8057
ENSG00000152952	15	PLOD2	1.0	8058
ENSG00000152953	15	STK32B	1.0	8059
ENSG00000152977	15	ZIC1	1.0	8060
ENSG00000153002	15	CPB1	1.0	8061
ENSG00000153006	15	SREK1IP1	1.0	8062
ENSG00000153012	15	LGI2	1.0	8063
ENSG00000153015	15	CWC27	1.0	8064
ENSG00000153029	15	MR1	1.0	8065
ENSG00000153037	15	SRP19	1.0	8066
ENSG00000153044	15	CENPH	1.0	8067
ENSG00000153046	15	CDYL	1.0	8068
ENSG00000153048	15	CARHSP1	1.0	8069
ENSG00000153060	15	TEKT5	1.0	8070
ENSG00000153064	15	BANK1	1.0	8071
ENSG00000153066	15	TXNDC11	1.0	8072
ENSG00000153071	15	DAB2	1.0	8073
ENSG00000153086	15	ACMSD	1.0	8074
ENSG00000153093	15	ACOXL	1.0	8075
ENSG00000153094	15	BCL2L11	1.0	8076
ENSG00000153107	15	ANAPC1	1.0	8077
ENSG00000153113	15	CAST	1.0	8078
ENSG00000153130	15	SCOC	1.0	8079
ENSG00000153132	15	CLGN	1.0	8080
ENSG00000153140	15	CETN3	1.0	8081
ENSG00000153147	15	SMARCA5	1.0	8082
ENSG00000153157	15	SYCP2L	1.0	8083
ENSG00000153162	15	BMP6	1.0	8084
ENSG00000153179	15	RASSF3	1.0	8085
ENSG00000153187	15	HNRNPU	1.0	8086
ENSG00000153201	15	RANBP2	1.0	8087
ENSG00000153207	15	AHCTF1	1.0	8088
ENSG00000153208	15	MERTK	1.0	8089
ENSG00000153214	15	TMEM87B	1.0	8090
ENSG00000153233	15	PTPRR	1.0	8091
ENSG00000153234	15	NR4A2	1.0	8092
ENSG00000153237	15	CCDC148	1.0	8093
ENSG00000153246	15	PLA2R1	1.0	8094
ENSG00000153250	15	RBMS1	1.0	8095
ENSG00000153253	15	SCN3A	1.0	8096
ENSG00000153283	15	CD96	1.0	8097
ENSG00000153291	15	SLC25A27	1.0	8098
ENSG00000153303	15	FRMD1	1.0	8099
ENSG00000153317	15	ASAP1	1.0	8100
ENSG00000153339	15	TRAPPC8	1.0	8101
ENSG00000153347	15	FAM81B	1.0	8102
ENSG00000153391	15	INO80C	1.0	8103
ENSG00000153395	15	LPCAT1	1.0	8104
ENSG00000153404	15	PLEKHG4B	1.0	8105
ENSG00000153406	15	NMRAL1	1.0	8106
ENSG00000153443	15	UBALD1	1.0	8107
ENSG00000153446	15	C16orf89	1.0	8108
ENSG00000153485	15	LYSET	1.0	8109
ENSG00000153487	15	ING1	1.0	8110
ENSG00000153495	15	TEX29	1.0	8111
ENSG00000153531	15	ADPRHL1	1.0	8112
ENSG00000153551	15	CMTM7	1.0	8113
ENSG00000153558	15	FBXL2	1.0	8114
ENSG00000153560	15	UBP1	1.0	8115
ENSG00000153561	15	RMND5A	1.0	8116
ENSG00000153563	15	CD8A	1.0	8117
ENSG00000153574	15	RPIA	1.0	8118
ENSG00000153707	15	PTPRD	1.0	8119
ENSG00000153714	15	LURAP1L	1.0	8120
ENSG00000153721	15	CNKSR3	1.0	8121
ENSG00000153767	15	GTF2E1	1.0	8122
ENSG00000153774	15	CFDP1	1.0	8123
ENSG00000153786	15	ZDHHC7	1.0	8124
ENSG00000153790	15	SPMIP4	1.0	8125
ENSG00000153814	15	JAZF1	1.0	8126
ENSG00000153815	15	CMIP	1.0	8127
ENSG00000153820	15	SPHKAP	1.0	8128
ENSG00000153822	15	KCNJ16	1.0	8129
ENSG00000153823	15	PID1	1.0	8130
ENSG00000153827	15	TRIP12	1.0	8131
ENSG00000153832	15	FBXO36	1.0	8132
ENSG00000153879	15	CEBPG	1.0	8133
ENSG00000153885	15	KCTD15	1.0	8134
ENSG00000153896	15	ZNF599	1.0	8135
ENSG00000153898	15	MCOLN2	1.0	8136
ENSG00000153902	15	LGI4	1.0	8137
ENSG00000153904	15	DDAH1	1.0	8138
ENSG00000153914	15	SREK1	1.0	8139
ENSG00000153922	15	CHD1	1.0	8140
ENSG00000153930	15	ANKFN1	1.0	8141
ENSG00000153933	15	DGKE	1.0	8142
ENSG00000153936	15	HS2ST1	1.0	8143
ENSG00000153944	15	MSI2	1.0	8144
ENSG00000153956	15	CACNA2D1	1.0	8145
ENSG00000153976	15	HS3ST3A1	1.0	8146
ENSG00000153982	15	GDPD1	1.0	8147
ENSG00000153989	15	NUS1	1.0	8148
ENSG00000153993	15	SEMA3D	1.0	8149
ENSG00000154001	15	PPP2R5E	1.0	8150
ENSG00000154016	15	GRAP	1.0	8151
ENSG00000154025	15	SLC5A10	1.0	8152
ENSG00000154027	15	AK5	1.0	8153
ENSG00000154040	15	CABYR	1.0	8154
ENSG00000154059	15	IMPACT	1.0	8155
ENSG00000154065	15	ANKRD29	1.0	8156
ENSG00000154080	15	CHST9	1.0	8157
ENSG00000154096	15	THY1	1.0	8158
ENSG00000154099	15	DNAAF1	1.0	8159
ENSG00000154102	15	C16orf74	1.0	8160
ENSG00000154114	15	TBCEL	1.0	8161
ENSG00000154122	15	ANKH	1.0	8162
ENSG00000154127	15	UBASH3B	1.0	8163
ENSG00000154133	15	ROBO4	1.0	8164
ENSG00000154134	15	ROBO3	1.0	8165
ENSG00000154144	15	TBRG1	1.0	8166
ENSG00000154146	15	NRGN	1.0	8167
ENSG00000154162	15	CDH12	1.0	8168
ENSG00000154175	15	ABI3BP	1.0	8169
ENSG00000154188	15	ANGPT1	1.0	8170
ENSG00000154217	15	PITPNC1	1.0	8171
ENSG00000154222	15	CC2D1B	1.0	8172
ENSG00000154227	15	CERS3	1.0	8173
ENSG00000154229	15	PRKCA	1.0	8174
ENSG00000154237	15	LRRK1	1.0	8175
ENSG00000154240	15	CEP112	1.0	8176
ENSG00000154258	15	ABCA9	1.0	8177
ENSG00000154262	15	ABCA6	1.0	8178
ENSG00000154263	15	ABCA10	1.0	8179
ENSG00000154265	15	ABCA5	1.0	8180
ENSG00000154269	15	ENPP3	1.0	8181
ENSG00000154274	15	C4orf19	1.0	8182
ENSG00000154277	15	UCHL1	1.0	8183
ENSG00000154305	15	MIA3	1.0	8184
ENSG00000154309	15	DISP1	1.0	8185
ENSG00000154310	15	TNIK	1.0	8186
ENSG00000154319	15	FAM167A	1.0	8187
ENSG00000154328	15	NEIL2	1.0	8188
ENSG00000154330	15	PGM5	1.0	8189
ENSG00000154358	15	OBSCN	1.0	8190
ENSG00000154359	15	LONRF1	1.0	8191
ENSG00000154370	15	TRIM11	1.0	8192
ENSG00000154380	15	ENAH	1.0	8193
ENSG00000154429	15	CCSAP	1.0	8194
ENSG00000154447	15	SH3RF1	1.0	8195
ENSG00000154451	15	GBP5	1.0	8196
ENSG00000154473	15	BUB3	1.0	8197
ENSG00000154493	15	C10orf90	1.0	8198
ENSG00000154529	15	CNTNAP3B	1.0	8199
ENSG00000154545	15	MAGED4	1.0	8200
ENSG00000154548	15	SRSF12	1.0	8201
ENSG00000154553	15	PDLIM3	1.0	8202
ENSG00000154556	15	SORBS2	1.0	8203
ENSG00000154589	15	LY96	1.0	8204
ENSG00000154639	15	CXADR	1.0	8205
ENSG00000154640	15	BTG3	1.0	8206
ENSG00000154642	15	C21orf91	1.0	8207
ENSG00000154645	15	CHODL	1.0	8208
ENSG00000154654	15	NCAM2	1.0	8209
ENSG00000154655	15	L3MBTL4	1.0	8210
ENSG00000154678	15	PDE1C	1.0	8211
ENSG00000154710	15	RABGEF1	1.0	8212
ENSG00000154719	15	MRPL39	1.0	8213
ENSG00000154721	15	JAM2	1.0	8214
ENSG00000154727	15	GABPA	1.0	8215
ENSG00000154734	15	ADAMTS1	1.0	8216
ENSG00000154736	15	ADAMTS5	1.0	8217
ENSG00000154743	15	TSEN2	1.0	8218
ENSG00000154760	15	SLFN13	1.0	8219
ENSG00000154767	15	XPC	1.0	8220
ENSG00000154781	15	CCDC174	1.0	8221
ENSG00000154783	15	FGD5	1.0	8222
ENSG00000154813	15	DPH3	1.0	8223
ENSG00000154814	15	OXNAD1	1.0	8224
ENSG00000154822	15	PLCL2	1.0	8225
ENSG00000154832	15	CXXC1	1.0	8226
ENSG00000154839	15	SKA1	1.0	8227
ENSG00000154845	15	PPP4R1	1.0	8228
ENSG00000154856	15	APCDD1	1.0	8229
ENSG00000154864	15	PIEZO2	1.0	8230
ENSG00000154889	15	MPPE1	1.0	8231
ENSG00000154914	15	USP43	1.0	8232
ENSG00000154917	15	RAB6B	1.0	8233
ENSG00000154920	15	EME1	1.0	8234
ENSG00000154928	15	EPHB1	1.0	8235
ENSG00000154930	15	ACSS1	1.0	8236
ENSG00000154945	15	ANKRD40	1.0	8237
ENSG00000154957	15	ZNF18	1.0	8238
ENSG00000154978	15	VOPP1	1.0	8239
ENSG00000155008	15	APOOL	1.0	8240
ENSG00000155011	15	DKK2	1.0	8241
ENSG00000155016	15	CYP2U1	1.0	8242
ENSG00000155034	15	FBXL18	1.0	8243
ENSG00000155066	15	PROM2	1.0	8244
ENSG00000155085	15	AK9	1.0	8245
ENSG00000155090	15	KLF10	1.0	8246
ENSG00000155093	15	PTPRN2	1.0	8247
ENSG00000155096	15	AZIN1	1.0	8248
ENSG00000155097	15	ATP6V1C1	1.0	8249
ENSG00000155100	15	OTUD6B	1.0	8250
ENSG00000155111	15	CDK19	1.0	8251
ENSG00000155115	15	GTF3C6	1.0	8252
ENSG00000155158	15	TTC39B	1.0	8253
ENSG00000155189	15	AGPAT5	1.0	8254
ENSG00000155229	15	MMS19	1.0	8255
ENSG00000155252	15	PI4K2A	1.0	8256
ENSG00000155254	15	MARVELD1	1.0	8257
ENSG00000155256	15	ZFYVE27	1.0	8258
ENSG00000155265	15	GOLGA7B	1.0	8259
ENSG00000155275	15	TRMT44	1.0	8260
ENSG00000155287	15	SLC25A28	1.0	8261
ENSG00000155304	15	HSPA13	1.0	8262
ENSG00000155307	15	SAMSN1	1.0	8263
ENSG00000155313	15	USP25	1.0	8264
ENSG00000155329	15	ZCCHC10	1.0	8265
ENSG00000155330	15	C16orf87	1.0	8266
ENSG00000155363	15	MOV10	1.0	8267
ENSG00000155366	15	RHOC	1.0	8268
ENSG00000155367	15	PPM1J	1.0	8269
ENSG00000155368	15	DBI	1.0	8270
ENSG00000155380	15	SLC16A1	1.0	8271
ENSG00000155393	15	HEATR3	1.0	8272
ENSG00000155438	15	NIFK	1.0	8273
ENSG00000155463	15	OXA1L	1.0	8274
ENSG00000155465	15	SLC7A7	1.0	8275
ENSG00000155506	15	LARP1	1.0	8276
ENSG00000155508	15	CNOT8	1.0	8277
ENSG00000155530	15	LRGUK	1.0	8278
ENSG00000155542	15	SETD9	1.0	8279
ENSG00000155545	15	MIER3	1.0	8280
ENSG00000155561	15	NUP205	1.0	8281
ENSG00000155592	15	ZKSCAN2	1.0	8282
ENSG00000155621	15	C9orf85	1.0	8283
ENSG00000155622	15	XAGE2	1.0	8284
ENSG00000155629	15	PIK3AP1	1.0	8285
ENSG00000155636	15	RBM45	1.0	8286
ENSG00000155657	15	TTN	1.0	8287
ENSG00000155659	15	VSIG4	1.0	8288
ENSG00000155660	15	PDIA4	1.0	8289
ENSG00000155666	15	KDM8	1.0	8290
ENSG00000155719	15	OTOA	1.0	8291
ENSG00000155729	15	KCTD18	1.0	8292
ENSG00000155744	15	HYCC2	1.0	8293
ENSG00000155755	15	TMEM237	1.0	8294
ENSG00000155760	15	FZD7	1.0	8295
ENSG00000155761	15	SPAG17	1.0	8296
ENSG00000155792	15	DEPTOR	1.0	8297
ENSG00000155816	15	FMN2	1.0	8298
ENSG00000155827	15	RNF20	1.0	8299
ENSG00000155846	15	PPARGC1B	1.0	8300
ENSG00000155849	15	ELMO1	1.0	8301
ENSG00000155850	15	SLC26A2	1.0	8302
ENSG00000155858	15	LSM11	1.0	8303
ENSG00000155868	15	MED7	1.0	8304
ENSG00000155876	15	RRAGA	1.0	8305
ENSG00000155903	15	RASA2	1.0	8306
ENSG00000155906	15	RMND1	1.0	8307
ENSG00000155918	15	RAET1L	1.0	8308
ENSG00000155926	15	SLA	1.0	8309
ENSG00000155959	15	VBP1	1.0	8310
ENSG00000155961	15	RAB39B	1.0	8311
ENSG00000155962	15	CLIC2	1.0	8312
ENSG00000155970	15	MICU3	1.0	8313
ENSG00000155974	15	GRIP1	1.0	8314
ENSG00000155975	15	VPS37A	1.0	8315
ENSG00000155980	15	KIF5A	1.0	8316
ENSG00000156011	15	PSD3	1.0	8317
ENSG00000156026	15	MCU	1.0	8318
ENSG00000156049	15	GNA14	1.0	8319
ENSG00000156050	15	FAM161B	1.0	8320
ENSG00000156052	15	GNAQ	1.0	8321
ENSG00000156076	15	WIF1	1.0	8322
ENSG00000156103	15	MMP16	1.0	8323
ENSG00000156110	15	ADK	1.0	8324
ENSG00000156113	15	KCNMA1	1.0	8325
ENSG00000156127	15	BATF	1.0	8326
ENSG00000156136	15	DCK	1.0	8327
ENSG00000156140	15	ADAMTS3	1.0	8328
ENSG00000156150	15	ALX3	1.0	8329
ENSG00000156162	15	DPY19L4	1.0	8330
ENSG00000156170	15	NDUFAF6	1.0	8331
ENSG00000156171	15	DRAM2	1.0	8332
ENSG00000156218	15	ADAMTSL3	1.0	8333
ENSG00000156219	15	ART3	1.0	8334
ENSG00000156222	15	SLC28A1	1.0	8335
ENSG00000156232	15	WHAMM	1.0	8336
ENSG00000156234	15	CXCL13	1.0	8337
ENSG00000156239	15	N6AMT1	1.0	8338
ENSG00000156253	15	RWDD2B	1.0	8339
ENSG00000156256	15	USP16	1.0	8340
ENSG00000156261	15	CCT8	1.0	8341
ENSG00000156265	15	MAP3K7CL	1.0	8342
ENSG00000156273	15	BACH1	1.0	8343
ENSG00000156284	15	CLDN8	1.0	8344
ENSG00000156298	15	TSPAN7	1.0	8345
ENSG00000156299	15	TIAM1	1.0	8346
ENSG00000156304	15	SCAF4	1.0	8347
ENSG00000156313	15	RPGR	1.0	8348
ENSG00000156345	15	CDK20	1.0	8349
ENSG00000156374	15	PCGF6	1.0	8350
ENSG00000156381	15	ANKRD9	1.0	8351
ENSG00000156384	15	SFR1	1.0	8352
ENSG00000156398	15	SFXN2	1.0	8353
ENSG00000156413	15	FUT6	1.0	8354
ENSG00000156414	15	TDRD9	1.0	8355
ENSG00000156427	15	FGF18	1.0	8356
ENSG00000156453	15	PCDH1	1.0	8357
ENSG00000156463	15	SH3RF2	1.0	8358
ENSG00000156466	15	GDF6	1.0	8359
ENSG00000156467	15	UQCRB	1.0	8360
ENSG00000156471	15	PTDSS1	1.0	8361
ENSG00000156475	15	PPP2R2B	1.0	8362
ENSG00000156482	15	RPL30	1.0	8363
ENSG00000156502	15	SUPV3L1	1.0	8364
ENSG00000156508	15	EEF1A1	1.0	8365
ENSG00000156509	15	FBXO43	1.0	8366
ENSG00000156515	15	HK1	1.0	8367
ENSG00000156521	15	TYSND1	1.0	8368
ENSG00000156531	15	PHF6	1.0	8369
ENSG00000156535	15	CD109	1.0	8370
ENSG00000156587	15	UBE2L6	1.0	8371
ENSG00000156599	15	ZDHHC5	1.0	8372
ENSG00000156603	15	MED19	1.0	8373
ENSG00000156639	15	ZFAND3	1.0	8374
ENSG00000156642	15	NPTN	1.0	8375
ENSG00000156650	15	KAT6B	1.0	8376
ENSG00000156671	15	SAMD8	1.0	8377
ENSG00000156675	15	RAB11FIP1	1.0	8378
ENSG00000156689	15	GLYATL2	1.0	8379
ENSG00000156697	15	UTP14A	1.0	8380
ENSG00000156709	15	AIFM1	1.0	8381
ENSG00000156711	15	MAPK13	1.0	8382
ENSG00000156735	15	BAG4	1.0	8383
ENSG00000156738	15	MS4A1	1.0	8384
ENSG00000156787	15	TBC1D31	1.0	8385
ENSG00000156802	15	ATAD2	1.0	8386
ENSG00000156804	15	FBXO32	1.0	8387
ENSG00000156831	15	NSMCE2	1.0	8388
ENSG00000156853	15	ZNF689	1.0	8389
ENSG00000156858	15	PRR14	1.0	8390
ENSG00000156860	15	FBRS	1.0	8391
ENSG00000156869	15	FRRS1	1.0	8392
ENSG00000156873	15	PHKG2	1.0	8393
ENSG00000156876	15	SASS6	1.0	8394
ENSG00000156885	15	COX6A2	1.0	8395
ENSG00000156928	15	MALSU1	1.0	8396
ENSG00000156931	15	VPS8	1.0	8397
ENSG00000156958	15	GALK2	1.0	8398
ENSG00000156959	15	LHFPL4	1.0	8399
ENSG00000156966	15	B3GNT7	1.0	8400
ENSG00000156970	15	BUB1B	1.0	8401
ENSG00000156973	15	PDE6D	1.0	8402
ENSG00000156976	15	EIF4A2	1.0	8403
ENSG00000156983	15	BRPF1	1.0	8404
ENSG00000156990	15	RPUSD3	1.0	8405
ENSG00000157005	15	SST	1.0	8406
ENSG00000157014	15	TATDN2	1.0	8407
ENSG00000157017	15	GHRL	1.0	8408
ENSG00000157020	15	SEC13	1.0	8409
ENSG00000157036	15	EXOG	1.0	8410
ENSG00000157045	15	NTAN1	1.0	8411
ENSG00000157064	15	NMNAT2	1.0	8412
ENSG00000157077	15	ZFYVE9	1.0	8413
ENSG00000157087	15	ATP2B2	1.0	8414
ENSG00000157103	15	SLC6A1	1.0	8415
ENSG00000157106	15	SMG1	1.0	8416
ENSG00000157107	15	FCHO2	1.0	8417
ENSG00000157110	15	RBPMS	1.0	8418
ENSG00000157111	15	TMEM171	1.0	8419
ENSG00000157150	15	TIMP4	1.0	8420
ENSG00000157168	15	NRG1	1.0	8421
ENSG00000157184	15	CPT2	1.0	8422
ENSG00000157191	15	NECAP2	1.0	8423
ENSG00000157193	15	LRP8	1.0	8424
ENSG00000157212	15	PAXIP1	1.0	8425
ENSG00000157214	15	STEAP2	1.0	8426
ENSG00000157216	15	SSBP3	1.0	8427
ENSG00000157224	15	CLDN12	1.0	8428
ENSG00000157227	15	MMP14	1.0	8429
ENSG00000157240	15	FZD1	1.0	8430
ENSG00000157259	15	GATAD1	1.0	8431
ENSG00000157303	15	SUSD3	1.0	8432
ENSG00000157322	15	CLEC18A	1.0	8433
ENSG00000157326	15	DHRS4	1.0	8434
ENSG00000157343	15	ARMC12	1.0	8435
ENSG00000157349	15	DDX19B	1.0	8436
ENSG00000157350	15	ST3GAL2	1.0	8437
ENSG00000157368	15	IL34	1.0	8438
ENSG00000157379	15	DHRS1	1.0	8439
ENSG00000157388	15	CACNA1D	1.0	8440
ENSG00000157404	15	KIT	1.0	8441
ENSG00000157423	15	HYDIN	1.0	8442
ENSG00000157426	15	AASDH	1.0	8443
ENSG00000157429	15	ZNF19	1.0	8444
ENSG00000157445	15	CACNA2D3	1.0	8445
ENSG00000157450	15	RNF111	1.0	8446
ENSG00000157456	15	CCNB2	1.0	8447
ENSG00000157470	15	FAM81A	1.0	8448
ENSG00000157483	15	MYO1E	1.0	8449
ENSG00000157500	15	APPL1	1.0	8450
ENSG00000157510	15	AFAP1L1	1.0	8451
ENSG00000157514	15	TSC22D3	1.0	8452
ENSG00000157540	15	DYRK1A	1.0	8453
ENSG00000157542	15	KCNJ6	1.0	8454
ENSG00000157551	15	KCNJ15	1.0	8455
ENSG00000157554	15	ERG	1.0	8456
ENSG00000157557	15	ETS2	1.0	8457
ENSG00000157570	15	TSPAN18	1.0	8458
ENSG00000157578	15	LCA5L	1.0	8459
ENSG00000157593	15	SLC35B2	1.0	8460
ENSG00000157600	15	TMEM164	1.0	8461
ENSG00000157601	15	MX1	1.0	8462
ENSG00000157613	15	CREB3L1	1.0	8463
ENSG00000157617	15	C2CD2	1.0	8464
ENSG00000157625	15	TAB3	1.0	8465
ENSG00000157637	15	SLC38A10	1.0	8466
ENSG00000157653	15	C9orf43	1.0	8467
ENSG00000157657	15	ZNF618	1.0	8468
ENSG00000157680	15	DGKI	1.0	8469
ENSG00000157703	15	SVOPL	1.0	8470
ENSG00000157734	15	SNX22	1.0	8471
ENSG00000157741	15	UBN2	1.0	8472
ENSG00000157764	15	BRAF	1.0	8473
ENSG00000157765	15	SLC34A2	1.0	8474
ENSG00000157766	15	ACAN	1.0	8475
ENSG00000157778	15	PSMG3	1.0	8476
ENSG00000157782	15	CABP1	1.0	8477
ENSG00000157796	15	WDR19	1.0	8478
ENSG00000157800	15	SLC37A3	1.0	8479
ENSG00000157823	15	AP3S2	1.0	8480
ENSG00000157827	15	FMNL2	1.0	8481
ENSG00000157837	15	SPPL3	1.0	8482
ENSG00000157851	15	DPYSL5	1.0	8483
ENSG00000157856	15	DRC1	1.0	8484
ENSG00000157869	15	RAB28	1.0	8485
ENSG00000157873	15	TNFRSF14	1.0	8486
ENSG00000157881	15	PANK4	1.0	8487
ENSG00000157890	15	MEGF11	1.0	8488
ENSG00000157895	15	C12orf43	1.0	8489
ENSG00000157911	15	PEX10	1.0	8490
ENSG00000157916	15	RER1	1.0	8491
ENSG00000157927	15	RADIL	1.0	8492
ENSG00000157933	15	SKI	1.0	8493
ENSG00000157954	15	WIPI2	1.0	8494
ENSG00000157978	15	LDLRAP1	1.0	8495
ENSG00000157985	15	AGAP1	1.0	8496
ENSG00000157992	15	KRTCAP3	1.0	8497
ENSG00000158006	15	PAFAH2	1.0	8498
ENSG00000158008	15	EXTL1	1.0	8499
ENSG00000158014	15	SLC30A2	1.0	8500
ENSG00000158042	15	MRPL17	1.0	8501
ENSG00000158050	15	DUSP2	1.0	8502
ENSG00000158055	15	GRHL3	1.0	8503
ENSG00000158062	15	UBXN11	1.0	8504
ENSG00000158079	15	PTPDC1	1.0	8505
ENSG00000158089	15	GALNT14	1.0	8506
ENSG00000158092	15	NCK1	1.0	8507
ENSG00000158104	15	HPD	1.0	8508
ENSG00000158106	15	RHPN1	1.0	8509
ENSG00000158109	15	TPRG1L	1.0	8510
ENSG00000158113	15	LRRC43	1.0	8511
ENSG00000158125	15	XDH	1.0	8512
ENSG00000158156	15	XKR8	1.0	8513
ENSG00000158158	15	CNNM4	1.0	8514
ENSG00000158161	15	EYA3	1.0	8515
ENSG00000158163	15	DZIP1L	1.0	8516
ENSG00000158164	15	TMSB15A	1.0	8517
ENSG00000158169	15	FANCC	1.0	8518
ENSG00000158186	15	MRAS	1.0	8519
ENSG00000158195	15	WASF2	1.0	8520
ENSG00000158201	15	ABHD3	1.0	8521
ENSG00000158220	15	ESYT3	1.0	8522
ENSG00000158234	15	FAIM	1.0	8523
ENSG00000158258	15	CLSTN2	1.0	8524
ENSG00000158270	15	COLEC12	1.0	8525
ENSG00000158286	15	RNF207	1.0	8526
ENSG00000158290	15	CUL4B	1.0	8527
ENSG00000158292	15	GPR153	1.0	8528
ENSG00000158296	15	SLC13A3	1.0	8529
ENSG00000158301	15	GPRASP2	1.0	8530
ENSG00000158315	15	RHBDL2	1.0	8531
ENSG00000158321	15	AUTS2	1.0	8532
ENSG00000158352	15	SHROOM4	1.0	8533
ENSG00000158402	15	CDC25C	1.0	8534
ENSG00000158411	15	MITD1	1.0	8535
ENSG00000158417	15	EIF5B	1.0	8536
ENSG00000158423	15	RIBC1	1.0	8537
ENSG00000158435	15	CNOT11	1.0	8538
ENSG00000158445	15	KCNB1	1.0	8539
ENSG00000158457	15	TSPAN33	1.0	8540
ENSG00000158458	15	NRG2	1.0	8541
ENSG00000158467	15	AHCYL2	1.0	8542
ENSG00000158470	15	B4GALT5	1.0	8543
ENSG00000158473	15	CD1D	1.0	8544
ENSG00000158480	15	SPATA2	1.0	8545
ENSG00000158486	15	DNAH3	1.0	8546
ENSG00000158497	15	HMHB1	1.0	8547
ENSG00000158516	15	CPA2	1.0	8548
ENSG00000158517	15	NCF1	1.0	8549
ENSG00000158525	15	CPA5	1.0	8550
ENSG00000158526	15	TSR2	1.0	8551
ENSG00000158528	15	PPP1R9A	1.0	8552
ENSG00000158545	15	ZC3H18	1.0	8553
ENSG00000158552	15	ZFAND2B	1.0	8554
ENSG00000158555	15	GDPD5	1.0	8555
ENSG00000158560	15	DYNC1I1	1.0	8556
ENSG00000158604	15	TMED4	1.0	8557
ENSG00000158615	15	PPP1R15B	1.0	8558
ENSG00000158623	15	COPG2	1.0	8559
ENSG00000158639	15	PAGE5	1.0	8560
ENSG00000158691	15	ZSCAN12	1.0	8561
ENSG00000158710	15	TAGLN2	1.0	8562
ENSG00000158711	15	ELK4	1.0	8563
ENSG00000158714	15	SLAMF8	1.0	8564
ENSG00000158715	15	SLC45A3	1.0	8565
ENSG00000158716	15	DUSP23	1.0	8566
ENSG00000158717	15	RNF166	1.0	8567
ENSG00000158747	15	NBL1	1.0	8568
ENSG00000158769	15	F11R	1.0	8569
ENSG00000158773	15	USF1	1.0	8570
ENSG00000158792	15	SPATA2L	1.0	8571
ENSG00000158793	15	NIT1	1.0	8572
ENSG00000158796	15	DEDD	1.0	8573
ENSG00000158805	15	ZNF276	1.0	8574
ENSG00000158806	15	NPM2	1.0	8575
ENSG00000158813	15	EDA	1.0	8576
ENSG00000158815	15	FGF17	1.0	8577
ENSG00000158825	15	CDA	1.0	8578
ENSG00000158828	15	PINK1	1.0	8579
ENSG00000158850	15	B4GALT3	1.0	8580
ENSG00000158856	15	DMTN	1.0	8581
ENSG00000158859	15	ADAMTS4	1.0	8582
ENSG00000158864	15	NDUFS2	1.0	8583
ENSG00000158865	15	SLC5A11	1.0	8584
ENSG00000158869	15	FCER1G	1.0	8585
ENSG00000158882	15	TOMM40L	1.0	8586
ENSG00000158887	15	MPZ	1.0	8587
ENSG00000158941	15	CCAR2	1.0	8588
ENSG00000158966	15	CACHD1	1.0	8589
ENSG00000158985	15	CDC42SE2	1.0	8590
ENSG00000158987	15	RAPGEF6	1.0	8591
ENSG00000159023	15	EPB41	1.0	8592
ENSG00000159055	15	MIS18A	1.0	8593
ENSG00000159063	15	ALG8	1.0	8594
ENSG00000159069	15	FBXW5	1.0	8595
ENSG00000159082	15	SYNJ1	1.0	8596
ENSG00000159086	15	PAXBP1	1.0	8597
ENSG00000159111	15	MRPL10	1.0	8598
ENSG00000159128	15	IFNGR2	1.0	8599
ENSG00000159131	15	GART	1.0	8600
ENSG00000159140	15	SON	1.0	8601
ENSG00000159147	15	DONSON	1.0	8602
ENSG00000159164	15	SV2A	1.0	8603
ENSG00000159166	15	LAD1	1.0	8604
ENSG00000159167	15	STC1	1.0	8605
ENSG00000159173	15	TNNI1	1.0	8606
ENSG00000159176	15	CSRP1	1.0	8607
ENSG00000159189	15	C1QC	1.0	8608
ENSG00000159200	15	RCAN1	1.0	8609
ENSG00000159202	15	UBE2Z	1.0	8610
ENSG00000159210	15	SNF8	1.0	8611
ENSG00000159212	15	CLIC6	1.0	8612
ENSG00000159214	15	CCDC24	1.0	8613
ENSG00000159216	15	RUNX1	1.0	8614
ENSG00000159217	15	IGF2BP1	1.0	8615
ENSG00000159228	15	CBR1	1.0	8616
ENSG00000159231	15	CBR3	1.0	8617
ENSG00000159251	15	ACTC1	1.0	8618
ENSG00000159256	15	MORC3	1.0	8619
ENSG00000159259	15	CHAF1B	1.0	8620
ENSG00000159261	15	CLDN14	1.0	8621
ENSG00000159263	15	SIM2	1.0	8622
ENSG00000159267	15	HLCS	1.0	8623
ENSG00000159307	15	SCUBE1	1.0	8624
ENSG00000159314	15	ARHGAP27	1.0	8625
ENSG00000159322	15	ADPGK	1.0	8626
ENSG00000159335	15	PTMS	1.0	8627
ENSG00000159346	15	ADIPOR1	1.0	8628
ENSG00000159348	15	CYB5R1	1.0	8629
ENSG00000159352	15	PSMD4	1.0	8630
ENSG00000159363	15	ATP13A2	1.0	8631
ENSG00000159374	15	M1AP	1.0	8632
ENSG00000159377	15	PSMB4	1.0	8633
ENSG00000159387	15	IRX6	1.0	8634
ENSG00000159388	15	BTG2	1.0	8635
ENSG00000159399	15	HK2	1.0	8636
ENSG00000159403	15	C1R	1.0	8637
ENSG00000159433	15	STARD9	1.0	8638
ENSG00000159445	15	THEM4	1.0	8639
ENSG00000159450	15	TCHH	1.0	8640
ENSG00000159459	15	UBR1	1.0	8641
ENSG00000159461	15	AMFR	1.0	8642
ENSG00000159479	15	MED8	1.0	8643
ENSG00000159495	15	TGM7	1.0	8644
ENSG00000159496	15	RGL4	1.0	8645
ENSG00000159579	15	RSPRY1	1.0	8646
ENSG00000159588	15	CCDC17	1.0	8647
ENSG00000159592	15	GPBP1L1	1.0	8648
ENSG00000159593	15	NAE1	1.0	8649
ENSG00000159596	15	TMEM69	1.0	8650
ENSG00000159640	15	ACE	1.0	8651
ENSG00000159648	15	SPMIP8	1.0	8652
ENSG00000159658	15	EFCAB14	1.0	8653
ENSG00000159674	15	SPON2	1.0	8654
ENSG00000159685	15	CHCHD6	1.0	8655
ENSG00000159692	15	CTBP1	1.0	8656
ENSG00000159708	15	LRRC36	1.0	8657
ENSG00000159713	15	TPPP3	1.0	8658
ENSG00000159714	15	ZDHHC1	1.0	8659
ENSG00000159720	15	ATP6V0D1	1.0	8660
ENSG00000159733	15	ZFYVE28	1.0	8661
ENSG00000159761	15	C16orf86	1.0	8662
ENSG00000159763	15	PIP	1.0	8663
ENSG00000159784	15	FAM131B	1.0	8664
ENSG00000159788	15	RGS12	1.0	8665
ENSG00000159792	15	PSKH1	1.0	8666
ENSG00000159840	15	ZYX	1.0	8667
ENSG00000159842	15	ABR	1.0	8668
ENSG00000159871	15	LYPD5	1.0	8669
ENSG00000159873	15	CCDC117	1.0	8670
ENSG00000159882	15	ZNF230	1.0	8671
ENSG00000159884	15	CCDC107	1.0	8672
ENSG00000159885	15	ZNF222	1.0	8673
ENSG00000159899	15	NPR2	1.0	8674
ENSG00000159905	15	ZNF221	1.0	8675
ENSG00000159915	15	ZNF233	1.0	8676
ENSG00000159917	15	ZNF235	1.0	8677
ENSG00000159921	15	GNE	1.0	8678
ENSG00000159958	15	TNFRSF13C	1.0	8679
ENSG00000160007	15	ARHGAP35	1.0	8680
ENSG00000160013	15	PTGIR	1.0	8681
ENSG00000160014	15	CALM3	1.0	8682
ENSG00000160049	15	DFFA	1.0	8683
ENSG00000160050	15	CCDC28B	1.0	8684
ENSG00000160051	15	IQCC	1.0	8685
ENSG00000160055	15	TMEM234	1.0	8686
ENSG00000160058	15	BSDC1	1.0	8687
ENSG00000160062	15	ZBTB8A	1.0	8688
ENSG00000160072	15	ATAD3B	1.0	8689
ENSG00000160075	15	SSU72	1.0	8690
ENSG00000160087	15	UBE2J2	1.0	8691
ENSG00000160094	15	ZNF362	1.0	8692
ENSG00000160097	15	FNDC5	1.0	8693
ENSG00000160111	15	CPAMD8	1.0	8694
ENSG00000160113	15	NR2F6	1.0	8695
ENSG00000160117	15	ANKLE1	1.0	8696
ENSG00000160131	15	VMA21	1.0	8697
ENSG00000160145	15	KALRN	1.0	8698
ENSG00000160161	15	CILP2	1.0	8699
ENSG00000160179	15	ABCG1	1.0	8700
ENSG00000160180	15	TFF3	1.0	8701
ENSG00000160181	15	TFF2	1.0	8702
ENSG00000160182	15	TFF1	1.0	8703
ENSG00000160183	15	TMPRSS3	1.0	8704
ENSG00000160185	15	UBASH3A	1.0	8705
ENSG00000160188	15	RSPH1	1.0	8706
ENSG00000160190	15	SLC37A1	1.0	8707
ENSG00000160191	15	PDE9A	1.0	8708
ENSG00000160193	15	WDR4	1.0	8709
ENSG00000160194	15	NDUFV3	1.0	8710
ENSG00000160199	15	PKNOX1	1.0	8711
ENSG00000160200	15	CBS	1.0	8712
ENSG00000160201	15	U2AF1	1.0	8713
ENSG00000160207	15	HSF2BP	1.0	8714
ENSG00000160208	15	RRP1B	1.0	8715
ENSG00000160209	15	PDXK	1.0	8716
ENSG00000160211	15	G6PD	1.0	8717
ENSG00000160213	15	CSTB	1.0	8718
ENSG00000160214	15	RRP1	1.0	8719
ENSG00000160216	15	AGPAT3	1.0	8720
ENSG00000160218	15	TRAPPC10	1.0	8721
ENSG00000160219	15	GAB3	1.0	8722
ENSG00000160223	15	ICOSLG	1.0	8723
ENSG00000160229	15	ZNF66	1.0	8724
ENSG00000160233	15	LRRC3	1.0	8725
ENSG00000160255	15	ITGB2	1.0	8726
ENSG00000160271	15	RALGDS	1.0	8727
ENSG00000160282	15	FTCD	1.0	8728
ENSG00000160284	15	SPATC1L	1.0	8729
ENSG00000160285	15	LSS	1.0	8730
ENSG00000160293	15	VAV2	1.0	8731
ENSG00000160294	15	MCM3AP	1.0	8732
ENSG00000160298	15	C21orf58	1.0	8733
ENSG00000160299	15	PCNT	1.0	8734
ENSG00000160305	15	DIP2A	1.0	8735
ENSG00000160307	15	S100B	1.0	8736
ENSG00000160310	15	PRMT2	1.0	8737
ENSG00000160318	15	CLDND2	1.0	8738
ENSG00000160321	15	ZNF208	1.0	8739
ENSG00000160323	15	ADAMTS13	1.0	8740
ENSG00000160325	15	CACFD1	1.0	8741
ENSG00000160326	15	SLC2A6	1.0	8742
ENSG00000160339	15	FCN2	1.0	8743
ENSG00000160345	15	PIERCE1	1.0	8744
ENSG00000160352	15	ZNF714	1.0	8745
ENSG00000160360	15	GPSM1	1.0	8746
ENSG00000160392	15	C19orf47	1.0	8747
ENSG00000160396	15	HIPK4	1.0	8748
ENSG00000160404	15	TOR2A	1.0	8749
ENSG00000160410	15	SHKBP1	1.0	8750
ENSG00000160439	15	RDH13	1.0	8751
ENSG00000160445	15	ZER1	1.0	8752
ENSG00000160446	15	ZDHHC12	1.0	8753
ENSG00000160447	15	PKN3	1.0	8754
ENSG00000160460	15	SPTBN4	1.0	8755
ENSG00000160469	15	BRSK1	1.0	8756
ENSG00000160471	15	COX6B2	1.0	8757
ENSG00000160472	15	TMEM190	1.0	8758
ENSG00000160551	15	TAOK1	1.0	8759
ENSG00000160563	15	MED27	1.0	8760
ENSG00000160570	15	DEDD2	1.0	8761
ENSG00000160584	15	SIK3	1.0	8762
ENSG00000160588	15	MPZL3	1.0	8763
ENSG00000160602	15	NEK8	1.0	8764
ENSG00000160606	15	TLCD1	1.0	8765
ENSG00000160613	15	PCSK7	1.0	8766
ENSG00000160633	15	SAFB	1.0	8767
ENSG00000160654	15	CD3G	1.0	8768
ENSG00000160678	15	S100A1	1.0	8769
ENSG00000160679	15	CHTOP	1.0	8770
ENSG00000160683	15	CXCR5	1.0	8771
ENSG00000160685	15	ZBTB7B	1.0	8772
ENSG00000160688	15	FLAD1	1.0	8773
ENSG00000160691	15	SHC1	1.0	8774
ENSG00000160695	15	VPS11	1.0	8775
ENSG00000160703	15	NLRX1	1.0	8776
ENSG00000160710	15	ADAR	1.0	8777
ENSG00000160712	15	IL6R	1.0	8778
ENSG00000160714	15	UBE2Q1	1.0	8779
ENSG00000160716	15	CHRNB2	1.0	8780
ENSG00000160741	15	CRTC2	1.0	8781
ENSG00000160746	15	ANO10	1.0	8782
ENSG00000160752	15	FDPS	1.0	8783
ENSG00000160753	15	RUSC1	1.0	8784
ENSG00000160767	15	ENTREP3	1.0	8785
ENSG00000160781	15	PAQR6	1.0	8786
ENSG00000160785	15	SLC25A44	1.0	8787
ENSG00000160789	15	LMNA	1.0	8788
ENSG00000160791	15	CCR5	1.0	8789
ENSG00000160796	15	NBEAL2	1.0	8790
ENSG00000160799	15	CCDC12	1.0	8791
ENSG00000160801	15	PTH1R	1.0	8792
ENSG00000160803	15	UBQLN4	1.0	8793
ENSG00000160808	15	MYL3	1.0	8794
ENSG00000160813	15	PPP1R35	1.0	8795
ENSG00000160818	15	GPATCH4	1.0	8796
ENSG00000160862	15	AZGP1	1.0	8797
ENSG00000160867	15	FGFR4	1.0	8798
ENSG00000160877	15	NACC1	1.0	8799
ENSG00000160886	15	LY6K	1.0	8800
ENSG00000160888	15	IER2	1.0	8801
ENSG00000160908	15	ZNF394	1.0	8802
ENSG00000160917	15	CPSF4	1.0	8803
ENSG00000160932	15	LY6E	1.0	8804
ENSG00000160948	15	VPS28	1.0	8805
ENSG00000160949	15	TONSL	1.0	8806
ENSG00000160951	15	PTGER1	1.0	8807
ENSG00000160957	15	RECQL4	1.0	8808
ENSG00000160959	15	LRRC14	1.0	8809
ENSG00000160961	15	ZNF333	1.0	8810
ENSG00000160972	15	PPP1R16A	1.0	8811
ENSG00000160973	15	FOXH1	1.0	8812
ENSG00000160991	15	ORAI2	1.0	8813
ENSG00000160993	15	ALKBH4	1.0	8814
ENSG00000160999	15	SH2B2	1.0	8815
ENSG00000161011	15	SQSTM1	1.0	8816
ENSG00000161013	15	MGAT4B	1.0	8817
ENSG00000161016	15	RPL8	1.0	8818
ENSG00000161021	15	MAML1	1.0	8819
ENSG00000161031	15	PGLYRP2	1.0	8820
ENSG00000161036	15	LRWD1	1.0	8821
ENSG00000161040	15	FBXL13	1.0	8822
ENSG00000161048	15	NAPEPLD	1.0	8823
ENSG00000161055	15	SCGB3A1	1.0	8824
ENSG00000161057	15	PSMC2	1.0	8825
ENSG00000161082	15	CELF5	1.0	8826
ENSG00000161091	15	MFSD12	1.0	8827
ENSG00000161179	15	YDJC	1.0	8828
ENSG00000161180	15	CCDC116	1.0	8829
ENSG00000161202	15	DVL3	1.0	8830
ENSG00000161203	15	AP2M1	1.0	8831
ENSG00000161204	15	ABCF3	1.0	8832
ENSG00000161217	15	PCYT1A	1.0	8833
ENSG00000161243	15	FBXO27	1.0	8834
ENSG00000161249	15	DMKN	1.0	8835
ENSG00000161265	15	U2AF1L4	1.0	8836
ENSG00000161267	15	BDH1	1.0	8837
ENSG00000161270	15	NPHS1	1.0	8838
ENSG00000161277	15	THAP8	1.0	8839
ENSG00000161281	15	COX7A1	1.0	8840
ENSG00000161298	15	ZNF382	1.0	8841
ENSG00000161328	15	LRRC56	1.0	8842
ENSG00000161381	15	PLXDC1	1.0	8843
ENSG00000161395	15	PGAP3	1.0	8844
ENSG00000161405	15	IKZF3	1.0	8845
ENSG00000161509	15	GRIN2C	1.0	8846
ENSG00000161513	15	FDXR	1.0	8847
ENSG00000161526	15	SAP30BP	1.0	8848
ENSG00000161533	15	ACOX1	1.0	8849
ENSG00000161542	15	PRPSAP1	1.0	8850
ENSG00000161544	15	CYGB	1.0	8851
ENSG00000161547	15	SRSF2	1.0	8852
ENSG00000161551	15	ZNF577	1.0	8853
ENSG00000161558	15	TMEM143	1.0	8854
ENSG00000161618	15	ALDH16A1	1.0	8855
ENSG00000161634	15	DCD	1.0	8856
ENSG00000161638	15	ITGA5	1.0	8857
ENSG00000161642	15	ZNF385A	1.0	8858
ENSG00000161647	15	MPP3	1.0	8859
ENSG00000161649	15	CD300LG	1.0	8860
ENSG00000161652	15	IZUMO2	1.0	8861
ENSG00000161653	15	NAGS	1.0	8862
ENSG00000161654	15	LSM12	1.0	8863
ENSG00000161671	15	EMC10	1.0	8864
ENSG00000161677	15	JOSD2	1.0	8865
ENSG00000161682	15	FAM171A2	1.0	8866
ENSG00000161692	15	DBF4B	1.0	8867
ENSG00000161714	15	PLCD3	1.0	8868
ENSG00000161791	15	FMNL3	1.0	8869
ENSG00000161798	15	AQP5	1.0	8870
ENSG00000161800	15	RACGAP1	1.0	8871
ENSG00000161813	15	LARP4	1.0	8872
ENSG00000161847	15	RAVER1	1.0	8873
ENSG00000161860	15	SYCE2	1.0	8874
ENSG00000161888	15	SPC24	1.0	8875
ENSG00000161896	15	IP6K3	1.0	8876
ENSG00000161904	15	LEMD2	1.0	8877
ENSG00000161905	15	ALOX15	1.0	8878
ENSG00000161914	15	ZNF653	1.0	8879
ENSG00000161920	15	MED11	1.0	8880
ENSG00000161921	15	CXCL16	1.0	8881
ENSG00000161929	15	SCIMP	1.0	8882
ENSG00000161940	15	BCL6B	1.0	8883
ENSG00000161955	15	TNFSF13	1.0	8884
ENSG00000161956	15	SENP3	1.0	8885
ENSG00000161958	15	FGF11	1.0	8886
ENSG00000161960	15	EIF4A1	1.0	8887
ENSG00000161970	15	RPL26	1.0	8888
ENSG00000161980	15	POLR3K	1.0	8889
ENSG00000161981	15	SNRNP25	1.0	8890
ENSG00000161996	15	WDR90	1.0	8891
ENSG00000161999	15	JMJD8	1.0	8892
ENSG00000162004	15	CCDC78	1.0	8893
ENSG00000162032	15	SPSB3	1.0	8894
ENSG00000162039	15	MEIOB	1.0	8895
ENSG00000162040	15	HS3ST6	1.0	8896
ENSG00000162063	15	CCNF	1.0	8897
ENSG00000162065	15	TBC1D24	1.0	8898
ENSG00000162066	15	AMDHD2	1.0	8899
ENSG00000162073	15	PAQR4	1.0	8900
ENSG00000162076	15	FLYWCH2	1.0	8901
ENSG00000162078	15	ZG16B	1.0	8902
ENSG00000162086	15	ZNF75A	1.0	8903
ENSG00000162104	15	ADCY9	1.0	8904
ENSG00000162105	15	SHANK2	1.0	8905
ENSG00000162129	15	CLPB	1.0	8906
ENSG00000162139	15	NEU3	1.0	8907
ENSG00000162144	15	CYB561A3	1.0	8908
ENSG00000162148	15	SAXO4	1.0	8909
ENSG00000162174	15	ASRGL1	1.0	8910
ENSG00000162188	15	GNG3	1.0	8911
ENSG00000162191	15	UBXN1	1.0	8912
ENSG00000162222	15	TTC9C	1.0	8913
ENSG00000162227	15	TAF6L	1.0	8914
ENSG00000162231	15	NXF1	1.0	8915
ENSG00000162236	15	STX5	1.0	8916
ENSG00000162241	15	SLC25A45	1.0	8917
ENSG00000162244	15	RPL29	1.0	8918
ENSG00000162267	15	ITIH3	1.0	8919
ENSG00000162298	15	SYVN1	1.0	8920
ENSG00000162300	15	ZFPL1	1.0	8921
ENSG00000162302	15	RPS6KA4	1.0	8922
ENSG00000162337	15	LRP5	1.0	8923
ENSG00000162341	15	TPCN2	1.0	8924
ENSG00000162366	15	PDZK1IP1	1.0	8925
ENSG00000162367	15	TAL1	1.0	8926
ENSG00000162368	15	CMPK1	1.0	8927
ENSG00000162374	15	ELAVL4	1.0	8928
ENSG00000162377	15	COA7	1.0	8929
ENSG00000162378	15	ZYG11B	1.0	8930
ENSG00000162383	15	SLC1A7	1.0	8931
ENSG00000162385	15	MAGOH	1.0	8932
ENSG00000162390	15	ACOT11	1.0	8933
ENSG00000162396	15	PARS2	1.0	8934
ENSG00000162402	15	USP24	1.0	8935
ENSG00000162408	15	NOL9	1.0	8936
ENSG00000162409	15	PRKAA2	1.0	8937
ENSG00000162413	15	KLHL21	1.0	8938
ENSG00000162415	15	ZSWIM5	1.0	8939
ENSG00000162419	15	GMEB1	1.0	8940
ENSG00000162426	15	SLC45A1	1.0	8941
ENSG00000162433	15	AK4	1.0	8942
ENSG00000162434	15	JAK1	1.0	8943
ENSG00000162437	15	RAVER2	1.0	8944
ENSG00000162438	15	CTRC	1.0	8945
ENSG00000162441	15	LZIC	1.0	8946
ENSG00000162444	15	RBP7	1.0	8947
ENSG00000162458	15	FBLIM1	1.0	8948
ENSG00000162461	15	SLC25A34	1.0	8949
ENSG00000162482	15	AKR7A3	1.0	8950
ENSG00000162490	15	DRAXIN	1.0	8951
ENSG00000162493	15	PDPN	1.0	8952
ENSG00000162494	15	LRRC38	1.0	8953
ENSG00000162496	15	DHRS3	1.0	8954
ENSG00000162510	15	MATN1	1.0	8955
ENSG00000162511	15	LAPTM5	1.0	8956
ENSG00000162512	15	SDC3	1.0	8957
ENSG00000162517	15	PEF1	1.0	8958
ENSG00000162520	15	SYNC	1.0	8959
ENSG00000162521	15	RBBP4	1.0	8960
ENSG00000162522	15	NHSL3	1.0	8961
ENSG00000162526	15	TSSK3	1.0	8962
ENSG00000162542	15	TMCO4	1.0	8963
ENSG00000162543	15	UBXN10	1.0	8964
ENSG00000162545	15	CAMK2N1	1.0	8965
ENSG00000162551	15	ALPL	1.0	8966
ENSG00000162552	15	WNT4	1.0	8967
ENSG00000162571	15	TTLL10	1.0	8968
ENSG00000162572	15	SCNN1D	1.0	8969
ENSG00000162576	15	MXRA8	1.0	8970
ENSG00000162591	15	MEGF6	1.0	8971
ENSG00000162595	15	DIRAS3	1.0	8972
ENSG00000162599	15	NFIA	1.0	8973
ENSG00000162600	15	OMA1	1.0	8974
ENSG00000162601	15	MYSM1	1.0	8975
ENSG00000162604	15	TM2D1	1.0	8976
ENSG00000162607	15	USP1	1.0	8977
ENSG00000162613	15	FUBP1	1.0	8978
ENSG00000162614	15	NEXN	1.0	8979
ENSG00000162616	15	DNAJB4	1.0	8980
ENSG00000162620	15	LRRIQ3	1.0	8981
ENSG00000162623	15	TYW3	1.0	8982
ENSG00000162627	15	SNX7	1.0	8983
ENSG00000162630	15	B3GALT2	1.0	8984
ENSG00000162631	15	NTNG1	1.0	8985
ENSG00000162636	15	EEIG2	1.0	8986
ENSG00000162639	15	HENMT1	1.0	8987
ENSG00000162641	15	AKNAD1	1.0	8988
ENSG00000162642	15	C1orf52	1.0	8989
ENSG00000162645	15	GBP2	1.0	8990
ENSG00000162650	15	ATXN7L2	1.0	8991
ENSG00000162654	15	GBP4	1.0	8992
ENSG00000162664	15	ZNF326	1.0	8993
ENSG00000162669	15	HFM1	1.0	8994
ENSG00000162670	15	BRINP3	1.0	8995
ENSG00000162676	15	GFI1	1.0	8996
ENSG00000162687	15	KCNT2	1.0	8997
ENSG00000162688	15	AGL	1.0	8998
ENSG00000162692	15	VCAM1	1.0	8999
ENSG00000162694	15	EXTL2	1.0	9000
ENSG00000162695	15	SLC30A7	1.0	9001
ENSG00000162702	15	ZNF281	1.0	9002
ENSG00000162704	15	ARPC5	1.0	9003
ENSG00000162706	15	CADM3	1.0	9004
ENSG00000162711	15	NLRP3	1.0	9005
ENSG00000162714	15	ZNF496	1.0	9006
ENSG00000162722	15	TRIM58	1.0	9007
ENSG00000162723	15	SLAMF9	1.0	9008
ENSG00000162729	15	IGSF8	1.0	9009
ENSG00000162733	15	DDR2	1.0	9010
ENSG00000162734	15	PEA15	1.0	9011
ENSG00000162735	15	PEX19	1.0	9012
ENSG00000162736	15	NCSTN	1.0	9013
ENSG00000162738	15	VANGL2	1.0	9014
ENSG00000162739	15	SLAMF6	1.0	9015
ENSG00000162745	15	OLFML2B	1.0	9016
ENSG00000162746	15	FCRLB	1.0	9017
ENSG00000162755	15	KLHDC9	1.0	9018
ENSG00000162757	15	C1orf74	1.0	9019
ENSG00000162769	15	FLVCR1	1.0	9020
ENSG00000162771	15	GARIN4	1.0	9021
ENSG00000162772	15	ATF3	1.0	9022
ENSG00000162775	15	RBM15	1.0	9023
ENSG00000162777	15	DENND2D	1.0	9024
ENSG00000162779	15	AXDND1	1.0	9025
ENSG00000162782	15	TDRD5	1.0	9026
ENSG00000162783	15	IER5	1.0	9027
ENSG00000162804	15	SNED1	1.0	9028
ENSG00000162813	15	BPNT1	1.0	9029
ENSG00000162814	15	SPATA17	1.0	9030
ENSG00000162817	15	C1orf115	1.0	9031
ENSG00000162819	15	BROX	1.0	9032
ENSG00000162825	15	NBPF20	1.0	9033
ENSG00000162836	15	ACP6	1.0	9034
ENSG00000162849	15	KIF26B	1.0	9035
ENSG00000162851	15	TFB2M	1.0	9036
ENSG00000162852	15	CNST	1.0	9037
ENSG00000162869	15	PPP1R21	1.0	9038
ENSG00000162873	15	KLHDC8A	1.0	9039
ENSG00000162877	15	PM20D1	1.0	9040
ENSG00000162878	15	PKDCC	1.0	9041
ENSG00000162881	15	OXER1	1.0	9042
ENSG00000162882	15	HAAO	1.0	9043
ENSG00000162885	15	B3GALNT2	1.0	9044
ENSG00000162889	15	MAPKAPK2	1.0	9045
ENSG00000162891	15	IL20	1.0	9046
ENSG00000162892	15	IL24	1.0	9047
ENSG00000162896	15	PIGR	1.0	9048
ENSG00000162909	15	CAPN2	1.0	9049
ENSG00000162910	15	MRPL55	1.0	9050
ENSG00000162923	15	WDR26	1.0	9051
ENSG00000162924	15	REL	1.0	9052
ENSG00000162927	15	PUS10	1.0	9053
ENSG00000162928	15	PEX13	1.0	9054
ENSG00000162931	15	TRIM17	1.0	9055
ENSG00000162944	15	RFTN2	1.0	9056
ENSG00000162946	15	DISC1	1.0	9057
ENSG00000162949	15	CAPN13	1.0	9058
ENSG00000162959	15	MEMO1	1.0	9059
ENSG00000162961	15	DPY30	1.0	9060
ENSG00000162971	15	TYW5	1.0	9061
ENSG00000162975	15	KCNF1	1.0	9062
ENSG00000162980	15	ARL5A	1.0	9063
ENSG00000162989	15	KCNJ3	1.0	9064
ENSG00000162994	15	CLHC1	1.0	9065
ENSG00000162998	15	FRZB	1.0	9066
ENSG00000162999	15	DUSP19	1.0	9067
ENSG00000163002	15	NUP35	1.0	9068
ENSG00000163006	15	CCDC138	1.0	9069
ENSG00000163013	15	FBXO41	1.0	9070
ENSG00000163017	15	ACTG2	1.0	9071
ENSG00000163029	15	SMC6	1.0	9072
ENSG00000163032	15	VSNL1	1.0	9073
ENSG00000163040	15	CCDC74A	1.0	9074
ENSG00000163053	15	SLC16A14	1.0	9075
ENSG00000163060	15	TEKT4	1.0	9076
ENSG00000163064	15	EN1	1.0	9077
ENSG00000163069	15	SGCB	1.0	9078
ENSG00000163071	15	SPATA18	1.0	9079
ENSG00000163072	15	NOSTRIN	1.0	9080
ENSG00000163082	15	SGPP2	1.0	9081
ENSG00000163083	15	INHBB	1.0	9082
ENSG00000163093	15	BBS5	1.0	9083
ENSG00000163104	15	SMARCAD1	1.0	9084
ENSG00000163106	15	HPGDS	1.0	9085
ENSG00000163110	15	PDLIM5	1.0	9086
ENSG00000163116	15	STPG2	1.0	9087
ENSG00000163125	15	RPRD2	1.0	9088
ENSG00000163126	15	ANKRD23	1.0	9089
ENSG00000163131	15	CTSS	1.0	9090
ENSG00000163132	15	MSX1	1.0	9091
ENSG00000163138	15	PACRGL	1.0	9092
ENSG00000163141	15	BNIPL	1.0	9093
ENSG00000163145	15	C1QTNF7	1.0	9094
ENSG00000163154	15	TNFAIP8L2	1.0	9095
ENSG00000163155	15	LYSMD1	1.0	9096
ENSG00000163156	15	SCNM1	1.0	9097
ENSG00000163159	15	VPS72	1.0	9098
ENSG00000163161	15	ERCC3	1.0	9099
ENSG00000163162	15	RNF149	1.0	9100
ENSG00000163166	15	IWS1	1.0	9101
ENSG00000163170	15	BOLA3	1.0	9102
ENSG00000163171	15	CDC42EP3	1.0	9103
ENSG00000163191	15	S100A11	1.0	9104
ENSG00000163209	15	SPRR3	1.0	9105
ENSG00000163214	15	DHX57	1.0	9106
ENSG00000163218	15	PGLYRP4	1.0	9107
ENSG00000163219	15	ARHGAP25	1.0	9108
ENSG00000163220	15	S100A9	1.0	9109
ENSG00000163235	15	TGFA	1.0	9110
ENSG00000163239	15	TDRD10	1.0	9111
ENSG00000163249	15	CCNYL1	1.0	9112
ENSG00000163251	15	FZD5	1.0	9113
ENSG00000163257	15	DCAF16	1.0	9114
ENSG00000163273	15	NPPC	1.0	9115
ENSG00000163281	15	GNPDA2	1.0	9116
ENSG00000163288	15	GABRB1	1.0	9117
ENSG00000163291	15	PAQR3	1.0	9118
ENSG00000163293	15	NIPAL1	1.0	9119
ENSG00000163297	15	ANTXR2	1.0	9120
ENSG00000163312	15	HELQ	1.0	9121
ENSG00000163319	15	MRPS18C	1.0	9122
ENSG00000163320	15	CGGBP1	1.0	9123
ENSG00000163328	15	GPR155	1.0	9124
ENSG00000163331	15	DAPL1	1.0	9125
ENSG00000163344	15	PMVK	1.0	9126
ENSG00000163346	15	PBXIP1	1.0	9127
ENSG00000163347	15	CLDN1	1.0	9128
ENSG00000163348	15	PYGO2	1.0	9129
ENSG00000163349	15	HIPK1	1.0	9130
ENSG00000163354	15	DCST2	1.0	9131
ENSG00000163357	15	DCST1	1.0	9132
ENSG00000163359	15	COL6A3	1.0	9133
ENSG00000163374	15	YY1AP1	1.0	9134
ENSG00000163376	15	KBTBD8	1.0	9135
ENSG00000163378	15	EOGT	1.0	9136
ENSG00000163380	15	LMOD3	1.0	9137
ENSG00000163389	15	POGLUT1	1.0	9138
ENSG00000163393	15	SLC22A15	1.0	9139
ENSG00000163395	15	IGFN1	1.0	9140
ENSG00000163399	15	ATP1A1	1.0	9141
ENSG00000163406	15	SLC15A2	1.0	9142
ENSG00000163412	15	EIF4E3	1.0	9143
ENSG00000163421	15	PROK2	1.0	9144
ENSG00000163428	15	LRRC58	1.0	9145
ENSG00000163430	15	FSTL1	1.0	9146
ENSG00000163431	15	LMOD1	1.0	9147
ENSG00000163435	15	ELF3	1.0	9148
ENSG00000163444	15	TMEM183A	1.0	9149
ENSG00000163449	15	TMEM169	1.0	9150
ENSG00000163453	15	IGFBP7	1.0	9151
ENSG00000163462	15	TRIM46	1.0	9152
ENSG00000163463	15	KRTCAP2	1.0	9153
ENSG00000163466	15	ARPC2	1.0	9154
ENSG00000163467	15	TSACC	1.0	9155
ENSG00000163468	15	CCT3	1.0	9156
ENSG00000163472	15	TMEM79	1.0	9157
ENSG00000163479	15	SSR2	1.0	9158
ENSG00000163481	15	RNF25	1.0	9159
ENSG00000163482	15	STK36	1.0	9160
ENSG00000163485	15	ADORA1	1.0	9161
ENSG00000163491	15	NEK10	1.0	9162
ENSG00000163492	15	CCDC141	1.0	9163
ENSG00000163497	15	FEV	1.0	9164
ENSG00000163508	15	EOMES	1.0	9165
ENSG00000163510	15	CWC22	1.0	9166
ENSG00000163512	15	AZI2	1.0	9167
ENSG00000163513	15	TGFBR2	1.0	9168
ENSG00000163516	15	ANKZF1	1.0	9169
ENSG00000163517	15	HDAC11	1.0	9170
ENSG00000163519	15	TRAT1	1.0	9171
ENSG00000163520	15	FBLN2	1.0	9172
ENSG00000163521	15	GLB1L	1.0	9173
ENSG00000163527	15	STT3B	1.0	9174
ENSG00000163528	15	CHCHD4	1.0	9175
ENSG00000163531	15	NFASC	1.0	9176
ENSG00000163536	15	SERPINI1	1.0	9177
ENSG00000163539	15	CLASP2	1.0	9178
ENSG00000163541	15	SUCLG1	1.0	9179
ENSG00000163545	15	NUAK2	1.0	9180
ENSG00000163558	15	PRKCI	1.0	9181
ENSG00000163563	15	MNDA	1.0	9182
ENSG00000163564	15	PYHIN1	1.0	9183
ENSG00000163565	15	IFI16	1.0	9184
ENSG00000163568	15	AIM2	1.0	9185
ENSG00000163576	15	EFHB	1.0	9186
ENSG00000163577	15	EIF5A2	1.0	9187
ENSG00000163584	15	RPL22L1	1.0	9188
ENSG00000163586	15	FABP1	1.0	9189
ENSG00000163590	15	PPM1L	1.0	9190
ENSG00000163596	15	ICA1L	1.0	9191
ENSG00000163599	15	CTLA4	1.0	9192
ENSG00000163600	15	ICOS	1.0	9193
ENSG00000163602	15	RYBP	1.0	9194
ENSG00000163605	15	PPP4R2	1.0	9195
ENSG00000163606	15	CD200R1	1.0	9196
ENSG00000163607	15	GTPBP8	1.0	9197
ENSG00000163611	15	SPICE1	1.0	9198
ENSG00000163618	15	CADPS	1.0	9199
ENSG00000163623	15	NKX6-1	1.0	9200
ENSG00000163624	15	CDS1	1.0	9201
ENSG00000163625	15	WDFY3	1.0	9202
ENSG00000163626	15	COX18	1.0	9203
ENSG00000163629	15	PTPN13	1.0	9204
ENSG00000163631	15	ALB	1.0	9205
ENSG00000163633	15	C4orf36	1.0	9206
ENSG00000163634	15	THOC7	1.0	9207
ENSG00000163636	15	PSMD6	1.0	9208
ENSG00000163637	15	PRICKLE2	1.0	9209
ENSG00000163638	15	ADAMTS9	1.0	9210
ENSG00000163644	15	PPM1K	1.0	9211
ENSG00000163655	15	GMPS	1.0	9212
ENSG00000163659	15	TIPARP	1.0	9213
ENSG00000163660	15	CCNL1	1.0	9214
ENSG00000163661	15	PTX3	1.0	9215
ENSG00000163666	15	HESX1	1.0	9216
ENSG00000163673	15	DCLK3	1.0	9217
ENSG00000163681	15	SLMAP	1.0	9218
ENSG00000163682	15	RPL9	1.0	9219
ENSG00000163683	15	SMIM14	1.0	9220
ENSG00000163684	15	RPP14	1.0	9221
ENSG00000163686	15	ABHD6	1.0	9222
ENSG00000163687	15	DNASE1L3	1.0	9223
ENSG00000163694	15	RBM47	1.0	9224
ENSG00000163697	15	APBB2	1.0	9225
ENSG00000163701	15	IL17RE	1.0	9226
ENSG00000163702	15	IL17RC	1.0	9227
ENSG00000163703	15	CRELD1	1.0	9228
ENSG00000163704	15	PRRT3	1.0	9229
ENSG00000163705	15	FANCD2OS	1.0	9230
ENSG00000163710	15	PCOLCE2	1.0	9231
ENSG00000163714	15	U2SURP	1.0	9232
ENSG00000163719	15	MTMR14	1.0	9233
ENSG00000163728	15	TTC14	1.0	9234
ENSG00000163734	15	CXCL3	1.0	9235
ENSG00000163735	15	CXCL5	1.0	9236
ENSG00000163738	15	MTHFD2L	1.0	9237
ENSG00000163739	15	CXCL1	1.0	9238
ENSG00000163743	15	RCHY1	1.0	9239
ENSG00000163746	15	PLSCR2	1.0	9240
ENSG00000163749	15	CCDC158	1.0	9241
ENSG00000163754	15	GYG1	1.0	9242
ENSG00000163755	15	HPS3	1.0	9243
ENSG00000163762	15	TM4SF18	1.0	9244
ENSG00000163781	15	TOPBP1	1.0	9245
ENSG00000163785	15	RYK	1.0	9246
ENSG00000163788	15	SNRK	1.0	9247
ENSG00000163792	15	TCF23	1.0	9248
ENSG00000163794	15	UCN	1.0	9249
ENSG00000163795	15	ZNF513	1.0	9250
ENSG00000163798	15	SLC4A1AP	1.0	9251
ENSG00000163803	15	PLB1	1.0	9252
ENSG00000163806	15	SPDYA	1.0	9253
ENSG00000163807	15	KIAA1143	1.0	9254
ENSG00000163808	15	KIF15	1.0	9255
ENSG00000163810	15	TGM4	1.0	9256
ENSG00000163811	15	WDR43	1.0	9257
ENSG00000163812	15	ZDHHC3	1.0	9258
ENSG00000163814	15	CDCP1	1.0	9259
ENSG00000163815	15	CLEC3B	1.0	9260
ENSG00000163817	15	SLC6A20	1.0	9261
ENSG00000163818	15	LZTFL1	1.0	9262
ENSG00000163820	15	FYCO1	1.0	9263
ENSG00000163823	15	CCR1	1.0	9264
ENSG00000163827	15	LRRC2	1.0	9265
ENSG00000163832	15	ELP6	1.0	9266
ENSG00000163840	15	DTX3L	1.0	9267
ENSG00000163848	15	ZNF148	1.0	9268
ENSG00000163864	15	NMNAT3	1.0	9269
ENSG00000163866	15	SMIM12	1.0	9270
ENSG00000163867	15	ZMYM6	1.0	9271
ENSG00000163870	15	TPRA1	1.0	9272
ENSG00000163872	15	YEATS2	1.0	9273
ENSG00000163873	15	GRIK3	1.0	9274
ENSG00000163874	15	ZC3H12A	1.0	9275
ENSG00000163875	15	MEAF6	1.0	9276
ENSG00000163877	15	SNIP1	1.0	9277
ENSG00000163879	15	DNALI1	1.0	9278
ENSG00000163882	15	POLR2H	1.0	9279
ENSG00000163884	15	KLF15	1.0	9280
ENSG00000163888	15	CAMK2N2	1.0	9281
ENSG00000163898	15	LIPH	1.0	9282
ENSG00000163900	15	TMEM41A	1.0	9283
ENSG00000163902	15	RPN1	1.0	9284
ENSG00000163904	15	SENP2	1.0	9285
ENSG00000163909	15	HEYL	1.0	9286
ENSG00000163913	15	IFT122	1.0	9287
ENSG00000163918	15	RFC4	1.0	9288
ENSG00000163923	15	RPL39L	1.0	9289
ENSG00000163930	15	BAP1	1.0	9290
ENSG00000163931	15	TKT	1.0	9291
ENSG00000163932	15	PRKCD	1.0	9292
ENSG00000163933	15	RFT1	1.0	9293
ENSG00000163935	15	SFMBT1	1.0	9294
ENSG00000163938	15	GNL3	1.0	9295
ENSG00000163939	15	PBRM1	1.0	9296
ENSG00000163945	15	UVSSA	1.0	9297
ENSG00000163947	15	ARHGEF3	1.0	9298
ENSG00000163950	15	SLBP	1.0	9299
ENSG00000163956	15	LRPAP1	1.0	9300
ENSG00000163958	15	ZDHHC19	1.0	9301
ENSG00000163959	15	SLC51A	1.0	9302
ENSG00000163960	15	UBXN7	1.0	9303
ENSG00000163961	15	RNF168	1.0	9304
ENSG00000163964	15	PIGX	1.0	9305
ENSG00000163993	15	S100P	1.0	9306
ENSG00000163995	15	ABLIM2	1.0	9307
ENSG00000164002	15	EXO5	1.0	9308
ENSG00000164007	15	CLDN19	1.0	9309
ENSG00000164008	15	C1orf50	1.0	9310
ENSG00000164010	15	ERMAP	1.0	9311
ENSG00000164011	15	ZNF691	1.0	9312
ENSG00000164022	15	AIMP1	1.0	9313
ENSG00000164023	15	SGMS2	1.0	9314
ENSG00000164024	15	METAP1	1.0	9315
ENSG00000164031	15	DNAJB14	1.0	9316
ENSG00000164035	15	EMCN	1.0	9317
ENSG00000164037	15	SLC9B1	1.0	9318
ENSG00000164038	15	SLC9B2	1.0	9319
ENSG00000164039	15	BDH2	1.0	9320
ENSG00000164040	15	PGRMC2	1.0	9321
ENSG00000164045	15	CDC25A	1.0	9322
ENSG00000164047	15	CAMP	1.0	9323
ENSG00000164048	15	ZNF589	1.0	9324
ENSG00000164050	15	PLXNB1	1.0	9325
ENSG00000164051	15	CCDC51	1.0	9326
ENSG00000164054	15	SHISA5	1.0	9327
ENSG00000164056	15	SPRY1	1.0	9328
ENSG00000164061	15	BSN	1.0	9329
ENSG00000164062	15	APEH	1.0	9330
ENSG00000164066	15	INTU	1.0	9331
ENSG00000164068	15	RNF123	1.0	9332
ENSG00000164070	15	HSPA4L	1.0	9333
ENSG00000164073	15	MFSD8	1.0	9334
ENSG00000164076	15	CAMKV	1.0	9335
ENSG00000164077	15	MON1A	1.0	9336
ENSG00000164078	15	MST1R	1.0	9337
ENSG00000164080	15	RAD54L2	1.0	9338
ENSG00000164081	15	TEX264	1.0	9339
ENSG00000164082	15	GRM2	1.0	9340
ENSG00000164086	15	DUSP7	1.0	9341
ENSG00000164087	15	POC1A	1.0	9342
ENSG00000164088	15	PPM1M	1.0	9343
ENSG00000164089	15	ETNPPL	1.0	9344
ENSG00000164091	15	WDR82	1.0	9345
ENSG00000164093	15	PITX2	1.0	9346
ENSG00000164096	15	C4orf3	1.0	9347
ENSG00000164099	15	PRSS12	1.0	9348
ENSG00000164104	15	HMGB2	1.0	9349
ENSG00000164105	15	SAP30	1.0	9350
ENSG00000164106	15	SCRG1	1.0	9351
ENSG00000164107	15	HAND2	1.0	9352
ENSG00000164109	15	MAD2L1	1.0	9353
ENSG00000164111	15	ANXA5	1.0	9354
ENSG00000164114	15	MAP9	1.0	9355
ENSG00000164117	15	FBXO8	1.0	9356
ENSG00000164118	15	CEP44	1.0	9357
ENSG00000164120	15	HPGD	1.0	9358
ENSG00000164124	15	TMEM144	1.0	9359
ENSG00000164128	15	NPY1R	1.0	9360
ENSG00000164129	15	NPY5R	1.0	9361
ENSG00000164134	15	NAA15	1.0	9362
ENSG00000164136	15	IL15	1.0	9363
ENSG00000164144	15	ARFIP1	1.0	9364
ENSG00000164161	15	HHIP	1.0	9365
ENSG00000164162	15	ANAPC10	1.0	9366
ENSG00000164163	15	ABCE1	1.0	9367
ENSG00000164164	15	OTUD4	1.0	9368
ENSG00000164167	15	LSM6	1.0	9369
ENSG00000164168	15	TMEM184C	1.0	9370
ENSG00000164171	15	ITGA2	1.0	9371
ENSG00000164172	15	MOCS2	1.0	9372
ENSG00000164176	15	EDIL3	1.0	9373
ENSG00000164180	15	TMEM161B	1.0	9374
ENSG00000164181	15	ELOVL7	1.0	9375
ENSG00000164182	15	NDUFAF2	1.0	9376
ENSG00000164185	15	ZNF474	1.0	9377
ENSG00000164187	15	LMBRD2	1.0	9378
ENSG00000164188	15	RANBP3L	1.0	9379
ENSG00000164190	15	NIPBL	1.0	9380
ENSG00000164197	15	RNF180	1.0	9381
ENSG00000164209	15	SLC25A46	1.0	9382
ENSG00000164211	15	STARD4	1.0	9383
ENSG00000164219	15	PGGT1B	1.0	9384
ENSG00000164220	15	F2RL2	1.0	9385
ENSG00000164221	15	CCDC112	1.0	9386
ENSG00000164236	15	ANKRD33B	1.0	9387
ENSG00000164237	15	CMBL	1.0	9388
ENSG00000164241	15	C5orf63	1.0	9389
ENSG00000164244	15	PRRC1	1.0	9390
ENSG00000164251	15	F2RL1	1.0	9391
ENSG00000164252	15	AGGF1	1.0	9392
ENSG00000164253	15	WDR41	1.0	9393
ENSG00000164258	15	NDUFS4	1.0	9394
ENSG00000164265	15	SCGB3A2	1.0	9395
ENSG00000164266	15	SPINK1	1.0	9396
ENSG00000164283	15	ESM1	1.0	9397
ENSG00000164284	15	GRPEL2	1.0	9398
ENSG00000164287	15	CDC20B	1.0	9399
ENSG00000164291	15	ARSK	1.0	9400
ENSG00000164292	15	RHOBTB3	1.0	9401
ENSG00000164294	15	GPX8	1.0	9402
ENSG00000164296	15	TIGD6	1.0	9403
ENSG00000164300	15	SERINC5	1.0	9404
ENSG00000164303	15	ENPP6	1.0	9405
ENSG00000164304	15	CAGE1	1.0	9406
ENSG00000164305	15	CASP3	1.0	9407
ENSG00000164306	15	PRIMPOL	1.0	9408
ENSG00000164307	15	ERAP1	1.0	9409
ENSG00000164308	15	ERAP2	1.0	9410
ENSG00000164309	15	CMYA5	1.0	9411
ENSG00000164318	15	EGFLAM	1.0	9412
ENSG00000164327	15	RICTOR	1.0	9413
ENSG00000164330	15	EBF1	1.0	9414
ENSG00000164331	15	ANKRA2	1.0	9415
ENSG00000164332	15	UBLCP1	1.0	9416
ENSG00000164338	15	UTP15	1.0	9417
ENSG00000164342	15	TLR3	1.0	9418
ENSG00000164346	15	NSA2	1.0	9419
ENSG00000164347	15	GFM2	1.0	9420
ENSG00000164366	15	CCDC127	1.0	9421
ENSG00000164379	15	FOXQ1	1.0	9422
ENSG00000164398	15	ACSL6	1.0	9423
ENSG00000164400	15	CSF2	1.0	9424
ENSG00000164403	15	SHROOM1	1.0	9425
ENSG00000164404	15	GDF9	1.0	9426
ENSG00000164405	15	UQCRQ	1.0	9427
ENSG00000164406	15	LEAP2	1.0	9428
ENSG00000164411	15	GJB7	1.0	9429
ENSG00000164414	15	SLC35A1	1.0	9430
ENSG00000164418	15	GRIK2	1.0	9431
ENSG00000164434	15	FABP7	1.0	9432
ENSG00000164440	15	TXLNB	1.0	9433
ENSG00000164442	15	CITED2	1.0	9434
ENSG00000164463	15	CREBRF	1.0	9435
ENSG00000164465	15	DCBLD1	1.0	9436
ENSG00000164466	15	SFXN1	1.0	9437
ENSG00000164483	15	SAMD3	1.0	9438
ENSG00000164484	15	TMEM200A	1.0	9439
ENSG00000164485	15	IL22RA2	1.0	9440
ENSG00000164488	15	DACT2	1.0	9441
ENSG00000164494	15	PDSS2	1.0	9442
ENSG00000164506	15	STXBP5	1.0	9443
ENSG00000164512	15	ANKRD55	1.0	9444
ENSG00000164520	15	RAET1E	1.0	9445
ENSG00000164530	15	PI16	1.0	9446
ENSG00000164535	15	DAGLB	1.0	9447
ENSG00000164542	15	MATCAP2	1.0	9448
ENSG00000164543	15	STK17A	1.0	9449
ENSG00000164548	15	TRA2A	1.0	9450
ENSG00000164574	15	GALNT10	1.0	9451
ENSG00000164576	15	SAP30L	1.0	9452
ENSG00000164587	15	RPS14	1.0	9453
ENSG00000164588	15	HCN1	1.0	9454
ENSG00000164591	15	MYOZ3	1.0	9455
ENSG00000164597	15	COG5	1.0	9456
ENSG00000164604	15	GPR85	1.0	9457
ENSG00000164609	15	SLU7	1.0	9458
ENSG00000164610	15	RP9	1.0	9459
ENSG00000164611	15	PTTG1	1.0	9460
ENSG00000164615	15	CAMLG	1.0	9461
ENSG00000164619	15	BMPER	1.0	9462
ENSG00000164620	15	RELL2	1.0	9463
ENSG00000164621	15	SMAD5-AS1	1.0	9464
ENSG00000164626	15	KCNK5	1.0	9465
ENSG00000164627	15	KIF6	1.0	9466
ENSG00000164631	15	ZNF12	1.0	9467
ENSG00000164638	15	SLC29A4	1.0	9468
ENSG00000164647	15	STEAP1	1.0	9469
ENSG00000164649	15	CDCA7L	1.0	9470
ENSG00000164654	15	MIOS	1.0	9471
ENSG00000164663	15	USP49	1.0	9472
ENSG00000164674	15	SYTL3	1.0	9473
ENSG00000164675	15	IQUB	1.0	9474
ENSG00000164683	15	HEY1	1.0	9475
ENSG00000164684	15	ZNF704	1.0	9476
ENSG00000164687	15	FABP5	1.0	9477
ENSG00000164691	15	TAGAP	1.0	9478
ENSG00000164692	15	COL1A2	1.0	9479
ENSG00000164694	15	FNDC1	1.0	9480
ENSG00000164695	15	CHMP4C	1.0	9481
ENSG00000164707	15	SLC13A4	1.0	9482
ENSG00000164708	15	PGAM2	1.0	9483
ENSG00000164713	15	BRI3	1.0	9484
ENSG00000164715	15	LMTK2	1.0	9485
ENSG00000164733	15	CTSB	1.0	9486
ENSG00000164736	15	SOX17	1.0	9487
ENSG00000164741	15	DLC1	1.0	9488
ENSG00000164742	15	ADCY1	1.0	9489
ENSG00000164743	15	C8orf48	1.0	9490
ENSG00000164749	15	HNF4G	1.0	9491
ENSG00000164751	15	PEX2	1.0	9492
ENSG00000164754	15	RAD21	1.0	9493
ENSG00000164756	15	SLC30A8	1.0	9494
ENSG00000164758	15	MED30	1.0	9495
ENSG00000164761	15	TNFRSF11B	1.0	9496
ENSG00000164764	15	SBSPON	1.0	9497
ENSG00000164776	15	PHKG1	1.0	9498
ENSG00000164778	15	EN2	1.0	9499
ENSG00000164796	15	CSMD3	1.0	9500
ENSG00000164808	15	SPIDR	1.0	9501
ENSG00000164815	15	ORC5	1.0	9502
ENSG00000164823	15	OSGIN2	1.0	9503
ENSG00000164825	15	DEFB1	1.0	9504
ENSG00000164828	15	SUN1	1.0	9505
ENSG00000164830	15	OXR1	1.0	9506
ENSG00000164841	15	TMEM74	1.0	9507
ENSG00000164849	15	GPR146	1.0	9508
ENSG00000164850	15	GPER1	1.0	9509
ENSG00000164855	15	TMEM184A	1.0	9510
ENSG00000164867	15	NOS3	1.0	9511
ENSG00000164877	15	MICALL2	1.0	9512
ENSG00000164879	15	CA3	1.0	9513
ENSG00000164880	15	INTS1	1.0	9514
ENSG00000164885	15	CDK5	1.0	9515
ENSG00000164889	15	SLC4A2	1.0	9516
ENSG00000164896	15	FASTK	1.0	9517
ENSG00000164897	15	TMUB1	1.0	9518
ENSG00000164902	15	PHAX	1.0	9519
ENSG00000164904	15	ALDH7A1	1.0	9520
ENSG00000164916	15	FOXK1	1.0	9521
ENSG00000164919	15	COX6C	1.0	9522
ENSG00000164920	15	OSR2	1.0	9523
ENSG00000164924	15	YWHAZ	1.0	9524
ENSG00000164929	15	BAALC	1.0	9525
ENSG00000164930	15	FZD6	1.0	9526
ENSG00000164932	15	CTHRC1	1.0	9527
ENSG00000164933	15	SLC25A32	1.0	9528
ENSG00000164934	15	DCAF13	1.0	9529
ENSG00000164935	15	DCSTAMP	1.0	9530
ENSG00000164938	15	TP53INP1	1.0	9531
ENSG00000164941	15	INTS8	1.0	9532
ENSG00000164946	15	FREM1	1.0	9533
ENSG00000164949	15	GEM	1.0	9534
ENSG00000164951	15	PDP1	1.0	9535
ENSG00000164953	15	TMEM67	1.0	9536
ENSG00000164967	15	RPP25L	1.0	9537
ENSG00000164970	15	FAM219A	1.0	9538
ENSG00000164972	15	SPMIP6	1.0	9539
ENSG00000164975	15	SNAPC3	1.0	9540
ENSG00000164978	15	NUDT2	1.0	9541
ENSG00000164983	15	TMEM65	1.0	9542
ENSG00000164985	15	PSIP1	1.0	9543
ENSG00000164989	15	CCDC171	1.0	9544
ENSG00000165006	15	UBAP1	1.0	9545
ENSG00000165023	15	DIRAS2	1.0	9546
ENSG00000165025	15	SYK	1.0	9547
ENSG00000165028	15	NIPSNAP3B	1.0	9548
ENSG00000165029	15	ABCA1	1.0	9549
ENSG00000165030	15	NFIL3	1.0	9550
ENSG00000165046	15	LETM2	1.0	9551
ENSG00000165055	15	METTL2B	1.0	9552
ENSG00000165060	15	FXN	1.0	9553
ENSG00000165061	15	ZMAT4	1.0	9554
ENSG00000165071	15	TMEM71	1.0	9555
ENSG00000165072	15	MAMDC2	1.0	9556
ENSG00000165078	15	CPA6	1.0	9557
ENSG00000165084	15	C8orf34	1.0	9558
ENSG00000165091	15	TMC1	1.0	9559
ENSG00000165092	15	ALDH1A1	1.0	9560
ENSG00000165097	15	KDM1B	1.0	9561
ENSG00000165102	15	HGSNAT	1.0	9562
ENSG00000165105	15	RASEF	1.0	9563
ENSG00000165113	15	GKAP1	1.0	9564
ENSG00000165115	15	KIF27	1.0	9565
ENSG00000165118	15	QNG1	1.0	9566
ENSG00000165119	15	HNRNPK	1.0	9567
ENSG00000165124	15	SVEP1	1.0	9568
ENSG00000165125	15	TRPV6	1.0	9569
ENSG00000165138	15	ANKS6	1.0	9570
ENSG00000165140	15	FBP1	1.0	9571
ENSG00000165156	15	ZHX1	1.0	9572
ENSG00000165169	15	DYNLT3	1.0	9573
ENSG00000165175	15	MID1IP1	1.0	9574
ENSG00000165182	15	CXorf58	1.0	9575
ENSG00000165185	15	KIAA1958	1.0	9576
ENSG00000165186	15	PTCHD1	1.0	9577
ENSG00000165188	15	RNF183	1.0	9578
ENSG00000165192	15	ASB11	1.0	9579
ENSG00000165194	15	PCDH19	1.0	9580
ENSG00000165195	15	PIGA	1.0	9581
ENSG00000165209	15	STRBP	1.0	9582
ENSG00000165215	15	CLDN3	1.0	9583
ENSG00000165219	15	GAPVD1	1.0	9584
ENSG00000165238	15	WNK2	1.0	9585
ENSG00000165240	15	ATP7A	1.0	9586
ENSG00000165244	15	ZNF367	1.0	9587
ENSG00000165259	15	HDX	1.0	9588
ENSG00000165264	15	NDUFB6	1.0	9589
ENSG00000165269	15	AQP7	1.0	9590
ENSG00000165271	15	NOL6	1.0	9591
ENSG00000165272	15	AQP3	1.0	9592
ENSG00000165275	15	TRMT10B	1.0	9593
ENSG00000165280	15	VCP	1.0	9594
ENSG00000165282	15	PIGO	1.0	9595
ENSG00000165283	15	STOML2	1.0	9596
ENSG00000165288	15	BRWD3	1.0	9597
ENSG00000165300	15	SLITRK5	1.0	9598
ENSG00000165304	15	MELK	1.0	9599
ENSG00000165309	15	ARMC3	1.0	9600
ENSG00000165312	15	OTUD1	1.0	9601
ENSG00000165322	15	ARHGAP12	1.0	9602
ENSG00000165323	15	FAT3	1.0	9603
ENSG00000165338	15	HECTD2	1.0	9604
ENSG00000165349	15	SLC7A3	1.0	9605
ENSG00000165355	15	FBXO33	1.0	9606
ENSG00000165379	15	LRFN5	1.0	9607
ENSG00000165383	15	LRRC18	1.0	9608
ENSG00000165392	15	WRN	1.0	9609
ENSG00000165409	15	TSHR	1.0	9610
ENSG00000165410	15	CFL2	1.0	9611
ENSG00000165416	15	SUGT1	1.0	9612
ENSG00000165417	15	GTF2A1	1.0	9613
ENSG00000165424	15	ZCCHC24	1.0	9614
ENSG00000165434	15	PGM2L1	1.0	9615
ENSG00000165443	15	PHYHIPL	1.0	9616
ENSG00000165449	15	SLC16A9	1.0	9617
ENSG00000165457	15	FOLR2	1.0	9618
ENSG00000165458	15	INPPL1	1.0	9619
ENSG00000165474	15	GJB2	1.0	9620
ENSG00000165475	15	CRYL1	1.0	9621
ENSG00000165476	15	REEP3	1.0	9622
ENSG00000165478	15	HEPACAM	1.0	9623
ENSG00000165480	15	SKA3	1.0	9624
ENSG00000165487	15	MICU2	1.0	9625
ENSG00000165494	15	PCF11	1.0	9626
ENSG00000165495	15	PKNOX2	1.0	9627
ENSG00000165501	15	LRR1	1.0	9628
ENSG00000165502	15	RPL36AL	1.0	9629
ENSG00000165506	15	DNAAF2	1.0	9630
ENSG00000165512	15	ZNF22	1.0	9631
ENSG00000165516	15	KLHDC2	1.0	9632
ENSG00000165521	15	EML5	1.0	9633
ENSG00000165525	15	NEMF	1.0	9634
ENSG00000165526	15	RPUSD4	1.0	9635
ENSG00000165527	15	ARF6	1.0	9636
ENSG00000165533	15	TTC8	1.0	9637
ENSG00000165548	15	TMEM63C	1.0	9638
ENSG00000165566	15	AMER2	1.0	9639
ENSG00000165568	15	AKR1E2	1.0	9640
ENSG00000165572	15	KBTBD6	1.0	9641
ENSG00000165591	15	FAAH2	1.0	9642
ENSG00000165609	15	NUDT5	1.0	9643
ENSG00000165617	15	DACT1	1.0	9644
ENSG00000165621	15	OXGR1	1.0	9645
ENSG00000165626	15	BEND7	1.0	9646
ENSG00000165630	15	PRPF18	1.0	9647
ENSG00000165632	15	TAF3	1.0	9648
ENSG00000165633	15	VSTM4	1.0	9649
ENSG00000165637	15	VDAC2	1.0	9650
ENSG00000165644	15	COMTD1	1.0	9651
ENSG00000165646	15	SLC18A2	1.0	9652
ENSG00000165650	15	PDZD8	1.0	9653
ENSG00000165655	15	ZNF503	1.0	9654
ENSG00000165661	15	QSOX2	1.0	9655
ENSG00000165669	15	FAM204A	1.0	9656
ENSG00000165671	15	NSD1	1.0	9657
ENSG00000165672	15	PRDX3	1.0	9658
ENSG00000165675	15	ENOX2	1.0	9659
ENSG00000165678	15	GHITM	1.0	9660
ENSG00000165684	15	SNAPC4	1.0	9661
ENSG00000165685	15	TMEM52B	1.0	9662
ENSG00000165688	15	PMPCA	1.0	9663
ENSG00000165695	15	AK8	1.0	9664
ENSG00000165699	15	TSC1	1.0	9665
ENSG00000165702	15	GFI1B	1.0	9666
ENSG00000165704	15	HPRT1	1.0	9667
ENSG00000165724	15	ZMYND19	1.0	9668
ENSG00000165730	15	STOX1	1.0	9669
ENSG00000165731	15	RET	1.0	9670
ENSG00000165732	15	DDX21	1.0	9671
ENSG00000165733	15	BMS1	1.0	9672
ENSG00000165752	15	STK32C	1.0	9673
ENSG00000165775	15	FUNDC2	1.0	9674
ENSG00000165792	15	METTL17	1.0	9675
ENSG00000165794	15	SLC39A2	1.0	9676
ENSG00000165795	15	NDRG2	1.0	9677
ENSG00000165799	15	RNASE7	1.0	9678
ENSG00000165801	15	ARHGEF40	1.0	9679
ENSG00000165802	15	NSMF	1.0	9680
ENSG00000165804	15	ZNF219	1.0	9681
ENSG00000165805	15	C12orf50	1.0	9682
ENSG00000165806	15	CASP7	1.0	9683
ENSG00000165807	15	PPP1R36	1.0	9684
ENSG00000165810	15	BTNL9	1.0	9685
ENSG00000165816	15	VWA2	1.0	9686
ENSG00000165819	15	METTL3	1.0	9687
ENSG00000165821	15	SALL2	1.0	9688
ENSG00000165832	15	TRUB1	1.0	9689
ENSG00000165861	15	ZFYVE1	1.0	9690
ENSG00000165863	15	SPMIP5	1.0	9691
ENSG00000165868	15	HSPA12A	1.0	9692
ENSG00000165879	15	FRAT1	1.0	9693
ENSG00000165886	15	UBTD1	1.0	9694
ENSG00000165887	15	ANKRD2	1.0	9695
ENSG00000165891	15	E2F7	1.0	9696
ENSG00000165895	15	ARHGAP42	1.0	9697
ENSG00000165898	15	ISCA2	1.0	9698
ENSG00000165899	15	OTOGL	1.0	9699
ENSG00000165912	15	PACSIN3	1.0	9700
ENSG00000165914	15	TTC7B	1.0	9701
ENSG00000165915	15	SLC39A13	1.0	9702
ENSG00000165916	15	PSMC3	1.0	9703
ENSG00000165917	15	RAPSN	1.0	9704
ENSG00000165923	15	AGBL2	1.0	9705
ENSG00000165929	15	TC2N	1.0	9706
ENSG00000165934	15	CPSF2	1.0	9707
ENSG00000165935	15	SMCO2	1.0	9708
ENSG00000165943	15	MOAP1	1.0	9709
ENSG00000165948	15	IFI27L1	1.0	9710
ENSG00000165949	15	IFI27	1.0	9711
ENSG00000165953	15	SERPINA12	1.0	9712
ENSG00000165959	15	CLMN	1.0	9713
ENSG00000165966	15	PDZRN4	1.0	9714
ENSG00000165972	15	CCDC38	1.0	9715
ENSG00000165973	15	NELL1	1.0	9716
ENSG00000165983	15	PTER	1.0	9717
ENSG00000165995	15	CACNB2	1.0	9718
ENSG00000165997	15	ARL5B	1.0	9719
ENSG00000166002	15	SMCO4	1.0	9720
ENSG00000166006	15	KCNC2	1.0	9721
ENSG00000166012	15	TAF1D	1.0	9722
ENSG00000166016	15	ABTB2	1.0	9723
ENSG00000166024	15	R3HCC1L	1.0	9724
ENSG00000166025	15	AMOTL1	1.0	9725
ENSG00000166033	15	HTRA1	1.0	9726
ENSG00000166035	15	LIPC	1.0	9727
ENSG00000166037	15	CEP57	1.0	9728
ENSG00000166046	15	TCP11L2	1.0	9729
ENSG00000166068	15	SPRED1	1.0	9730
ENSG00000166073	15	GPR176	1.0	9731
ENSG00000166086	15	JAM3	1.0	9732
ENSG00000166091	15	CMTM5	1.0	9733
ENSG00000166105	15	GLB1L3	1.0	9734
ENSG00000166106	15	ADAMTS15	1.0	9735
ENSG00000166111	15	SVOP	1.0	9736
ENSG00000166123	15	GPT2	1.0	9737
ENSG00000166126	15	AMN	1.0	9738
ENSG00000166128	15	RAB8B	1.0	9739
ENSG00000166130	15	IKBIP	1.0	9740
ENSG00000166133	15	RPUSD2	1.0	9741
ENSG00000166135	15	HIF1AN	1.0	9742
ENSG00000166136	15	NDUFB8	1.0	9743
ENSG00000166140	15	ZFYVE19	1.0	9744
ENSG00000166143	15	PPP1R14D	1.0	9745
ENSG00000166145	15	SPINT1	1.0	9746
ENSG00000166147	15	FBN1	1.0	9747
ENSG00000166148	15	AVPR1A	1.0	9748
ENSG00000166153	15	DEPDC4	1.0	9749
ENSG00000166164	15	BRD7	1.0	9750
ENSG00000166165	15	CKB	1.0	9751
ENSG00000166166	15	TRMT61A	1.0	9752
ENSG00000166167	15	BTRC	1.0	9753
ENSG00000166169	15	POLL	1.0	9754
ENSG00000166170	15	BAG5	1.0	9755
ENSG00000166171	15	DPCD	1.0	9756
ENSG00000166173	15	LARP6	1.0	9757
ENSG00000166181	15	API5	1.0	9758
ENSG00000166183	15	ASPG	1.0	9759
ENSG00000166188	15	ZNF319	1.0	9760
ENSG00000166189	15	HPS6	1.0	9761
ENSG00000166192	15	SENP8	1.0	9762
ENSG00000166197	15	NOLC1	1.0	9763
ENSG00000166199	15	ALKBH3	1.0	9764
ENSG00000166200	15	COPS2	1.0	9765
ENSG00000166206	15	GABRB3	1.0	9766
ENSG00000166224	15	SGPL1	1.0	9767
ENSG00000166225	15	FRS2	1.0	9768
ENSG00000166226	15	CCT2	1.0	9769
ENSG00000166228	15	PCBD1	1.0	9770
ENSG00000166233	15	ARIH1	1.0	9771
ENSG00000166250	15	CLMP	1.0	9772
ENSG00000166257	15	SCN3B	1.0	9773
ENSG00000166260	15	COX11	1.0	9774
ENSG00000166261	15	ZNF202	1.0	9775
ENSG00000166262	15	FAM227B	1.0	9776
ENSG00000166263	15	STXBP4	1.0	9777
ENSG00000166265	15	CYYR1	1.0	9778
ENSG00000166266	15	CUL5	1.0	9779
ENSG00000166268	15	MYRFL	1.0	9780
ENSG00000166272	15	WBP1L	1.0	9781
ENSG00000166278	15	C2	1.0	9782
ENSG00000166289	15	PLEKHF1	1.0	9783
ENSG00000166292	15	TMEM100	1.0	9784
ENSG00000166295	15	ANAPC16	1.0	9785
ENSG00000166311	15	SMPD1	1.0	9786
ENSG00000166313	15	APBB1	1.0	9787
ENSG00000166317	15	SYNPO2L	1.0	9788
ENSG00000166321	15	NUDT13	1.0	9789
ENSG00000166323	15	C11orf65	1.0	9790
ENSG00000166326	15	TRIM44	1.0	9791
ENSG00000166333	15	ILK	1.0	9792
ENSG00000166337	15	TAF10	1.0	9793
ENSG00000166340	15	TPP1	1.0	9794
ENSG00000166341	15	DCHS1	1.0	9795
ENSG00000166343	15	MSS51	1.0	9796
ENSG00000166347	15	CYB5A	1.0	9797
ENSG00000166348	15	USP54	1.0	9798
ENSG00000166349	15	RAG1	1.0	9799
ENSG00000166377	15	ATP9B	1.0	9800
ENSG00000166387	15	PPFIBP2	1.0	9801
ENSG00000166391	15	MOGAT2	1.0	9802
ENSG00000166394	15	CYB5R2	1.0	9803
ENSG00000166396	15	SERPINB7	1.0	9804
ENSG00000166401	15	SERPINB8	1.0	9805
ENSG00000166402	15	TUB	1.0	9806
ENSG00000166405	15	RIC3	1.0	9807
ENSG00000166407	15	LMO1	1.0	9808
ENSG00000166411	15	IDH3A	1.0	9809
ENSG00000166415	15	WDR72	1.0	9810
ENSG00000166426	15	CRABP1	1.0	9811
ENSG00000166428	15	PLD4	1.0	9812
ENSG00000166432	15	ZMAT1	1.0	9813
ENSG00000166435	15	XRRA1	1.0	9814
ENSG00000166436	15	TRIM66	1.0	9815
ENSG00000166439	15	RNF169	1.0	9816
ENSG00000166441	15	RPL27A	1.0	9817
ENSG00000166446	15	CDYL2	1.0	9818
ENSG00000166448	15	TMEM130	1.0	9819
ENSG00000166450	15	PRTG	1.0	9820
ENSG00000166451	15	CENPN	1.0	9821
ENSG00000166452	15	AKIP1	1.0	9822
ENSG00000166454	15	ATMIN	1.0	9823
ENSG00000166471	15	TMEM41B	1.0	9824
ENSG00000166477	15	LEO1	1.0	9825
ENSG00000166478	15	ZNF143	1.0	9826
ENSG00000166479	15	TMX3	1.0	9827
ENSG00000166482	15	MFAP4	1.0	9828
ENSG00000166483	15	WEE1	1.0	9829
ENSG00000166484	15	MAPK7	1.0	9830
ENSG00000166501	15	PRKCB	1.0	9831
ENSG00000166507	15	NDST2	1.0	9832
ENSG00000166508	15	MCM7	1.0	9833
ENSG00000166510	15	CCDC68	1.0	9834
ENSG00000166523	15	CLEC4E	1.0	9835
ENSG00000166526	15	ZNF3	1.0	9836
ENSG00000166529	15	ZSCAN21	1.0	9837
ENSG00000166532	15	RIMKLB	1.0	9838
ENSG00000166535	15	A2ML1	1.0	9839
ENSG00000166546	15	BEAN1	1.0	9840
ENSG00000166548	15	TK2	1.0	9841
ENSG00000166557	15	TMED3	1.0	9842
ENSG00000166562	15	SEC11C	1.0	9843
ENSG00000166573	15	GALR1	1.0	9844
ENSG00000166575	15	TMEM135	1.0	9845
ENSG00000166578	15	IQCD	1.0	9846
ENSG00000166579	15	NDEL1	1.0	9847
ENSG00000166582	15	CENPV	1.0	9848
ENSG00000166589	15	CDH16	1.0	9849
ENSG00000166592	15	RRAD	1.0	9850
ENSG00000166598	15	HSP90B1	1.0	9851
ENSG00000166619	15	BLCAP	1.0	9852
ENSG00000166669	15	ATF7IP2	1.0	9853
ENSG00000166670	15	MMP10	1.0	9854
ENSG00000166676	15	TVP23A	1.0	9855
ENSG00000166682	15	TMPRSS5	1.0	9856
ENSG00000166685	15	COG1	1.0	9857
ENSG00000166689	15	PLEKHA7	1.0	9858
ENSG00000166704	15	ZNF606	1.0	9859
ENSG00000166707	15	ZCCHC18	1.0	9860
ENSG00000166710	15	B2M	1.0	9861
ENSG00000166716	15	ZNF592	1.0	9862
ENSG00000166741	15	NNMT	1.0	9863
ENSG00000166743	15	ACSM1	1.0	9864
ENSG00000166747	15	AP1G1	1.0	9865
ENSG00000166750	15	SLFN5	1.0	9866
ENSG00000166762	15	CATSPER2	1.0	9867
ENSG00000166770	15	ZNF667-AS1	1.0	9868
ENSG00000166788	15	SAAL1	1.0	9869
ENSG00000166793	15	YPEL4	1.0	9870
ENSG00000166794	15	PPIB	1.0	9871
ENSG00000166796	15	LDHC	1.0	9872
ENSG00000166801	15	FAM111A	1.0	9873
ENSG00000166813	15	KIF7	1.0	9874
ENSG00000166816	15	LDHD	1.0	9875
ENSG00000166819	15	PLIN1	1.0	9876
ENSG00000166821	15	PEX11A	1.0	9877
ENSG00000166822	15	TMEM170A	1.0	9878
ENSG00000166823	15	MESP1	1.0	9879
ENSG00000166825	15	ANPEP	1.0	9880
ENSG00000166828	15	SCNN1G	1.0	9881
ENSG00000166831	15	RBPMS2	1.0	9882
ENSG00000166833	15	NAV2	1.0	9883
ENSG00000166839	15	ANKDD1A	1.0	9884
ENSG00000166840	15	GLYATL1	1.0	9885
ENSG00000166845	15	C18orf54	1.0	9886
ENSG00000166847	15	DCTN5	1.0	9887
ENSG00000166848	15	TERF2IP	1.0	9888
ENSG00000166851	15	PLK1	1.0	9889
ENSG00000166855	15	CLPX	1.0	9890
ENSG00000166860	15	ZBTB39	1.0	9891
ENSG00000166886	15	NAB2	1.0	9892
ENSG00000166887	15	VPS39	1.0	9893
ENSG00000166888	15	STAT6	1.0	9894
ENSG00000166889	15	PATL1	1.0	9895
ENSG00000166900	15	STX3	1.0	9896
ENSG00000166902	15	MRPL16	1.0	9897
ENSG00000166908	15	PIP4K2C	1.0	9898
ENSG00000166912	15	MTMR10	1.0	9899
ENSG00000166913	15	YWHAB	1.0	9900
ENSG00000166920	15	C15orf48	1.0	9901
ENSG00000166922	15	SCG5	1.0	9902
ENSG00000166923	15	GREM1	1.0	9903
ENSG00000166924	15	NYAP1	1.0	9904
ENSG00000166925	15	TSC22D4	1.0	9905
ENSG00000166928	15	MS4A14	1.0	9906
ENSG00000166938	15	DIS3L	1.0	9907
ENSG00000166946	15	CCNDBP1	1.0	9908
ENSG00000166949	15	SMAD3	1.0	9909
ENSG00000166960	15	CCDC178	1.0	9910
ENSG00000166963	15	MAP1A	1.0	9911
ENSG00000166965	15	RCCD1	1.0	9912
ENSG00000166971	15	AKTIP	1.0	9913
ENSG00000166974	15	MAPRE2	1.0	9914
ENSG00000166979	15	EVA1C	1.0	9915
ENSG00000166987	15	MBD6	1.0	9916
ENSG00000166997	15	CNPY4	1.0	9917
ENSG00000167004	15	PDIA3	1.0	9918
ENSG00000167005	15	NUDT21	1.0	9919
ENSG00000167034	15	NKX3-1	1.0	9920
ENSG00000167037	15	SGSM1	1.0	9921
ENSG00000167065	15	DUSP18	1.0	9922
ENSG00000167074	15	TEF	1.0	9923
ENSG00000167077	15	MEI1	1.0	9924
ENSG00000167081	15	PBX3	1.0	9925
ENSG00000167083	15	GNGT2	1.0	9926
ENSG00000167085	15	PHB1	1.0	9927
ENSG00000167088	15	SNRPD1	1.0	9928
ENSG00000167094	15	TTC16	1.0	9929
ENSG00000167100	15	SAMD14	1.0	9930
ENSG00000167103	15	PIP5KL1	1.0	9931
ENSG00000167105	15	TMEM92	1.0	9932
ENSG00000167106	15	EEIG1	1.0	9933
ENSG00000167107	15	ACSF2	1.0	9934
ENSG00000167110	15	GOLGA2	1.0	9935
ENSG00000167112	15	TRUB2	1.0	9936
ENSG00000167113	15	COQ4	1.0	9937
ENSG00000167114	15	SLC27A4	1.0	9938
ENSG00000167118	15	URM1	1.0	9939
ENSG00000167123	15	CERCAM	1.0	9940
ENSG00000167130	15	DOLPP1	1.0	9941
ENSG00000167136	15	ENDOG	1.0	9942
ENSG00000167157	15	PRRX2	1.0	9943
ENSG00000167173	15	C15orf39	1.0	9944
ENSG00000167178	15	ISLR2	1.0	9945
ENSG00000167182	15	SP2	1.0	9946
ENSG00000167183	15	PRR15L	1.0	9947
ENSG00000167186	15	COQ7	1.0	9948
ENSG00000167191	15	GPRC5B	1.0	9949
ENSG00000167193	15	CRK	1.0	9950
ENSG00000167196	15	FBXO22	1.0	9951
ENSG00000167202	15	TBC1D2B	1.0	9952
ENSG00000167207	15	NOD2	1.0	9953
ENSG00000167208	15	SNX20	1.0	9954
ENSG00000167216	15	KATNAL2	1.0	9955
ENSG00000167220	15	HDHD2	1.0	9956
ENSG00000167232	15	ZNF91	1.0	9957
ENSG00000167257	15	RNF214	1.0	9958
ENSG00000167258	15	CDK12	1.0	9959
ENSG00000167261	15	DPEP2	1.0	9960
ENSG00000167264	15	DUS2	1.0	9961
ENSG00000167272	15	POP5	1.0	9962
ENSG00000167280	15	ENGASE	1.0	9963
ENSG00000167281	15	RBFOX3	1.0	9964
ENSG00000167286	15	CD3D	1.0	9965
ENSG00000167291	15	TBC1D16	1.0	9966
ENSG00000167306	15	MYO5B	1.0	9967
ENSG00000167311	15	ART5	1.0	9968
ENSG00000167315	15	ACAA2	1.0	9969
ENSG00000167323	15	STIM1	1.0	9970
ENSG00000167325	15	RRM1	1.0	9971
ENSG00000167333	15	TRIM68	1.0	9972
ENSG00000167363	15	FN3K	1.0	9973
ENSG00000167371	15	PRRT2	1.0	9974
ENSG00000167377	15	ZNF23	1.0	9975
ENSG00000167378	15	IRGQ	1.0	9976
ENSG00000167380	15	ZNF226	1.0	9977
ENSG00000167384	15	ZNF180	1.0	9978
ENSG00000167393	15	PPP2R3B	1.0	9979
ENSG00000167394	15	ZNF668	1.0	9980
ENSG00000167395	15	ZNF646	1.0	9981
ENSG00000167397	15	VKORC1	1.0	9982
ENSG00000167414	15	GNG8	1.0	9983
ENSG00000167419	15	LPO	1.0	9984
ENSG00000167434	15	CA4	1.0	9985
ENSG00000167447	15	SMG8	1.0	9986
ENSG00000167460	15	TPM4	1.0	9987
ENSG00000167461	15	RAB8A	1.0	9988
ENSG00000167468	15	GPX4	1.0	9989
ENSG00000167470	15	MIDN	1.0	9990
ENSG00000167476	15	JSRP1	1.0	9991
ENSG00000167487	15	KLHL26	1.0	9992
ENSG00000167491	15	GATAD2A	1.0	9993
ENSG00000167508	15	MVD	1.0	9994
ENSG00000167513	15	CDT1	1.0	9995
ENSG00000167515	15	TRAPPC2L	1.0	9996
ENSG00000167522	15	ANKRD11	1.0	9997
ENSG00000167523	15	SPATA33	1.0	9998
ENSG00000167525	15	PROCA1	1.0	9999
ENSG00000167526	15	RPL13	1.0	10000
ENSG00000167528	15	ZNF641	1.0	10001
ENSG00000167535	15	CACNB3	1.0	10002
ENSG00000167536	15	DHRS13	1.0	10003
ENSG00000167548	15	KMT2D	1.0	10004
ENSG00000167549	15	CORO6	1.0	10005
ENSG00000167550	15	RHEBL1	1.0	10006
ENSG00000167552	15	TUBA1A	1.0	10007
ENSG00000167553	15	TUBA1C	1.0	10008
ENSG00000167554	15	ZNF610	1.0	10009
ENSG00000167555	15	ZNF528	1.0	10010
ENSG00000167562	15	ZNF701	1.0	10011
ENSG00000167565	15	SERTAD3	1.0	10012
ENSG00000167566	15	NCKAP5L	1.0	10013
ENSG00000167588	15	GPD1	1.0	10014
ENSG00000167600	15	CYP2S1	1.0	10015
ENSG00000167601	15	AXL	1.0	10016
ENSG00000167604	15	NFKBID	1.0	10017
ENSG00000167608	15	TMC4	1.0	10018
ENSG00000167613	15	LAIR1	1.0	10019
ENSG00000167614	15	TTYH1	1.0	10020
ENSG00000167615	15	LENG8	1.0	10021
ENSG00000167617	15	CDC42EP5	1.0	10022
ENSG00000167618	15	LAIR2	1.0	10023
ENSG00000167619	15	TMEM145	1.0	10024
ENSG00000167625	15	ZNF526	1.0	10025
ENSG00000167632	15	TRAPPC9	1.0	10026
ENSG00000167635	15	ZNF146	1.0	10027
ENSG00000167637	15	ZNF283	1.0	10028
ENSG00000167641	15	PPP1R14A	1.0	10029
ENSG00000167642	15	SPINT2	1.0	10030
ENSG00000167644	15	C19orf33	1.0	10031
ENSG00000167645	15	YIF1B	1.0	10032
ENSG00000167646	15	DNAAF3	1.0	10033
ENSG00000167653	15	PSCA	1.0	10034
ENSG00000167654	15	ATCAY	1.0	10035
ENSG00000167656	15	LY6D	1.0	10036
ENSG00000167657	15	DAPK3	1.0	10037
ENSG00000167658	15	EEF2	1.0	10038
ENSG00000167664	15	TMIGD2	1.0	10039
ENSG00000167670	15	CHAF1A	1.0	10040
ENSG00000167671	15	UBXN6	1.0	10041
ENSG00000167676	15	PLIN4	1.0	10042
ENSG00000167680	15	SEMA6B	1.0	10043
ENSG00000167685	15	ZNF444	1.0	10044
ENSG00000167693	15	NXN	1.0	10045
ENSG00000167699	15	GLOD4	1.0	10046
ENSG00000167700	15	MFSD3	1.0	10047
ENSG00000167701	15	GPT	1.0	10048
ENSG00000167702	15	KIFC2	1.0	10049
ENSG00000167703	15	SLC43A2	1.0	10050
ENSG00000167705	15	RILP	1.0	10051
ENSG00000167711	15	SERPINF2	1.0	10052
ENSG00000167716	15	WDR81	1.0	10053
ENSG00000167720	15	SRR	1.0	10054
ENSG00000167721	15	TSR1	1.0	10055
ENSG00000167723	15	TRPV3	1.0	10056
ENSG00000167740	15	CYB5D2	1.0	10057
ENSG00000167741	15	GGT6	1.0	10058
ENSG00000167747	15	C19orf48P	1.0	10059
ENSG00000167748	15	KLK1	1.0	10060
ENSG00000167749	15	KLK4	1.0	10061
ENSG00000167751	15	KLK2	1.0	10062
ENSG00000167754	15	KLK5	1.0	10063
ENSG00000167755	15	KLK6	1.0	10064
ENSG00000167757	15	KLK11	1.0	10065
ENSG00000167759	15	KLK13	1.0	10066
ENSG00000167766	15	ZNF83	1.0	10067
ENSG00000167767	15	KRT80	1.0	10068
ENSG00000167769	15	ACER1	1.0	10069
ENSG00000167770	15	OTUB1	1.0	10070
ENSG00000167771	15	RCOR2	1.0	10071
ENSG00000167772	15	ANGPTL4	1.0	10072
ENSG00000167775	15	CD320	1.0	10073
ENSG00000167778	15	SPRYD3	1.0	10074
ENSG00000167779	15	IGFBP6	1.0	10075
ENSG00000167780	15	SOAT2	1.0	10076
ENSG00000167785	15	ZNF558	1.0	10077
ENSG00000167792	15	NDUFV1	1.0	10078
ENSG00000167797	15	CDK2AP2	1.0	10079
ENSG00000167799	15	NUDT8	1.0	10080
ENSG00000167840	15	ZNF232	1.0	10081
ENSG00000167842	15	MIS12	1.0	10082
ENSG00000167850	15	CD300C	1.0	10083
ENSG00000167851	15	CD300A	1.0	10084
ENSG00000167861	15	HID1	1.0	10085
ENSG00000167874	15	TMEM88	1.0	10086
ENSG00000167880	15	EVPL	1.0	10087
ENSG00000167881	15	SRP68	1.0	10088
ENSG00000167889	15	MGAT5B	1.0	10089
ENSG00000167895	15	TMC8	1.0	10090
ENSG00000167900	15	TK1	1.0	10091
ENSG00000167904	15	TMEM68	1.0	10092
ENSG00000167910	15	CYP7A1	1.0	10093
ENSG00000167914	15	GSDMA	1.0	10094
ENSG00000167925	15	GHDC	1.0	10095
ENSG00000167962	15	ZNF598	1.0	10096
ENSG00000167964	15	RAB26	1.0	10097
ENSG00000167965	15	MLST8	1.0	10098
ENSG00000167967	15	E4F1	1.0	10099
ENSG00000167968	15	DNASE1L2	1.0	10100
ENSG00000167969	15	ECI1	1.0	10101
ENSG00000167971	15	CASKIN1	1.0	10102
ENSG00000167972	15	ABCA3	1.0	10103
ENSG00000167977	15	KCTD5	1.0	10104
ENSG00000167978	15	SRRM2	1.0	10105
ENSG00000167981	15	ZNF597	1.0	10106
ENSG00000167986	15	DDB1	1.0	10107
ENSG00000167987	15	VPS37C	1.0	10108
ENSG00000167992	15	VWCE	1.0	10109
ENSG00000167994	15	RAB3IL1	1.0	10110
ENSG00000167995	15	BEST1	1.0	10111
ENSG00000167996	15	FTH1	1.0	10112
ENSG00000168002	15	POLR2G	1.0	10113
ENSG00000168003	15	SLC3A2	1.0	10114
ENSG00000168010	15	ATG16L2	1.0	10115
ENSG00000168014	15	C2CD3	1.0	10116
ENSG00000168016	15	TRANK1	1.0	10117
ENSG00000168026	15	TTC21A	1.0	10118
ENSG00000168028	15	RPSA	1.0	10119
ENSG00000168032	15	ENTPD3	1.0	10120
ENSG00000168036	15	CTNNB1	1.0	10121
ENSG00000168038	15	ULK4	1.0	10122
ENSG00000168040	15	FADD	1.0	10123
ENSG00000168056	15	LTBP3	1.0	10124
ENSG00000168060	15	NAALADL1	1.0	10125
ENSG00000168061	15	SAC3D1	1.0	10126
ENSG00000168062	15	BATF2	1.0	10127
ENSG00000168065	15	SLC22A11	1.0	10128
ENSG00000168066	15	SF1	1.0	10129
ENSG00000168067	15	MAP4K2	1.0	10130
ENSG00000168071	15	CCDC88B	1.0	10131
ENSG00000168077	15	SCARA3	1.0	10132
ENSG00000168078	15	PBK	1.0	10133
ENSG00000168079	15	SCARA5	1.0	10134
ENSG00000168081	15	PNOC	1.0	10135
ENSG00000168090	15	COPS6	1.0	10136
ENSG00000168092	15	PAFAH1B2	1.0	10137
ENSG00000168096	15	ANKS3	1.0	10138
ENSG00000168101	15	NUDT16L1	1.0	10139
ENSG00000168116	15	KIAA1586	1.0	10140
ENSG00000168118	15	RAB4A	1.0	10141
ENSG00000168137	15	SETD5	1.0	10142
ENSG00000168140	15	VASN	1.0	10143
ENSG00000168143	15	FAM83B	1.0	10144
ENSG00000168152	15	THAP9	1.0	10145
ENSG00000168159	15	RNF187	1.0	10146
ENSG00000168172	15	HOOK3	1.0	10147
ENSG00000168175	15	MAPK1IP1L	1.0	10148
ENSG00000168209	15	DDIT4	1.0	10149
ENSG00000168214	15	RBPJ	1.0	10150
ENSG00000168216	15	LMBRD1	1.0	10151
ENSG00000168228	15	ZCCHC4	1.0	10152
ENSG00000168229	15	PTGDR	1.0	10153
ENSG00000168234	15	TTC39C	1.0	10154
ENSG00000168237	15	GLYCTK	1.0	10155
ENSG00000168243	15	GNG4	1.0	10156
ENSG00000168246	15	UBTD2	1.0	10157
ENSG00000168256	15	NKIRAS2	1.0	10158
ENSG00000168259	15	DNAJC7	1.0	10159
ENSG00000168264	15	IRF2BP2	1.0	10160
ENSG00000168268	15	NT5DC2	1.0	10161
ENSG00000168269	15	FOXI1	1.0	10162
ENSG00000168273	15	UQCC5	1.0	10163
ENSG00000168275	15	COA6	1.0	10164
ENSG00000168280	15	KIF5C	1.0	10165
ENSG00000168282	15	MGAT2	1.0	10166
ENSG00000168283	15	BMI1	1.0	10167
ENSG00000168286	15	THAP11	1.0	10168
ENSG00000168288	15	MMADHC	1.0	10169
ENSG00000168291	15	PDHB	1.0	10170
ENSG00000168297	15	PXK	1.0	10171
ENSG00000168300	15	PCMTD1	1.0	10172
ENSG00000168301	15	KCTD6	1.0	10173
ENSG00000168303	15	MPLKIP	1.0	10174
ENSG00000168306	15	ACOX2	1.0	10175
ENSG00000168309	15	FAM107A	1.0	10176
ENSG00000168310	15	IRF2	1.0	10177
ENSG00000168314	15	MOBP	1.0	10178
ENSG00000168329	15	CX3CR1	1.0	10179
ENSG00000168334	15	XIRP1	1.0	10180
ENSG00000168350	15	DEGS2	1.0	10181
ENSG00000168356	15	SCN11A	1.0	10182
ENSG00000168374	15	ARF4	1.0	10183
ENSG00000168386	15	FILIP1L	1.0	10184
ENSG00000168389	15	MFSD2A	1.0	10185
ENSG00000168393	15	DTYMK	1.0	10186
ENSG00000168394	15	TAP1	1.0	10187
ENSG00000168395	15	ING5	1.0	10188
ENSG00000168397	15	ATG4B	1.0	10189
ENSG00000168398	15	BDKRB2	1.0	10190
ENSG00000168404	15	MLKL	1.0	10191
ENSG00000168411	15	RFWD3	1.0	10192
ENSG00000168421	15	RHOH	1.0	10193
ENSG00000168427	15	KLHL30	1.0	10194
ENSG00000168434	15	COG7	1.0	10195
ENSG00000168438	15	CDC40	1.0	10196
ENSG00000168439	15	STIP1	1.0	10197
ENSG00000168447	15	SCNN1B	1.0	10198
ENSG00000168453	15	HR	1.0	10199
ENSG00000168461	15	RAB31	1.0	10200
ENSG00000168476	15	REEP4	1.0	10201
ENSG00000168477	15	TNXB	1.0	10202
ENSG00000168487	15	BMP1	1.0	10203
ENSG00000168488	15	ATXN2L	1.0	10204
ENSG00000168490	15	PHYHIP	1.0	10205
ENSG00000168491	15	CCDC110	1.0	10206
ENSG00000168495	15	POLR3D	1.0	10207
ENSG00000168496	15	FEN1	1.0	10208
ENSG00000168517	15	HEXIM2	1.0	10209
ENSG00000168522	15	FNTA	1.0	10210
ENSG00000168528	15	SERINC2	1.0	10211
ENSG00000168538	15	TRAPPC11	1.0	10212
ENSG00000168539	15	CHRM1	1.0	10213
ENSG00000168542	15	COL3A1	1.0	10214
ENSG00000168546	15	GFRA2	1.0	10215
ENSG00000168556	15	ING2	1.0	10216
ENSG00000168564	15	CDKN2AIP	1.0	10217
ENSG00000168566	15	SNRNP48	1.0	10218
ENSG00000168569	15	TMEM223	1.0	10219
ENSG00000168575	15	SLC20A2	1.0	10220
ENSG00000168589	15	DYNLRB2	1.0	10221
ENSG00000168591	15	TMUB2	1.0	10222
ENSG00000168610	15	STAT3	1.0	10223
ENSG00000168612	15	ZSWIM1	1.0	10224
ENSG00000168615	15	ADAM9	1.0	10225
ENSG00000168621	15	GDNF	1.0	10226
ENSG00000168646	15	AXIN2	1.0	10227
ENSG00000168653	15	NDUFS5	1.0	10228
ENSG00000168658	15	VWA3B	1.0	10229
ENSG00000168661	15	ZNF30	1.0	10230
ENSG00000168675	15	LDLRAD4	1.0	10231
ENSG00000168676	15	KCTD19	1.0	10232
ENSG00000168679	15	SLC16A4	1.0	10233
ENSG00000168685	15	IL7R	1.0	10234
ENSG00000168701	15	TMEM208	1.0	10235
ENSG00000168702	15	LRP1B	1.0	10236
ENSG00000168703	15	WFDC12	1.0	10237
ENSG00000168710	15	AHCYL1	1.0	10238
ENSG00000168724	15	DNAJC21	1.0	10239
ENSG00000168734	15	PKIG	1.0	10240
ENSG00000168743	15	NPNT	1.0	10241
ENSG00000168754	15	FAM178B	1.0	10242
ENSG00000168758	15	SEMA4C	1.0	10243
ENSG00000168763	15	CNNM3	1.0	10244
ENSG00000168765	15	GSTM4	1.0	10245
ENSG00000168769	15	TET2	1.0	10246
ENSG00000168772	15	CXXC4	1.0	10247
ENSG00000168778	15	TCTN2	1.0	10248
ENSG00000168779	15	SHOX2	1.0	10249
ENSG00000168781	15	PPIP5K1	1.0	10250
ENSG00000168785	15	TSPAN5	1.0	10251
ENSG00000168792	15	ABHD15	1.0	10252
ENSG00000168795	15	ZBTB5	1.0	10253
ENSG00000168802	15	CHTF8	1.0	10254
ENSG00000168803	15	MAPDA	1.0	10255
ENSG00000168806	15	LCMT2	1.0	10256
ENSG00000168807	15	SNTB2	1.0	10257
ENSG00000168811	15	IL12A	1.0	10258
ENSG00000168813	15	ZNF507	1.0	10259
ENSG00000168818	15	STX18	1.0	10260
ENSG00000168824	15	NSG1	1.0	10261
ENSG00000168826	15	ZBTB49	1.0	10262
ENSG00000168827	15	GFM1	1.0	10263
ENSG00000168872	15	DDX19A	1.0	10264
ENSG00000168874	15	ATOH8	1.0	10265
ENSG00000168876	15	ANKRD49	1.0	10266
ENSG00000168883	15	USP39	1.0	10267
ENSG00000168884	15	TNIP2	1.0	10268
ENSG00000168887	15	C2orf68	1.0	10269
ENSG00000168890	15	TMEM150A	1.0	10270
ENSG00000168894	15	RNF181	1.0	10271
ENSG00000168899	15	VAMP5	1.0	10272
ENSG00000168904	15	LRRC28	1.0	10273
ENSG00000168906	15	MAT2A	1.0	10274
ENSG00000168907	15	PLA2G4F	1.0	10275
ENSG00000168913	15	ENHO	1.0	10276
ENSG00000168916	15	ZNF608	1.0	10277
ENSG00000168917	15	SLC35G2	1.0	10278
ENSG00000168918	15	INPP5D	1.0	10279
ENSG00000168924	15	LETM1	1.0	10280
ENSG00000168936	15	TMEM129	1.0	10281
ENSG00000168938	15	PPIC	1.0	10282
ENSG00000168939	15	SPRY3	1.0	10283
ENSG00000168944	15	CEP120	1.0	10284
ENSG00000168952	15	STXBP6	1.0	10285
ENSG00000168958	15	MFF	1.0	10286
ENSG00000168961	15	LGALS9	1.0	10287
ENSG00000168993	15	CPLX1	1.0	10288
ENSG00000168994	15	PXDC1	1.0	10289
ENSG00000168995	15	SIGLEC7	1.0	10290
ENSG00000169016	15	E2F6	1.0	10291
ENSG00000169018	15	FEM1B	1.0	10292
ENSG00000169019	15	COMMD8	1.0	10293
ENSG00000169021	15	UQCRFS1	1.0	10294
ENSG00000169031	15	COL4A3	1.0	10295
ENSG00000169032	15	MAP2K1	1.0	10296
ENSG00000169035	15	KLK7	1.0	10297
ENSG00000169045	15	HNRNPH1	1.0	10298
ENSG00000169047	15	IRS1	1.0	10299
ENSG00000169057	15	MECP2	1.0	10300
ENSG00000169062	15	UPF3A	1.0	10301
ENSG00000169067	15	ACTBL2	1.0	10302
ENSG00000169071	15	ROR2	1.0	10303
ENSG00000169083	15	AR	1.0	10304
ENSG00000169084	15	DHRSX	1.0	10305
ENSG00000169087	15	HSPBAP1	1.0	10306
ENSG00000169093	15	ASMTL	1.0	10307
ENSG00000169100	15	SLC25A6	1.0	10308
ENSG00000169105	15	CHST14	1.0	10309
ENSG00000169116	15	PARM1	1.0	10310
ENSG00000169118	15	CSNK1G1	1.0	10311
ENSG00000169122	15	FAM110B	1.0	10312
ENSG00000169129	15	AFAP1L2	1.0	10313
ENSG00000169131	15	ZNF354A	1.0	10314
ENSG00000169136	15	ATF5	1.0	10315
ENSG00000169139	15	UBE2V2	1.0	10316
ENSG00000169155	15	ZBTB43	1.0	10317
ENSG00000169169	15	CPT1C	1.0	10318
ENSG00000169174	15	PCSK9	1.0	10319
ENSG00000169180	15	XPO6	1.0	10320
ENSG00000169181	15	GSG1L	1.0	10321
ENSG00000169184	15	MN1	1.0	10322
ENSG00000169188	15	APEX2	1.0	10323
ENSG00000169189	15	NSMCE1	1.0	10324
ENSG00000169193	15	CCDC126	1.0	10325
ENSG00000169213	15	RAB3B	1.0	10326
ENSG00000169217	15	CD2BP2	1.0	10327
ENSG00000169218	15	RSPO1	1.0	10328
ENSG00000169220	15	RGS14	1.0	10329
ENSG00000169221	15	TBC1D10B	1.0	10330
ENSG00000169223	15	LMAN2	1.0	10331
ENSG00000169228	15	RAB24	1.0	10332
ENSG00000169230	15	PRELID1	1.0	10333
ENSG00000169231	15	THBS3	1.0	10334
ENSG00000169239	15	CA5B	1.0	10335
ENSG00000169241	15	SLC50A1	1.0	10336
ENSG00000169242	15	EFNA1	1.0	10337
ENSG00000169245	15	CXCL10	1.0	10338
ENSG00000169247	15	SH3TC2	1.0	10339
ENSG00000169248	15	CXCL11	1.0	10340
ENSG00000169249	15	ZRSR2	1.0	10341
ENSG00000169251	15	NMD3	1.0	10342
ENSG00000169252	15	ADRB2	1.0	10343
ENSG00000169255	15	B3GALNT1	1.0	10344
ENSG00000169258	15	GPRIN1	1.0	10345
ENSG00000169282	15	KCNAB1	1.0	10346
ENSG00000169288	15	MRPL1	1.0	10347
ENSG00000169291	15	SHE	1.0	10348
ENSG00000169297	15	NR0B1	1.0	10349
ENSG00000169299	15	PGM2	1.0	10350
ENSG00000169302	15	STK32A	1.0	10351
ENSG00000169306	15	IL1RAPL1	1.0	10352
ENSG00000169314	15	C22orf15	1.0	10353
ENSG00000169347	15	GP2	1.0	10354
ENSG00000169359	15	SLC33A1	1.0	10355
ENSG00000169371	15	SNUPN	1.0	10356
ENSG00000169372	15	CRADD	1.0	10357
ENSG00000169375	15	SIN3A	1.0	10358
ENSG00000169379	15	ARL13B	1.0	10359
ENSG00000169398	15	PTK2	1.0	10360
ENSG00000169403	15	PTAFR	1.0	10361
ENSG00000169410	15	PTPN9	1.0	10362
ENSG00000169413	15	RNASE6	1.0	10363
ENSG00000169418	15	NPR1	1.0	10364
ENSG00000169432	15	SCN9A	1.0	10365
ENSG00000169435	15	RASSF6	1.0	10366
ENSG00000169436	15	COL22A1	1.0	10367
ENSG00000169439	15	SDC2	1.0	10368
ENSG00000169442	15	CD52	1.0	10369
ENSG00000169446	15	MMGT1	1.0	10370
ENSG00000169469	15	SPRR1B	1.0	10371
ENSG00000169490	15	TM2D2	1.0	10372
ENSG00000169495	15	HTRA4	1.0	10373
ENSG00000169499	15	PLEKHA2	1.0	10374
ENSG00000169504	15	CLIC4	1.0	10375
ENSG00000169507	15	SLC38A11	1.0	10376
ENSG00000169508	15	GPR183	1.0	10377
ENSG00000169515	15	CCDC8	1.0	10378
ENSG00000169519	15	METTL15	1.0	10379
ENSG00000169550	15	MUC15	1.0	10380
ENSG00000169554	15	ZEB2	1.0	10381
ENSG00000169562	15	GJB1	1.0	10382
ENSG00000169564	15	PCBP1	1.0	10383
ENSG00000169567	15	HINT1	1.0	10384
ENSG00000169570	15	DTWD2	1.0	10385
ENSG00000169583	15	CLIC3	1.0	10386
ENSG00000169592	15	INO80E	1.0	10387
ENSG00000169594	15	BNC1	1.0	10388
ENSG00000169598	15	DFFB	1.0	10389
ENSG00000169599	15	NFU1	1.0	10390
ENSG00000169604	15	ANTXR1	1.0	10391
ENSG00000169607	15	CKAP2L	1.0	10392
ENSG00000169609	15	C15orf40	1.0	10393
ENSG00000169621	15	APLF	1.0	10394
ENSG00000169629	15	RGPD8	1.0	10395
ENSG00000169635	15	HIC2	1.0	10396
ENSG00000169641	15	LUZP1	1.0	10397
ENSG00000169679	15	BUB1	1.0	10398
ENSG00000169682	15	SPNS1	1.0	10399
ENSG00000169683	15	LRRC45	1.0	10400
ENSG00000169684	15	CHRNA5	1.0	10401
ENSG00000169692	15	AGPAT2	1.0	10402
ENSG00000169696	15	ASPSCR1	1.0	10403
ENSG00000169710	15	FASN	1.0	10404
ENSG00000169714	15	CNBP	1.0	10405
ENSG00000169715	15	MT1E	1.0	10406
ENSG00000169718	15	DUS1L	1.0	10407
ENSG00000169727	15	GPS1	1.0	10408
ENSG00000169733	15	RFNG	1.0	10409
ENSG00000169738	15	DCXR	1.0	10410
ENSG00000169740	15	ZNF32	1.0	10411
ENSG00000169744	15	LDB2	1.0	10412
ENSG00000169750	15	RAC3	1.0	10413
ENSG00000169752	15	NRG4	1.0	10414
ENSG00000169756	15	LIMS1	1.0	10415
ENSG00000169760	15	NLGN1	1.0	10416
ENSG00000169762	15	TAPT1	1.0	10417
ENSG00000169764	15	UGP2	1.0	10418
ENSG00000169783	15	LINGO1	1.0	10419
ENSG00000169813	15	HNRNPF	1.0	10420
ENSG00000169814	15	BTD	1.0	10421
ENSG00000169826	15	CSGALNACT2	1.0	10422
ENSG00000169851	15	PCDH7	1.0	10423
ENSG00000169855	15	ROBO1	1.0	10424
ENSG00000169857	15	AVEN	1.0	10425
ENSG00000169860	15	P2RY1	1.0	10426
ENSG00000169862	15	CTNND2	1.0	10427
ENSG00000169871	15	TRIM56	1.0	10428
ENSG00000169884	15	WNT10B	1.0	10429
ENSG00000169885	15	CALML6	1.0	10430
ENSG00000169891	15	REPS2	1.0	10431
ENSG00000169894	15	MUC3A	1.0	10432
ENSG00000169895	15	SYAP1	1.0	10433
ENSG00000169896	15	ITGAM	1.0	10434
ENSG00000169900	15	PYDC1	1.0	10435
ENSG00000169902	15	TPST1	1.0	10436
ENSG00000169903	15	TM4SF4	1.0	10437
ENSG00000169905	15	TOR1AIP2	1.0	10438
ENSG00000169906	15	S100G	1.0	10439
ENSG00000169908	15	TM4SF1	1.0	10440
ENSG00000169914	15	OTUD3	1.0	10441
ENSG00000169918	15	OTUD7A	1.0	10442
ENSG00000169919	15	GUSB	1.0	10443
ENSG00000169925	15	BRD3	1.0	10444
ENSG00000169926	15	KLF13	1.0	10445
ENSG00000169933	15	FRMPD4	1.0	10446
ENSG00000169946	15	ZFPM2	1.0	10447
ENSG00000169951	15	ZNF764	1.0	10448
ENSG00000169957	15	ZNF768	1.0	10449
ENSG00000169962	15	TAS1R3	1.0	10450
ENSG00000169967	15	MAP3K2	1.0	10451
ENSG00000169972	15	PUSL1	1.0	10452
ENSG00000169976	15	SF3B5	1.0	10453
ENSG00000169981	15	ZNF35	1.0	10454
ENSG00000169989	15	TIGD4	1.0	10455
ENSG00000169991	15	IFFO2	1.0	10456
ENSG00000169992	15	NLGN2	1.0	10457
ENSG00000169994	15	MYO7B	1.0	10458
ENSG00000170004	15	CHD3	1.0	10459
ENSG00000170006	15	TMEM154	1.0	10460
ENSG00000170011	15	MYRIP	1.0	10461
ENSG00000170017	15	ALCAM	1.0	10462
ENSG00000170027	15	YWHAG	1.0	10463
ENSG00000170035	15	UBE2E3	1.0	10464
ENSG00000170037	15	CNTROB	1.0	10465
ENSG00000170043	15	TRAPPC1	1.0	10466
ENSG00000170044	15	ZPLD1	1.0	10467
ENSG00000170049	15	KCNAB3	1.0	10468
ENSG00000170074	15	FAM153A	1.0	10469
ENSG00000170075	15	GPR37L1	1.0	10470
ENSG00000170085	15	SIMC1	1.0	10471
ENSG00000170088	15	TMEM192	1.0	10472
ENSG00000170099	15	SERPINA6	1.0	10473
ENSG00000170100	15	ZNF778	1.0	10474
ENSG00000170113	15	NIPA1	1.0	10475
ENSG00000170122	15	FOXD4	1.0	10476
ENSG00000170142	15	UBE2E1	1.0	10477
ENSG00000170144	15	HNRNPA3	1.0	10478
ENSG00000170145	15	SIK2	1.0	10479
ENSG00000170153	15	RNF150	1.0	10480
ENSG00000170160	15	CCDC144A	1.0	10481
ENSG00000170175	15	CHRNB1	1.0	10482
ENSG00000170185	15	USP38	1.0	10483
ENSG00000170190	15	SLC16A5	1.0	10484
ENSG00000170191	15	NANP	1.0	10485
ENSG00000170209	15	ANKK1	1.0	10486
ENSG00000170222	15	ADPRM	1.0	10487
ENSG00000170231	15	FABP6	1.0	10488
ENSG00000170234	15	PWWP2A	1.0	10489
ENSG00000170242	15	USP47	1.0	10490
ENSG00000170248	15	PDCD6IP	1.0	10491
ENSG00000170260	15	ZNF212	1.0	10492
ENSG00000170264	15	FAM161A	1.0	10493
ENSG00000170265	15	ZNF282	1.0	10494
ENSG00000170266	15	GLB1	1.0	10495
ENSG00000170271	15	FAXDC2	1.0	10496
ENSG00000170275	15	CRTAP	1.0	10497
ENSG00000170276	15	HSPB2	1.0	10498
ENSG00000170290	15	SLN	1.0	10499
ENSG00000170291	15	ELP5	1.0	10500
ENSG00000170293	15	CMTM8	1.0	10501
ENSG00000170296	15	GABARAP	1.0	10502
ENSG00000170310	15	STX8	1.0	10503
ENSG00000170312	15	CDK1	1.0	10504
ENSG00000170315	15	UBB	1.0	10505
ENSG00000170322	15	NFRKB	1.0	10506
ENSG00000170323	15	FABP4	1.0	10507
ENSG00000170324	15	FRMPD2	1.0	10508
ENSG00000170325	15	PRDM10	1.0	10509
ENSG00000170340	15	B3GNT2	1.0	10510
ENSG00000170345	15	FOS	1.0	10511
ENSG00000170348	15	TMED10	1.0	10512
ENSG00000170364	15	SETMAR	1.0	10513
ENSG00000170365	15	SMAD1	1.0	10514
ENSG00000170370	15	EMX2	1.0	10515
ENSG00000170381	15	SEMA3E	1.0	10516
ENSG00000170382	15	LRRN2	1.0	10517
ENSG00000170385	15	SLC30A1	1.0	10518
ENSG00000170390	15	DCLK2	1.0	10519
ENSG00000170412	15	GPRC5C	1.0	10520
ENSG00000170417	15	TMEM182	1.0	10521
ENSG00000170421	15	KRT8	1.0	10522
ENSG00000170423	15	KRT78	1.0	10523
ENSG00000170425	15	ADORA2B	1.0	10524
ENSG00000170430	15	MGMT	1.0	10525
ENSG00000170439	15	TMT1B	1.0	10526
ENSG00000170442	15	KRT86	1.0	10527
ENSG00000170448	15	NFXL1	1.0	10528
ENSG00000170456	15	DENND5B	1.0	10529
ENSG00000170458	15	CD14	1.0	10530
ENSG00000170464	15	DNAJC18	1.0	10531
ENSG00000170465	15	KRT6C	1.0	10532
ENSG00000170469	15	SPATA24	1.0	10533
ENSG00000170471	15	RALGAPB	1.0	10534
ENSG00000170476	15	MZB1	1.0	10535
ENSG00000170482	15	SLC23A1	1.0	10536
ENSG00000170485	15	NPAS2	1.0	10537
ENSG00000170498	15	KISS1	1.0	10538
ENSG00000170500	15	LONRF2	1.0	10539
ENSG00000170502	15	NUDT9	1.0	10540
ENSG00000170509	15	HSD17B13	1.0	10541
ENSG00000170515	15	PA2G4	1.0	10542
ENSG00000170522	15	ELOVL6	1.0	10543
ENSG00000170523	15	KRT83	1.0	10544
ENSG00000170525	15	PFKFB3	1.0	10545
ENSG00000170537	15	TMC7	1.0	10546
ENSG00000170540	15	ARL6IP1	1.0	10547
ENSG00000170542	15	SERPINB9	1.0	10548
ENSG00000170545	15	SMAGP	1.0	10549
ENSG00000170549	15	IRX1	1.0	10550
ENSG00000170558	15	CDH2	1.0	10551
ENSG00000170561	15	IRX2	1.0	10552
ENSG00000170571	15	EMB	1.0	10553
ENSG00000170577	15	SIX2	1.0	10554
ENSG00000170579	15	DLGAP1	1.0	10555
ENSG00000170581	15	STAT2	1.0	10556
ENSG00000170584	15	NUDCD2	1.0	10557
ENSG00000170604	15	IRF2BP1	1.0	10558
ENSG00000170606	15	HSPA4	1.0	10559
ENSG00000170608	15	FOXA3	1.0	10560
ENSG00000170615	15	SLC26A5	1.0	10561
ENSG00000170619	15	COMMD5	1.0	10562
ENSG00000170624	15	SGCD	1.0	10563
ENSG00000170631	15	ZNF16	1.0	10564
ENSG00000170632	15	ARMC10	1.0	10565
ENSG00000170633	15	RNF34	1.0	10566
ENSG00000170634	15	ACYP2	1.0	10567
ENSG00000170638	15	TRABD	1.0	10568
ENSG00000170653	15	ATF7	1.0	10569
ENSG00000170677	15	SOCS6	1.0	10570
ENSG00000170684	15	ZNF296	1.0	10571
ENSG00000170734	15	POLH	1.0	10572
ENSG00000170743	15	SYT9	1.0	10573
ENSG00000170745	15	KCNS3	1.0	10574
ENSG00000170759	15	KIF5B	1.0	10575
ENSG00000170775	15	GPR37	1.0	10576
ENSG00000170776	15	AKAP13	1.0	10577
ENSG00000170779	15	CDCA4	1.0	10578
ENSG00000170786	15	SDR16C5	1.0	10579
ENSG00000170791	15	CHCHD7	1.0	10580
ENSG00000170801	15	HTRA3	1.0	10581
ENSG00000170802	15	FOXN2	1.0	10582
ENSG00000170819	15	BFSP2	1.0	10583
ENSG00000170832	15	USP32	1.0	10584
ENSG00000170835	15	CEL	1.0	10585
ENSG00000170836	15	PPM1D	1.0	10586
ENSG00000170837	15	GPR27	1.0	10587
ENSG00000170852	15	KBTBD2	1.0	10588
ENSG00000170855	15	TRIAP1	1.0	10589
ENSG00000170860	15	LSM3	1.0	10590
ENSG00000170871	15	KIAA0232	1.0	10591
ENSG00000170873	15	MTSS1	1.0	10592
ENSG00000170876	15	TMEM43	1.0	10593
ENSG00000170881	15	RNF139	1.0	10594
ENSG00000170889	15	RPS9	1.0	10595
ENSG00000170890	15	PLA2G1B	1.0	10596
ENSG00000170891	15	CYTL1	1.0	10597
ENSG00000170892	15	TSEN34	1.0	10598
ENSG00000170893	15	TRH	1.0	10599
ENSG00000170899	15	GSTA4	1.0	10600
ENSG00000170903	15	MSANTD4	1.0	10601
ENSG00000170906	15	NDUFA3	1.0	10602
ENSG00000170909	15	OSCAR	1.0	10603
ENSG00000170915	15	PAQR8	1.0	10604
ENSG00000170917	15	NUDT6	1.0	10605
ENSG00000170921	15	TANC2	1.0	10606
ENSG00000170927	15	PKHD1	1.0	10607
ENSG00000170935	15	NCBP2L	1.0	10608
ENSG00000170946	15	DNAJC24	1.0	10609
ENSG00000170949	15	ZNF160	1.0	10610
ENSG00000170954	15	ZNF415	1.0	10611
ENSG00000170959	15	DCDC1	1.0	10612
ENSG00000170961	15	HAS2	1.0	10613
ENSG00000170962	15	PDGFD	1.0	10614
ENSG00000170989	15	S1PR1	1.0	10615
ENSG00000171004	15	HS6ST2	1.0	10616
ENSG00000171016	15	PYGO1	1.0	10617
ENSG00000171017	15	LRRC8E	1.0	10618
ENSG00000171033	15	PKIA	1.0	10619
ENSG00000171044	15	XKR6	1.0	10620
ENSG00000171045	15	TSNARE1	1.0	10621
ENSG00000171051	15	FPR1	1.0	10622
ENSG00000171055	15	FEZ2	1.0	10623
ENSG00000171056	15	SOX7	1.0	10624
ENSG00000171067	15	C11orf24	1.0	10625
ENSG00000171094	15	ALK	1.0	10626
ENSG00000171100	15	MTM1	1.0	10627
ENSG00000171102	15	OBP2B	1.0	10628
ENSG00000171103	15	TRMT61B	1.0	10629
ENSG00000171105	15	INSR	1.0	10630
ENSG00000171109	15	MFN1	1.0	10631
ENSG00000171115	15	GIMAP8	1.0	10632
ENSG00000171119	15	NRTN	1.0	10633
ENSG00000171121	15	KCNMB3	1.0	10634
ENSG00000171124	15	FUT3	1.0	10635
ENSG00000171126	15	KCNG3	1.0	10636
ENSG00000171130	15	ATP6V0E2	1.0	10637
ENSG00000171132	15	PRKCE	1.0	10638
ENSG00000171135	15	JAGN1	1.0	10639
ENSG00000171148	15	TADA3	1.0	10640
ENSG00000171150	15	SOCS5	1.0	10641
ENSG00000171155	15	C1GALT1C1	1.0	10642
ENSG00000171160	15	MORN4	1.0	10643
ENSG00000171161	15	ZNF672	1.0	10644
ENSG00000171163	15	ZNF692	1.0	10645
ENSG00000171169	15	NAIF1	1.0	10646
ENSG00000171174	15	RBKS	1.0	10647
ENSG00000171189	15	GRIK1	1.0	10648
ENSG00000171195	15	MUC7	1.0	10649
ENSG00000171201	15	SMR3B	1.0	10650
ENSG00000171202	15	TMEM126A	1.0	10651
ENSG00000171204	15	TMEM126B	1.0	10652
ENSG00000171206	15	TRIM8	1.0	10653
ENSG00000171208	15	NETO2	1.0	10654
ENSG00000171209	15	CSN3	1.0	10655
ENSG00000171219	15	CDC42BPG	1.0	10656
ENSG00000171222	15	SCAND1	1.0	10657
ENSG00000171223	15	JUNB	1.0	10658
ENSG00000171227	15	TMEM37	1.0	10659
ENSG00000171234	15	UGT2B7	1.0	10660
ENSG00000171236	15	LRG1	1.0	10661
ENSG00000171241	15	SHCBP1	1.0	10662
ENSG00000171243	15	SOSTDC1	1.0	10663
ENSG00000171246	15	NPTX1	1.0	10664
ENSG00000171262	15	FAM98B	1.0	10665
ENSG00000171291	15	ZNF439	1.0	10666
ENSG00000171295	15	ZNF440	1.0	10667
ENSG00000171298	15	GAA	1.0	10668
ENSG00000171302	15	CANT1	1.0	10669
ENSG00000171303	15	KCNK3	1.0	10670
ENSG00000171307	15	ZDHHC16	1.0	10671
ENSG00000171310	15	CHST11	1.0	10672
ENSG00000171311	15	EXOSC1	1.0	10673
ENSG00000171314	15	PGAM1	1.0	10674
ENSG00000171316	15	CHD7	1.0	10675
ENSG00000171320	15	ESCO2	1.0	10676
ENSG00000171345	15	KRT19	1.0	10677
ENSG00000171346	15	KRT15	1.0	10678
ENSG00000171357	15	LURAP1	1.0	10679
ENSG00000171365	15	CLCN5	1.0	10680
ENSG00000171368	15	TPPP	1.0	10681
ENSG00000171385	15	KCND3	1.0	10682
ENSG00000171388	15	APLN	1.0	10683
ENSG00000171401	15	KRT13	1.0	10684
ENSG00000171403	15	KRT9	1.0	10685
ENSG00000171408	15	PDE7B	1.0	10686
ENSG00000171421	15	MRPL36	1.0	10687
ENSG00000171428	15	NAT1	1.0	10688
ENSG00000171433	15	GLOD5	1.0	10689
ENSG00000171435	15	KSR2	1.0	10690
ENSG00000171443	15	ZNF524	1.0	10691
ENSG00000171444	15	MCC	1.0	10692
ENSG00000171448	15	ZBTB26	1.0	10693
ENSG00000171451	15	DSEL	1.0	10694
ENSG00000171453	15	POLR1C	1.0	10695
ENSG00000171456	15	ASXL1	1.0	10696
ENSG00000171462	15	DLK2	1.0	10697
ENSG00000171466	15	ZNF562	1.0	10698
ENSG00000171467	15	ZNF318	1.0	10699
ENSG00000171469	15	ZNF561	1.0	10700
ENSG00000171475	15	WIPF2	1.0	10701
ENSG00000171476	15	HOPX	1.0	10702
ENSG00000171488	15	LRRC8C	1.0	10703
ENSG00000171490	15	RSL1D1	1.0	10704
ENSG00000171492	15	LRRC8D	1.0	10705
ENSG00000171497	15	PPID	1.0	10706
ENSG00000171502	15	COL24A1	1.0	10707
ENSG00000171503	15	ETFDH	1.0	10708
ENSG00000171517	15	LPAR3	1.0	10709
ENSG00000171522	15	PTGER4	1.0	10710
ENSG00000171530	15	TBCA	1.0	10711
ENSG00000171532	15	NEUROD2	1.0	10712
ENSG00000171533	15	MAP6	1.0	10713
ENSG00000171551	15	ECEL1	1.0	10714
ENSG00000171552	15	BCL2L1	1.0	10715
ENSG00000171557	15	FGG	1.0	10716
ENSG00000171566	15	PLRG1	1.0	10717
ENSG00000171574	15	ZNF584	1.0	10718
ENSG00000171596	15	NMUR1	1.0	10719
ENSG00000171603	15	CLSTN1	1.0	10720
ENSG00000171604	15	CXXC5	1.0	10721
ENSG00000171606	15	ZNF274	1.0	10722
ENSG00000171608	15	PIK3CD	1.0	10723
ENSG00000171612	15	SLC25A33	1.0	10724
ENSG00000171617	15	ENC1	1.0	10725
ENSG00000171621	15	SPSB1	1.0	10726
ENSG00000171631	15	P2RY6	1.0	10727
ENSG00000171634	15	BPTF	1.0	10728
ENSG00000171649	15	ZIK1	1.0	10729
ENSG00000171657	15	GPR82	1.0	10730
ENSG00000171659	15	GPR34	1.0	10731
ENSG00000171671	15	SHANK2-AS3	1.0	10732
ENSG00000171680	15	PLEKHG5	1.0	10733
ENSG00000171681	15	ATF7IP	1.0	10734
ENSG00000171700	15	RGS19	1.0	10735
ENSG00000171703	15	TCEA2	1.0	10736
ENSG00000171714	15	ANO5	1.0	10737
ENSG00000171720	15	HDAC3	1.0	10738
ENSG00000171723	15	GPHN	1.0	10739
ENSG00000171724	15	VAT1L	1.0	10740
ENSG00000171729	15	TMEM51	1.0	10741
ENSG00000171735	15	CAMTA1	1.0	10742
ENSG00000171747	15	LGALS4	1.0	10743
ENSG00000171757	15	LRRC34	1.0	10744
ENSG00000171759	15	PAH	1.0	10745
ENSG00000171763	15	AFG2B	1.0	10746
ENSG00000171766	15	GATM	1.0	10747
ENSG00000171772	15	SYCE1	1.0	10748
ENSG00000171786	15	NHLH1	1.0	10749
ENSG00000171790	15	SLFNL1	1.0	10750
ENSG00000171791	15	BCL2	1.0	10751
ENSG00000171792	15	RHNO1	1.0	10752
ENSG00000171793	15	CTPS1	1.0	10753
ENSG00000171798	15	KNDC1	1.0	10754
ENSG00000171806	15	METTL18	1.0	10755
ENSG00000171812	15	COL8A2	1.0	10756
ENSG00000171813	15	PWWP2B	1.0	10757
ENSG00000171815	15	PCDHB1	1.0	10758
ENSG00000171817	15	ZNF540	1.0	10759
ENSG00000171819	15	ANGPTL7	1.0	10760
ENSG00000171823	15	FBXL14	1.0	10761
ENSG00000171824	15	EXOSC10	1.0	10762
ENSG00000171827	15	ZNF570	1.0	10763
ENSG00000171840	15	NINJ2	1.0	10764
ENSG00000171843	15	MLLT3	1.0	10765
ENSG00000171847	15	FAM90A1	1.0	10766
ENSG00000171848	15	RRM2	1.0	10767
ENSG00000171853	15	TRAPPC12	1.0	10768
ENSG00000171858	15	RPS21	1.0	10769
ENSG00000171860	15	C3AR1	1.0	10770
ENSG00000171862	15	PTEN	1.0	10771
ENSG00000171863	15	RPS7	1.0	10772
ENSG00000171864	15	PRND	1.0	10773
ENSG00000171865	15	RNASEH1	1.0	10774
ENSG00000171867	15	PRNP	1.0	10775
ENSG00000171877	15	FRMD5	1.0	10776
ENSG00000171885	15	AQP4	1.0	10777
ENSG00000171903	15	CYP4F11	1.0	10778
ENSG00000171914	15	TLN2	1.0	10779
ENSG00000171916	15	LGALS9C	1.0	10780
ENSG00000171928	15	TVP23B	1.0	10781
ENSG00000171940	15	ZNF217	1.0	10782
ENSG00000171951	15	SCG2	1.0	10783
ENSG00000171953	15	ATPAF2	1.0	10784
ENSG00000171954	15	CYP4F22	1.0	10785
ENSG00000171960	15	PPIH	1.0	10786
ENSG00000171970	15	ZNF57	1.0	10787
ENSG00000171988	15	JMJD1C	1.0	10788
ENSG00000171992	15	SYNPO	1.0	10789
ENSG00000172000	15	ZNF556	1.0	10790
ENSG00000172005	15	MAL	1.0	10791
ENSG00000172006	15	ZNF554	1.0	10792
ENSG00000172007	15	RAB33B	1.0	10793
ENSG00000172009	15	THOP1	1.0	10794
ENSG00000172020	15	GAP43	1.0	10795
ENSG00000172031	15	EPHX4	1.0	10796
ENSG00000172037	15	LAMB2	1.0	10797
ENSG00000172046	15	USP19	1.0	10798
ENSG00000172057	15	ORMDL3	1.0	10799
ENSG00000172058	15	SERF1A	1.0	10800
ENSG00000172059	15	KLF11	1.0	10801
ENSG00000172061	15	LRRC15	1.0	10802
ENSG00000172062	15	SMN1	1.0	10803
ENSG00000172071	15	EIF2AK3	1.0	10804
ENSG00000172081	15	MOB3A	1.0	10805
ENSG00000172086	15	KRCC1	1.0	10806
ENSG00000172113	15	NME6	1.0	10807
ENSG00000172115	15	CYCS	1.0	10808
ENSG00000172116	15	CD8B	1.0	10809
ENSG00000172123	15	SLFN12	1.0	10810
ENSG00000172137	15	CALB2	1.0	10811
ENSG00000172156	15	CCL11	1.0	10812
ENSG00000172159	15	FRMD3	1.0	10813
ENSG00000172164	15	SNTB1	1.0	10814
ENSG00000172167	15	MTBP	1.0	10815
ENSG00000172171	15	TEFM	1.0	10816
ENSG00000172172	15	MRPL13	1.0	10817
ENSG00000172175	15	MALT1	1.0	10818
ENSG00000172183	15	ISG20	1.0	10819
ENSG00000172197	15	MBOAT1	1.0	10820
ENSG00000172201	15	ID4	1.0	10821
ENSG00000172215	15	CXCR6	1.0	10822
ENSG00000172216	15	CEBPB	1.0	10823
ENSG00000172232	15	AZU1	1.0	10824
ENSG00000172236	15	TPSAB1	1.0	10825
ENSG00000172239	15	PAIP1	1.0	10826
ENSG00000172243	15	CLEC7A	1.0	10827
ENSG00000172244	15	C5orf34	1.0	10828
ENSG00000172247	15	C1QTNF4	1.0	10829
ENSG00000172260	15	NEGR1	1.0	10830
ENSG00000172262	15	ZNF131	1.0	10831
ENSG00000172264	15	MACROD2	1.0	10832
ENSG00000172269	15	DPAGT1	1.0	10833
ENSG00000172270	15	BSG	1.0	10834
ENSG00000172273	15	HINFP	1.0	10835
ENSG00000172292	15	CERS6	1.0	10836
ENSG00000172296	15	SPTLC3	1.0	10837
ENSG00000172301	15	COPRS	1.0	10838
ENSG00000172315	15	TP53RK	1.0	10839
ENSG00000172318	15	B3GALT1	1.0	10840
ENSG00000172322	15	CLEC12A	1.0	10841
ENSG00000172331	15	BPGM	1.0	10842
ENSG00000172336	15	POP7	1.0	10843
ENSG00000172339	15	ALG14	1.0	10844
ENSG00000172340	15	SUCLG2	1.0	10845
ENSG00000172345	15	STARD5	1.0	10846
ENSG00000172346	15	CSDC2	1.0	10847
ENSG00000172348	15	RCAN2	1.0	10848
ENSG00000172349	15	IL16	1.0	10849
ENSG00000172354	15	GNB2	1.0	10850
ENSG00000172375	15	C2CD2L	1.0	10851
ENSG00000172379	15	ARNT2	1.0	10852
ENSG00000172380	15	GNG12	1.0	10853
ENSG00000172382	15	PRSS27	1.0	10854
ENSG00000172399	15	MYOZ2	1.0	10855
ENSG00000172403	15	SYNPO2	1.0	10856
ENSG00000172409	15	CLP1	1.0	10857
ENSG00000172425	15	TTC36	1.0	10858
ENSG00000172426	15	RSPH9	1.0	10859
ENSG00000172432	15	GTPBP2	1.0	10860
ENSG00000172456	15	FGGY	1.0	10861
ENSG00000172458	15	IL17D	1.0	10862
ENSG00000172461	15	FUT9	1.0	10863
ENSG00000172465	15	TCEAL1	1.0	10864
ENSG00000172466	15	ZNF24	1.0	10865
ENSG00000172469	15	MANEA	1.0	10866
ENSG00000172493	15	AFF1	1.0	10867
ENSG00000172500	15	FIBP	1.0	10868
ENSG00000172508	15	CARNS1	1.0	10869
ENSG00000172519	15	OR10H5	1.0	10870
ENSG00000172530	15	BANP	1.0	10871
ENSG00000172531	15	PPP1CA	1.0	10872
ENSG00000172534	15	HCFC1	1.0	10873
ENSG00000172543	15	CTSW	1.0	10874
ENSG00000172548	15	NIPAL4	1.0	10875
ENSG00000172551	15	MUCL1	1.0	10876
ENSG00000172554	15	SNTG2	1.0	10877
ENSG00000172572	15	PDE3A	1.0	10878
ENSG00000172575	15	RASGRP1	1.0	10879
ENSG00000172578	15	KLHL6	1.0	10880
ENSG00000172586	15	CHCHD1	1.0	10881
ENSG00000172590	15	MRPL52	1.0	10882
ENSG00000172594	15	SMPDL3A	1.0	10883
ENSG00000172602	15	RND1	1.0	10884
ENSG00000172613	15	RAD9A	1.0	10885
ENSG00000172638	15	EFEMP2	1.0	10886
ENSG00000172650	15	AGAP5	1.0	10887
ENSG00000172663	15	TMEM134	1.0	10888
ENSG00000172667	15	ZMAT3	1.0	10889
ENSG00000172671	15	ZFAND4	1.0	10890
ENSG00000172673	15	THEMIS	1.0	10891
ENSG00000172687	15	ZNF738	1.0	10892
ENSG00000172716	15	SLFN11	1.0	10893
ENSG00000172717	15	GARIN2	1.0	10894
ENSG00000172724	15	CCL19	1.0	10895
ENSG00000172725	15	CORO1B	1.0	10896
ENSG00000172728	15	FUT10	1.0	10897
ENSG00000172731	15	LRRC20	1.0	10898
ENSG00000172732	15	MUS81	1.0	10899
ENSG00000172738	15	TMEM217	1.0	10900
ENSG00000172748	15	ZNF596	1.0	10901
ENSG00000172757	15	CFL1	1.0	10902
ENSG00000172765	15	TMCC1	1.0	10903
ENSG00000172766	15	NAA16	1.0	10904
ENSG00000172771	15	EFCAB12	1.0	10905
ENSG00000172780	15	RAB43	1.0	10906
ENSG00000172785	15	ZNG1A	1.0	10907
ENSG00000172794	15	RAB37	1.0	10908
ENSG00000172795	15	DCP2	1.0	10909
ENSG00000172803	15	SNX32	1.0	10910
ENSG00000172809	15	RPL38	1.0	10911
ENSG00000172817	15	CYP7B1	1.0	10912
ENSG00000172818	15	OVOL1	1.0	10913
ENSG00000172819	15	RARG	1.0	10914
ENSG00000172824	15	CES4A	1.0	10915
ENSG00000172828	15	CES3	1.0	10916
ENSG00000172830	15	SSH3	1.0	10917
ENSG00000172831	15	CES2	1.0	10918
ENSG00000172840	15	PDP2	1.0	10919
ENSG00000172845	15	SP3	1.0	10920
ENSG00000172869	15	DMXL1	1.0	10921
ENSG00000172878	15	METAP1D	1.0	10922
ENSG00000172888	15	ZNF621	1.0	10923
ENSG00000172889	15	EGFL7	1.0	10924
ENSG00000172890	15	NADSYN1	1.0	10925
ENSG00000172893	15	DHCR7	1.0	10926
ENSG00000172915	15	NBEA	1.0	10927
ENSG00000172922	15	RNASEH2C	1.0	10928
ENSG00000172927	15	MYEOV	1.0	10929
ENSG00000172932	15	ANKRD13D	1.0	10930
ENSG00000172935	15	MRGPRF	1.0	10931
ENSG00000172936	15	MYD88	1.0	10932
ENSG00000172939	15	OXSR1	1.0	10933
ENSG00000172943	15	PHF8	1.0	10934
ENSG00000172954	15	LCLAT1	1.0	10935
ENSG00000172977	15	KAT5	1.0	10936
ENSG00000172985	15	SH3RF3	1.0	10937
ENSG00000172986	15	GXYLT2	1.0	10938
ENSG00000172987	15	HPSE2	1.0	10939
ENSG00000172992	15	DCAKD	1.0	10940
ENSG00000173011	15	TADA2B	1.0	10941
ENSG00000173039	15	RELA	1.0	10942
ENSG00000173040	15	EVC2	1.0	10943
ENSG00000173041	15	ZNF680	1.0	10944
ENSG00000173064	15	HECTD4	1.0	10945
ENSG00000173065	15	FAM222B	1.0	10946
ENSG00000173068	15	BNC2	1.0	10947
ENSG00000173083	15	HPSE	1.0	10948
ENSG00000173085	15	COQ2	1.0	10949
ENSG00000173110	15	HSPA6	1.0	10950
ENSG00000173113	15	TRMT112	1.0	10951
ENSG00000173114	15	LRRN3	1.0	10952
ENSG00000173120	15	KDM2A	1.0	10953
ENSG00000173137	15	ADCK5	1.0	10954
ENSG00000173145	15	NOC3L	1.0	10955
ENSG00000173153	15	ESRRA	1.0	10956
ENSG00000173156	15	RHOD	1.0	10957
ENSG00000173163	15	COMMD1	1.0	10958
ENSG00000173166	15	RAPH1	1.0	10959
ENSG00000173171	15	MTX1	1.0	10960
ENSG00000173175	15	ADCY5	1.0	10961
ENSG00000173193	15	PARP14	1.0	10962
ENSG00000173198	15	CYSLTR1	1.0	10963
ENSG00000173200	15	PARP15	1.0	10964
ENSG00000173207	15	CKS1B	1.0	10965
ENSG00000173210	15	ABLIM3	1.0	10966
ENSG00000173218	15	VANGL1	1.0	10967
ENSG00000173221	15	GLRX	1.0	10968
ENSG00000173226	15	IQCB1	1.0	10969
ENSG00000173227	15	SYT12	1.0	10970
ENSG00000173230	15	GOLGB1	1.0	10971
ENSG00000173253	15	DMRT2	1.0	10972
ENSG00000173258	15	ZNF483	1.0	10973
ENSG00000173261	15	PLAC8L1	1.0	10974
ENSG00000173262	15	SLC2A14	1.0	10975
ENSG00000173264	15	GPR137	1.0	10976
ENSG00000173267	15	SNCG	1.0	10977
ENSG00000173269	15	MMRN2	1.0	10978
ENSG00000173272	15	MZT2A	1.0	10979
ENSG00000173273	15	TNKS	1.0	10980
ENSG00000173275	15	ZNF449	1.0	10981
ENSG00000173276	15	ZBTB21	1.0	10982
ENSG00000173281	15	PPP1R3B	1.0	10983
ENSG00000173320	15	STOX2	1.0	10984
ENSG00000173327	15	MAP3K11	1.0	10985
ENSG00000173334	15	TRIB1	1.0	10986
ENSG00000173338	15	KCNK7	1.0	10987
ENSG00000173349	15	SFT2D3	1.0	10988
ENSG00000173369	15	C1QB	1.0	10989
ENSG00000173372	15	C1QA	1.0	10990
ENSG00000173376	15	NDNF	1.0	10991
ENSG00000173391	15	OLR1	1.0	10992
ENSG00000173402	15	DAG1	1.0	10993
ENSG00000173406	15	DAB1	1.0	10994
ENSG00000173409	15	ARV1	1.0	10995
ENSG00000173418	15	NAA20	1.0	10996
ENSG00000173432	15	SAA1	1.0	10997
ENSG00000173442	15	EHBP1L1	1.0	10998
ENSG00000173451	15	THAP2	1.0	10999
ENSG00000173456	15	RNF26	1.0	11000
ENSG00000173457	15	PPP1R14B	1.0	11001
ENSG00000173467	15	AGR3	1.0	11002
ENSG00000173473	15	SMARCC1	1.0	11003
ENSG00000173480	15	ZNF417	1.0	11004
ENSG00000173482	15	PTPRM	1.0	11005
ENSG00000173486	15	FKBP2	1.0	11006
ENSG00000173511	15	VEGFB	1.0	11007
ENSG00000173517	15	PEAK1	1.0	11008
ENSG00000173530	15	TNFRSF10D	1.0	11009
ENSG00000173531	15	MST1	1.0	11010
ENSG00000173535	15	TNFRSF10C	1.0	11011
ENSG00000173540	15	GMPPB	1.0	11012
ENSG00000173542	15	MOB1B	1.0	11013
ENSG00000173545	15	ZNF622	1.0	11014
ENSG00000173546	15	CSPG4	1.0	11015
ENSG00000173548	15	SNX33	1.0	11016
ENSG00000173559	15	NABP1	1.0	11017
ENSG00000173575	15	CHD2	1.0	11018
ENSG00000173581	15	CCDC106	1.0	11019
ENSG00000173597	15	SULT1B1	1.0	11020
ENSG00000173598	15	NUDT4	1.0	11021
ENSG00000173599	15	PC	1.0	11022
ENSG00000173611	15	SCAI	1.0	11023
ENSG00000173614	15	NMNAT1	1.0	11024
ENSG00000173621	15	LRFN4	1.0	11025
ENSG00000173626	15	TRAPPC3L	1.0	11026
ENSG00000173638	15	SLC19A1	1.0	11027
ENSG00000173641	15	HSPB7	1.0	11028
ENSG00000173653	15	RCE1	1.0	11029
ENSG00000173660	15	UQCRH	1.0	11030
ENSG00000173662	15	TAS1R1	1.0	11031
ENSG00000173674	15	EIF1AX	1.0	11032
ENSG00000173692	15	PSMD1	1.0	11033
ENSG00000173705	15	SUSD5	1.0	11034
ENSG00000173706	15	HEG1	1.0	11035
ENSG00000173715	15	TOP6BL	1.0	11036
ENSG00000173726	15	TOMM20	1.0	11037
ENSG00000173744	15	AGFG1	1.0	11038
ENSG00000173757	15	STAT5B	1.0	11039
ENSG00000173762	15	CD7	1.0	11040
ENSG00000173786	15	CNP	1.0	11041
ENSG00000173801	15	JUP	1.0	11042
ENSG00000173805	15	HAP1	1.0	11043
ENSG00000173809	15	TDRD12	1.0	11044
ENSG00000173812	15	EIF1	1.0	11045
ENSG00000173818	15	ENDOV	1.0	11046
ENSG00000173821	15	RNF213	1.0	11047
ENSG00000173825	15	TIGD3	1.0	11048
ENSG00000173846	15	PLK3	1.0	11049
ENSG00000173848	15	NET1	1.0	11050
ENSG00000173852	15	DPY19L1	1.0	11051
ENSG00000173875	15	ZNF791	1.0	11052
ENSG00000173889	15	PHC3	1.0	11053
ENSG00000173890	15	GPR160	1.0	11054
ENSG00000173894	15	CBX2	1.0	11055
ENSG00000173898	15	SPTBN2	1.0	11056
ENSG00000173905	15	GOLIM4	1.0	11057
ENSG00000173914	15	RBM4B	1.0	11058
ENSG00000173917	15	HOXB2	1.0	11059
ENSG00000173918	15	C1QTNF1	1.0	11060
ENSG00000173928	15	SWSAP1	1.0	11061
ENSG00000173933	15	RBM4	1.0	11062
ENSG00000173947	15	CIMAP3	1.0	11063
ENSG00000173950	15	XXYLT1	1.0	11064
ENSG00000173960	15	UBXN2A	1.0	11065
ENSG00000173988	15	LRRC63	1.0	11066
ENSG00000173991	15	TCAP	1.0	11067
ENSG00000173992	15	CCS	1.0	11068
ENSG00000174004	15	NRROS	1.0	11069
ENSG00000174007	15	CEP19	1.0	11070
ENSG00000174010	15	KLHL15	1.0	11071
ENSG00000174013	15	FBXO45	1.0	11072
ENSG00000174021	15	GNG5	1.0	11073
ENSG00000174032	15	SLC25A30	1.0	11074
ENSG00000174059	15	CD34	1.0	11075
ENSG00000174080	15	CTSF	1.0	11076
ENSG00000174099	15	MSRB3	1.0	11077
ENSG00000174106	15	LEMD3	1.0	11078
ENSG00000174109	15	UQCC4	1.0	11079
ENSG00000174123	15	TLR10	1.0	11080
ENSG00000174125	15	TLR1	1.0	11081
ENSG00000174132	15	FAM174A	1.0	11082
ENSG00000174136	15	RGMB	1.0	11083
ENSG00000174137	15	FAM53A	1.0	11084
ENSG00000174151	15	CYB561D1	1.0	11085
ENSG00000174156	15	GSTA3	1.0	11086
ENSG00000174165	15	ZDHHC24	1.0	11087
ENSG00000174173	15	TRMT10C	1.0	11088
ENSG00000174175	15	SELP	1.0	11089
ENSG00000174177	15	CTU2	1.0	11090
ENSG00000174197	15	MGA	1.0	11091
ENSG00000174226	15	SNX31	1.0	11092
ENSG00000174227	15	PIGG	1.0	11093
ENSG00000174231	15	PRPF8	1.0	11094
ENSG00000174233	15	ADCY6	1.0	11095
ENSG00000174236	15	REP15	1.0	11096
ENSG00000174238	15	PITPNA	1.0	11097
ENSG00000174243	15	DDX23	1.0	11098
ENSG00000174255	15	ZNF80	1.0	11099
ENSG00000174276	15	ZNHIT2	1.0	11100
ENSG00000174282	15	ZBTB4	1.0	11101
ENSG00000174292	15	TNK1	1.0	11102
ENSG00000174306	15	ZHX3	1.0	11103
ENSG00000174307	15	PHLDA3	1.0	11104
ENSG00000174326	15	SLC16A11	1.0	11105
ENSG00000174327	15	SLC16A13	1.0	11106
ENSG00000174332	15	GLIS1	1.0	11107
ENSG00000174348	15	PODN	1.0	11108
ENSG00000174370	15	KCNJ5-AS1	1.0	11109
ENSG00000174371	15	EXO1	1.0	11110
ENSG00000174373	15	RALGAPA1	1.0	11111
ENSG00000174405	15	LIG4	1.0	11112
ENSG00000174428	15	GTF2IRD2B	1.0	11113
ENSG00000174437	15	ATP2A2	1.0	11114
ENSG00000174442	15	ZWILCH	1.0	11115
ENSG00000174444	15	RPL4	1.0	11116
ENSG00000174446	15	SNAPC5	1.0	11117
ENSG00000174456	15	C12orf76	1.0	11118
ENSG00000174460	15	ZCCHC12	1.0	11119
ENSG00000174469	15	CNTNAP2	1.0	11120
ENSG00000174473	15	GALNTL6	1.0	11121
ENSG00000174483	15	BBS1	1.0	11122
ENSG00000174485	15	DENND4A	1.0	11123
ENSG00000174498	15	IGDCC3	1.0	11124
ENSG00000174500	15	GCSAM	1.0	11125
ENSG00000174501	15	ANKRD36C	1.0	11126
ENSG00000174502	15	SLC26A9	1.0	11127
ENSG00000174516	15	PELI3	1.0	11128
ENSG00000174527	15	MYO1H	1.0	11129
ENSG00000174529	15	TMEM81	1.0	11130
ENSG00000174547	15	MRPL11	1.0	11131
ENSG00000174564	15	IL20RB	1.0	11132
ENSG00000174567	15	GOLT1A	1.0	11133
ENSG00000174574	15	AKIRIN1	1.0	11134
ENSG00000174579	15	MSL2	1.0	11135
ENSG00000174586	15	ZNF497	1.0	11136
ENSG00000174599	15	TRAM1L1	1.0	11137
ENSG00000174600	15	CMKLR1	1.0	11138
ENSG00000174606	15	ANGEL2	1.0	11139
ENSG00000174607	15	UGT8	1.0	11140
ENSG00000174628	15	IQCK	1.0	11141
ENSG00000174640	15	SLCO2A1	1.0	11142
ENSG00000174652	15	ZNF266	1.0	11143
ENSG00000174669	15	SLC29A2	1.0	11144
ENSG00000174672	15	BRSK2	1.0	11145
ENSG00000174695	15	TMEM167A	1.0	11146
ENSG00000174705	15	SH3PXD2B	1.0	11147
ENSG00000174720	15	LARP7	1.0	11148
ENSG00000174721	15	FGFBP3	1.0	11149
ENSG00000174738	15	NR1D2	1.0	11150
ENSG00000174740	15	PABPC5	1.0	11151
ENSG00000174744	15	BRMS1	1.0	11152
ENSG00000174748	15	RPL15	1.0	11153
ENSG00000174775	15	HRAS	1.0	11154
ENSG00000174776	15	WDR49	1.0	11155
ENSG00000174780	15	SRP72	1.0	11156
ENSG00000174788	15	PCP2	1.0	11157
ENSG00000174791	15	RIN1	1.0	11158
ENSG00000174796	15	THAP6	1.0	11159
ENSG00000174799	15	CEP135	1.0	11160
ENSG00000174804	15	FZD4	1.0	11161
ENSG00000174807	15	CD248	1.0	11162
ENSG00000174808	15	BTC	1.0	11163
ENSG00000174827	15	PDZK1	1.0	11164
ENSG00000174839	15	DENND6A	1.0	11165
ENSG00000174840	15	PDE12	1.0	11166
ENSG00000174842	15	GLMN	1.0	11167
ENSG00000174844	15	DNAH12	1.0	11168
ENSG00000174851	15	YIF1A	1.0	11169
ENSG00000174871	15	CNIH2	1.0	11170
ENSG00000174886	15	NDUFA11	1.0	11171
ENSG00000174891	15	RSRC1	1.0	11172
ENSG00000174898	15	CATSPERD	1.0	11173
ENSG00000174903	15	RAB1B	1.0	11174
ENSG00000174915	15	PTDSS2	1.0	11175
ENSG00000174928	15	C3orf33	1.0	11176
ENSG00000174938	15	SEZ6L2	1.0	11177
ENSG00000174939	15	ASPHD1	1.0	11178
ENSG00000174943	15	KCTD13	1.0	11179
ENSG00000174944	15	P2RY14	1.0	11180
ENSG00000174945	15	AMZ1	1.0	11181
ENSG00000174946	15	GPR171	1.0	11182
ENSG00000174950	15	CD164L2	1.0	11183
ENSG00000174951	15	FUT1	1.0	11184
ENSG00000174953	15	DHX36	1.0	11185
ENSG00000174989	15	FBXW8	1.0	11186
ENSG00000174990	15	CA5A	1.0	11187
ENSG00000174996	15	KLC2	1.0	11188
ENSG00000175003	15	SLC22A1	1.0	11189
ENSG00000175029	15	CTBP2	1.0	11190
ENSG00000175040	15	CHST2	1.0	11191
ENSG00000175048	15	ZDHHC14	1.0	11192
ENSG00000175054	15	ATR	1.0	11193
ENSG00000175063	15	UBE2C	1.0	11194
ENSG00000175066	15	GK5	1.0	11195
ENSG00000175073	15	VCPIP1	1.0	11196
ENSG00000175084	15	DES	1.0	11197
ENSG00000175087	15	PDIK1L	1.0	11198
ENSG00000175093	15	SPSB4	1.0	11199
ENSG00000175104	15	TRAF6	1.0	11200
ENSG00000175105	15	ZNF654	1.0	11201
ENSG00000175106	15	TVP23C	1.0	11202
ENSG00000175110	15	MRPS22	1.0	11203
ENSG00000175115	15	PACS1	1.0	11204
ENSG00000175130	15	MARCKSL1	1.0	11205
ENSG00000175137	15	SH3BP5L	1.0	11206
ENSG00000175155	15	YPEL2	1.0	11207
ENSG00000175161	15	CADM2	1.0	11208
ENSG00000175166	15	PSMD2	1.0	11209
ENSG00000175182	15	FAM131A	1.0	11210
ENSG00000175183	15	CSRP2	1.0	11211
ENSG00000175193	15	PARL	1.0	11212
ENSG00000175197	15	DDIT3	1.0	11213
ENSG00000175198	15	PCCA	1.0	11214
ENSG00000175203	15	DCTN2	1.0	11215
ENSG00000175213	15	ZNF408	1.0	11216
ENSG00000175215	15	CTDSP2	1.0	11217
ENSG00000175216	15	CKAP5	1.0	11218
ENSG00000175220	15	ARHGAP1	1.0	11219
ENSG00000175221	15	MED16	1.0	11220
ENSG00000175224	15	ATG13	1.0	11221
ENSG00000175264	15	CHST1	1.0	11222
ENSG00000175265	15	GOLGA8A	1.0	11223
ENSG00000175274	15	TP53I11	1.0	11224
ENSG00000175283	15	DOLK	1.0	11225
ENSG00000175287	15	PHYHD1	1.0	11226
ENSG00000175294	15	CATSPER1	1.0	11227
ENSG00000175305	15	CCNE2	1.0	11228
ENSG00000175309	15	PHYKPL	1.0	11229
ENSG00000175311	15	ANKS4B	1.0	11230
ENSG00000175315	15	CST6	1.0	11231
ENSG00000175322	15	ZNF519	1.0	11232
ENSG00000175324	15	LSM1	1.0	11233
ENSG00000175334	15	BANF1	1.0	11234
ENSG00000175336	15	APOF	1.0	11235
ENSG00000175344	15	CHRNA7	1.0	11236
ENSG00000175348	15	TMEM9B	1.0	11237
ENSG00000175352	15	NRIP3	1.0	11238
ENSG00000175354	15	PTPN2	1.0	11239
ENSG00000175356	15	SCUBE2	1.0	11240
ENSG00000175376	15	EIF1AD	1.0	11241
ENSG00000175387	15	SMAD2	1.0	11242
ENSG00000175390	15	EIF3F	1.0	11243
ENSG00000175395	15	ZNF25	1.0	11244
ENSG00000175414	15	ARL10	1.0	11245
ENSG00000175416	15	CLTB	1.0	11246
ENSG00000175426	15	PCSK1	1.0	11247
ENSG00000175445	15	LPL	1.0	11248
ENSG00000175449	15	RFESD	1.0	11249
ENSG00000175455	15	CCDC14	1.0	11250
ENSG00000175463	15	TBC1D10C	1.0	11251
ENSG00000175467	15	SART1	1.0	11252
ENSG00000175470	15	PPP2R2D	1.0	11253
ENSG00000175471	15	MCTP1	1.0	11254
ENSG00000175482	15	POLD4	1.0	11255
ENSG00000175489	15	LRRC25	1.0	11256
ENSG00000175505	15	CLCF1	1.0	11257
ENSG00000175536	15	LIPT2	1.0	11258
ENSG00000175538	15	KCNE3	1.0	11259
ENSG00000175544	15	CABP4	1.0	11260
ENSG00000175548	15	ALG10B	1.0	11261
ENSG00000175550	15	DRAP1	1.0	11262
ENSG00000175556	15	LONRF3	1.0	11263
ENSG00000175564	15	UCP3	1.0	11264
ENSG00000175567	15	UCP2	1.0	11265
ENSG00000175573	15	C11orf68	1.0	11266
ENSG00000175575	15	PAAF1	1.0	11267
ENSG00000175581	15	MRPL48	1.0	11268
ENSG00000175582	15	RAB6A	1.0	11269
ENSG00000175591	15	P2RY2	1.0	11270
ENSG00000175592	15	FOSL1	1.0	11271
ENSG00000175595	15	ERCC4	1.0	11272
ENSG00000175600	15	SUGCT	1.0	11273
ENSG00000175602	15	CCDC85B	1.0	11274
ENSG00000175606	15	TMEM70	1.0	11275
ENSG00000175634	15	RPS6KB2	1.0	11276
ENSG00000175643	15	RMI2	1.0	11277
ENSG00000175662	15	TOM1L2	1.0	11278
ENSG00000175691	15	ZNF77	1.0	11279
ENSG00000175711	15	B3GNTL1	1.0	11280
ENSG00000175727	15	MLXIP	1.0	11281
ENSG00000175745	15	NR2F1	1.0	11282
ENSG00000175756	15	AURKAIP1	1.0	11283
ENSG00000175764	15	TTLL11	1.0	11284
ENSG00000175782	15	SLC35E3	1.0	11285
ENSG00000175785	15	PRIMA1	1.0	11286
ENSG00000175787	15	ZNF169	1.0	11287
ENSG00000175792	15	RUVBL1	1.0	11288
ENSG00000175793	15	SFN	1.0	11289
ENSG00000175806	15	MSRA	1.0	11290
ENSG00000175820	15	CCDC168	1.0	11291
ENSG00000175826	15	CTDNEP1	1.0	11292
ENSG00000175832	15	ETV4	1.0	11293
ENSG00000175854	15	SWI5	1.0	11294
ENSG00000175857	15	GAPT	1.0	11295
ENSG00000175866	15	BAIAP2	1.0	11296
ENSG00000175868	15	CALCB	1.0	11297
ENSG00000175874	15	CREG2	1.0	11298
ENSG00000175879	15	HOXD8	1.0	11299
ENSG00000175893	15	ZDHHC21	1.0	11300
ENSG00000175895	15	PLEKHF2	1.0	11301
ENSG00000175899	15	A2M	1.0	11302
ENSG00000175906	15	ARL4D	1.0	11303
ENSG00000175920	15	DOK7	1.0	11304
ENSG00000175928	15	LRRN1	1.0	11305
ENSG00000175931	15	UBE2O	1.0	11306
ENSG00000175938	15	ORAI3	1.0	11307
ENSG00000175970	15	UNC119B	1.0	11308
ENSG00000175984	15	DENND2C	1.0	11309
ENSG00000175985	15	PLEKHD1	1.0	11310
ENSG00000176014	15	TUBB6	1.0	11311
ENSG00000176018	15	LYSMD3	1.0	11312
ENSG00000176022	15	B3GALT6	1.0	11313
ENSG00000176024	15	ZNF613	1.0	11314
ENSG00000176029	15	C11orf16	1.0	11315
ENSG00000176040	15	TMPRSS7	1.0	11316
ENSG00000176046	15	NUPR1	1.0	11317
ENSG00000176055	15	MBLAC2	1.0	11318
ENSG00000176058	15	TPRN	1.0	11319
ENSG00000176083	15	ZNF683	1.0	11320
ENSG00000176087	15	SLC35A4	1.0	11321
ENSG00000176095	15	IP6K1	1.0	11322
ENSG00000176101	15	SSNA1	1.0	11323
ENSG00000176102	15	CSTF3	1.0	11324
ENSG00000176105	15	YES1	1.0	11325
ENSG00000176108	15	CHMP6	1.0	11326
ENSG00000176125	15	UFSP1	1.0	11327
ENSG00000176142	15	TMEM39A	1.0	11328
ENSG00000176148	15	TCP11L1	1.0	11329
ENSG00000176153	15	GPX2	1.0	11330
ENSG00000176155	15	CCDC57	1.0	11331
ENSG00000176170	15	SPHK1	1.0	11332
ENSG00000176171	15	BNIP3	1.0	11333
ENSG00000176182	15	MYPOP	1.0	11334
ENSG00000176194	15	CIDEA	1.0	11335
ENSG00000176208	15	ATAD5	1.0	11336
ENSG00000176209	15	SMIM19	1.0	11337
ENSG00000176222	15	ZNF404	1.0	11338
ENSG00000176225	15	RTTN	1.0	11339
ENSG00000176244	15	ACBD7	1.0	11340
ENSG00000176248	15	ANAPC2	1.0	11341
ENSG00000176261	15	ZBTB8OS	1.0	11342
ENSG00000176273	15	SLC35G1	1.0	11343
ENSG00000176293	15	ZNF135	1.0	11344
ENSG00000176340	15	COX8A	1.0	11345
ENSG00000176371	15	ZSCAN2	1.0	11346
ENSG00000176381	15	PRR18	1.0	11347
ENSG00000176383	15	B3GNT4	1.0	11348
ENSG00000176386	15	CDC26	1.0	11349
ENSG00000176387	15	HSD11B2	1.0	11350
ENSG00000176390	15	CRLF3	1.0	11351
ENSG00000176393	15	RNPEP	1.0	11352
ENSG00000176396	15	EID2	1.0	11353
ENSG00000176399	15	DMRTA1	1.0	11354
ENSG00000176401	15	EID2B	1.0	11355
ENSG00000176402	15	GJC3	1.0	11356
ENSG00000176406	15	RIMS2	1.0	11357
ENSG00000176407	15	KCMF1	1.0	11358
ENSG00000176410	15	DNAJC30	1.0	11359
ENSG00000176422	15	SPRYD4	1.0	11360
ENSG00000176428	15	VPS37D	1.0	11361
ENSG00000176435	15	CLEC14A	1.0	11362
ENSG00000176438	15	SYNE3	1.0	11363
ENSG00000176444	15	CLK2	1.0	11364
ENSG00000176454	15	LPCAT4	1.0	11365
ENSG00000176463	15	SLCO3A1	1.0	11366
ENSG00000176472	15	ZNF575	1.0	11367
ENSG00000176473	15	WDR25	1.0	11368
ENSG00000176490	15	DIRAS1	1.0	11369
ENSG00000176531	15	PHLDB3	1.0	11370
ENSG00000176532	15	PRR15	1.0	11371
ENSG00000176533	15	GNG7	1.0	11372
ENSG00000176563	15	CNTD1	1.0	11373
ENSG00000176595	15	KBTBD11	1.0	11374
ENSG00000176597	15	B3GNT5	1.0	11375
ENSG00000176619	15	LMNB2	1.0	11376
ENSG00000176623	15	RMDN1	1.0	11377
ENSG00000176624	15	MEX3C	1.0	11378
ENSG00000176641	15	RNF152	1.0	11379
ENSG00000176658	15	MYO1D	1.0	11380
ENSG00000176678	15	FOXL1	1.0	11381
ENSG00000176681	15	LRRC37A	1.0	11382
ENSG00000176692	15	FOXC2	1.0	11383
ENSG00000176697	15	BDNF	1.0	11384
ENSG00000176714	15	CCDC121	1.0	11385
ENSG00000176715	15	ACSF3	1.0	11386
ENSG00000176720	15	BOK	1.0	11387
ENSG00000176723	15	ZNF843	1.0	11388
ENSG00000176732	15	PFN4	1.0	11389
ENSG00000176749	15	CDK5R1	1.0	11390
ENSG00000176769	15	TCERG1L	1.0	11391
ENSG00000176771	15	NCKAP5	1.0	11392
ENSG00000176783	15	RUFY1	1.0	11393
ENSG00000176788	15	BASP1	1.0	11394
ENSG00000176809	15	LRRC37A3	1.0	11395
ENSG00000176834	15	VSIG10	1.0	11396
ENSG00000176842	15	IRX5	1.0	11397
ENSG00000176845	15	METRNL	1.0	11398
ENSG00000176853	15	FAM91A1	1.0	11399
ENSG00000176871	15	WSB2	1.0	11400
ENSG00000176884	15	GRIN1	1.0	11401
ENSG00000176887	15	SOX11	1.0	11402
ENSG00000176890	15	TYMS	1.0	11403
ENSG00000176894	15	PXMP2	1.0	11404
ENSG00000176896	15	TCEANC	1.0	11405
ENSG00000176903	15	PNMA1	1.0	11406
ENSG00000176909	15	MAMSTR	1.0	11407
ENSG00000176915	15	ANKLE2	1.0	11408
ENSG00000176919	15	C8G	1.0	11409
ENSG00000176920	15	FUT2	1.0	11410
ENSG00000176927	15	EFCAB5	1.0	11411
ENSG00000176928	15	GCNT4	1.0	11412
ENSG00000176945	15	MUC20	1.0	11413
ENSG00000176946	15	THAP4	1.0	11414
ENSG00000176953	15	NFATC2IP	1.0	11415
ENSG00000176956	15	LY6H	1.0	11416
ENSG00000176971	15	FIBIN	1.0	11417
ENSG00000176973	15	FAM89B	1.0	11418
ENSG00000176974	15	SHMT1	1.0	11419
ENSG00000176978	15	DPP7	1.0	11420
ENSG00000176979	15	TRIM60	1.0	11421
ENSG00000176986	15	SEC24C	1.0	11422
ENSG00000176994	15	SMCR8	1.0	11423
ENSG00000177000	15	MTHFR	1.0	11424
ENSG00000177025	15	C19orf18	1.0	11425
ENSG00000177030	15	DEAF1	1.0	11426
ENSG00000177034	15	MTX3	1.0	11427
ENSG00000177045	15	SIX5	1.0	11428
ENSG00000177051	15	FBXO46	1.0	11429
ENSG00000177054	15	ZDHHC13	1.0	11430
ENSG00000177058	15	SLC38A9	1.0	11431
ENSG00000177076	15	ACER2	1.0	11432
ENSG00000177082	15	WDR73	1.0	11433
ENSG00000177084	15	POLE	1.0	11434
ENSG00000177098	15	SCN4B	1.0	11435
ENSG00000177103	15	DSCAML1	1.0	11436
ENSG00000177105	15	RHOG	1.0	11437
ENSG00000177106	15	EPS8L2	1.0	11438
ENSG00000177119	15	ANO6	1.0	11439
ENSG00000177125	15	ZBTB34	1.0	11440
ENSG00000177150	15	FAM210A	1.0	11441
ENSG00000177156	15	TALDO1	1.0	11442
ENSG00000177169	15	ULK1	1.0	11443
ENSG00000177181	15	RIMKLA	1.0	11444
ENSG00000177189	15	RPS6KA3	1.0	11445
ENSG00000177191	15	B3GNT8	1.0	11446
ENSG00000177192	15	PUS1	1.0	11447
ENSG00000177200	15	CHD9	1.0	11448
ENSG00000177238	15	TRIM72	1.0	11449
ENSG00000177239	15	MAN1B1	1.0	11450
ENSG00000177272	15	KCNA3	1.0	11451
ENSG00000177283	15	FZD8	1.0	11452
ENSG00000177294	15	FBXO39	1.0	11453
ENSG00000177302	15	TOP3A	1.0	11454
ENSG00000177303	15	CASKIN2	1.0	11455
ENSG00000177311	15	ZBTB38	1.0	11456
ENSG00000177352	15	CCDC71	1.0	11457
ENSG00000177363	15	LRRN4CL	1.0	11458
ENSG00000177370	15	TIMM22	1.0	11459
ENSG00000177374	15	HIC1	1.0	11460
ENSG00000177380	15	PPFIA3	1.0	11461
ENSG00000177383	15	MAGEF1	1.0	11462
ENSG00000177398	15	UMODL1	1.0	11463
ENSG00000177409	15	SAMD9L	1.0	11464
ENSG00000177410	15	ZFAS1	1.0	11465
ENSG00000177425	15	PAWR	1.0	11466
ENSG00000177426	15	TGIF1	1.0	11467
ENSG00000177427	15	MIEF2	1.0	11468
ENSG00000177432	15	NAP1L5	1.0	11469
ENSG00000177453	15	NIM1K	1.0	11470
ENSG00000177455	15	CD19	1.0	11471
ENSG00000177463	15	NR2C2	1.0	11472
ENSG00000177465	15	ACOT4	1.0	11473
ENSG00000177479	15	ARIH2	1.0	11474
ENSG00000177483	15	RBM44	1.0	11475
ENSG00000177485	15	ZBTB33	1.0	11476
ENSG00000177494	15	ZBED2	1.0	11477
ENSG00000177508	15	IRX3	1.0	11478
ENSG00000177519	15	RPRM	1.0	11479
ENSG00000177542	15	SLC25A22	1.0	11480
ENSG00000177548	15	RABEP2	1.0	11481
ENSG00000177556	15	ATOX1	1.0	11482
ENSG00000177565	15	TBL1XR1	1.0	11483
ENSG00000177570	15	SAMD12	1.0	11484
ENSG00000177575	15	CD163	1.0	11485
ENSG00000177576	15	C18orf32	1.0	11486
ENSG00000177599	15	ZNF491	1.0	11487
ENSG00000177600	15	RPLP2	1.0	11488
ENSG00000177606	15	JUN	1.0	11489
ENSG00000177613	15	CSTF2T	1.0	11490
ENSG00000177614	15	PGBD5	1.0	11491
ENSG00000177627	15	C12orf54	1.0	11492
ENSG00000177628	15	GBA1	1.0	11493
ENSG00000177640	15	CASC2	1.0	11494
ENSG00000177646	15	ACAD9	1.0	11495
ENSG00000177663	15	IL17RA	1.0	11496
ENSG00000177666	15	PNPLA2	1.0	11497
ENSG00000177674	15	AGTRAP	1.0	11498
ENSG00000177675	15	CD163L1	1.0	11499
ENSG00000177679	15	SRRM3	1.0	11500
ENSG00000177683	15	THAP5	1.0	11501
ENSG00000177689	15	MAGEB10	1.0	11502
ENSG00000177692	15	DNAJC28	1.0	11503
ENSG00000177694	15	NAALADL2	1.0	11504
ENSG00000177697	15	CD151	1.0	11505
ENSG00000177700	15	POLR2L	1.0	11506
ENSG00000177706	15	FAM20C	1.0	11507
ENSG00000177710	15	SLC35G5	1.0	11508
ENSG00000177721	15	ANXA2R	1.0	11509
ENSG00000177731	15	FLII	1.0	11510
ENSG00000177732	15	SOX12	1.0	11511
ENSG00000177733	15	HNRNPA0	1.0	11512
ENSG00000177757	15	FAM87B	1.0	11513
ENSG00000177791	15	MYOZ1	1.0	11514
ENSG00000177830	15	CHID1	1.0	11515
ENSG00000177842	15	ZNF620	1.0	11516
ENSG00000177854	15	TMEM187	1.0	11517
ENSG00000177873	15	ZNF619	1.0	11518
ENSG00000177879	15	AP3S1	1.0	11519
ENSG00000177885	15	GRB2	1.0	11520
ENSG00000177888	15	ZBTB41	1.0	11521
ENSG00000177889	15	UBE2N	1.0	11522
ENSG00000177917	15	ARL6IP6	1.0	11523
ENSG00000177932	15	ZNF354C	1.0	11524
ENSG00000177943	15	MAMDC4	1.0	11525
ENSG00000177951	15	BET1L	1.0	11526
ENSG00000177954	15	RPS27	1.0	11527
ENSG00000177963	15	RIC8A	1.0	11528
ENSG00000177971	15	IMP3	1.0	11529
ENSG00000177981	15	ASB8	1.0	11530
ENSG00000177989	15	CIMAP1B	1.0	11531
ENSG00000177990	15	DPY19L2	1.0	11532
ENSG00000177993	15	ZNRF3-AS1	1.0	11533
ENSG00000177994	15	CIMIP6	1.0	11534
ENSG00000178015	15	GPR150	1.0	11535
ENSG00000178028	15	DMAP1	1.0	11536
ENSG00000178031	15	ADAMTSL1	1.0	11537
ENSG00000178035	15	IMPDH2	1.0	11538
ENSG00000178038	15	ALS2CL	1.0	11539
ENSG00000178053	15	MLF1	1.0	11540
ENSG00000178057	15	NDUFAF3	1.0	11541
ENSG00000178074	15	C2orf69	1.0	11542
ENSG00000178075	15	GRAMD1C	1.0	11543
ENSG00000178078	15	STAP2	1.0	11544
ENSG00000178093	15	TSSK6	1.0	11545
ENSG00000178096	15	BOLA1	1.0	11546
ENSG00000178104	15	PDE4DIP	1.0	11547
ENSG00000178105	15	DDX10	1.0	11548
ENSG00000178115	15	GOLGA8Q	1.0	11549
ENSG00000178125	15	PPP1R42	1.0	11550
ENSG00000178127	15	NDUFV2	1.0	11551
ENSG00000178149	15	DALRD3	1.0	11552
ENSG00000178150	15	ZNF114	1.0	11553
ENSG00000178163	15	ZNF518B	1.0	11554
ENSG00000178175	15	ZNF366	1.0	11555
ENSG00000178177	15	LCORL	1.0	11556
ENSG00000178184	15	PARD6G	1.0	11557
ENSG00000178187	15	ZNF454	1.0	11558
ENSG00000178188	15	SH2B1	1.0	11559
ENSG00000178199	15	ZC3H12D	1.0	11560
ENSG00000178209	15	PLEC	1.0	11561
ENSG00000178222	15	RNF212	1.0	11562
ENSG00000178226	15	PRSS36	1.0	11563
ENSG00000178229	15	ZNF543	1.0	11564
ENSG00000178233	15	TMEM151B	1.0	11565
ENSG00000178234	15	GALNT11	1.0	11566
ENSG00000178252	15	WDR6	1.0	11567
ENSG00000178295	15	GEN1	1.0	11568
ENSG00000178297	15	TMPRSS9	1.0	11569
ENSG00000178301	15	AQP11	1.0	11570
ENSG00000178307	15	TMEM11	1.0	11571
ENSG00000178338	15	ZNF354B	1.0	11572
ENSG00000178343	15	SHISA3	1.0	11573
ENSG00000178363	15	CALML3	1.0	11574
ENSG00000178372	15	CALML5	1.0	11575
ENSG00000178381	15	ZFAND2A	1.0	11576
ENSG00000178385	15	PLEKHM3	1.0	11577
ENSG00000178397	15	FAM220A	1.0	11578
ENSG00000178401	15	DNAJC22	1.0	11579
ENSG00000178403	15	NEUROG2	1.0	11580
ENSG00000178409	15	BEND3	1.0	11581
ENSG00000178425	15	NT5DC1	1.0	11582
ENSG00000178445	15	GLDC	1.0	11583
ENSG00000178449	15	COX14	1.0	11584
ENSG00000178460	15	MCMDC2	1.0	11585
ENSG00000178462	15	TUBAL3	1.0	11586
ENSG00000178467	15	P4HTM	1.0	11587
ENSG00000178498	15	DTX3	1.0	11588
ENSG00000178502	15	KLHL11	1.0	11589
ENSG00000178531	15	CTXN1	1.0	11590
ENSG00000178537	15	SLC25A20	1.0	11591
ENSG00000178538	15	CA8	1.0	11592
ENSG00000178562	15	CD28	1.0	11593
ENSG00000178567	15	EPM2AIP1	1.0	11594
ENSG00000178568	15	ERBB4	1.0	11595
ENSG00000178573	15	MAF	1.0	11596
ENSG00000178585	15	CTNNBIP1	1.0	11597
ENSG00000178605	15	GTPBP6	1.0	11598
ENSG00000178607	15	ERN1	1.0	11599
ENSG00000178623	15	GPR35	1.0	11600
ENSG00000178662	15	CSRNP3	1.0	11601
ENSG00000178685	15	PARP10	1.0	11602
ENSG00000178691	15	SUZ12	1.0	11603
ENSG00000178694	15	NSUN3	1.0	11604
ENSG00000178695	15	KCTD12	1.0	11605
ENSG00000178718	15	RPP25	1.0	11606
ENSG00000178719	15	GRINA	1.0	11607
ENSG00000178726	15	THBD	1.0	11608
ENSG00000178741	15	COX5A	1.0	11609
ENSG00000178750	15	STX19	1.0	11610
ENSG00000178761	15	FAM219B	1.0	11611
ENSG00000178764	15	ZHX2	1.0	11612
ENSG00000178773	15	CPNE7	1.0	11613
ENSG00000178776	15	C5orf46	1.0	11614
ENSG00000178796	15	RIIAD1	1.0	11615
ENSG00000178802	15	MPI	1.0	11616
ENSG00000178803	15	ADORA2A-AS1	1.0	11617
ENSG00000178809	15	TRIM73	1.0	11618
ENSG00000178814	15	OPLAH	1.0	11619
ENSG00000178821	15	TMEM52	1.0	11620
ENSG00000178826	15	TMEM139	1.0	11621
ENSG00000178828	15	RNF186	1.0	11622
ENSG00000178852	15	EFCAB13	1.0	11623
ENSG00000178860	15	MSC	1.0	11624
ENSG00000178878	15	APOLD1	1.0	11625
ENSG00000178896	15	EXOSC4	1.0	11626
ENSG00000178904	15	DPY19L3	1.0	11627
ENSG00000178913	15	TAF7	1.0	11628
ENSG00000178917	15	ZNF852	1.0	11629
ENSG00000178921	15	PFAS	1.0	11630
ENSG00000178922	15	HYI	1.0	11631
ENSG00000178935	15	ZNF552	1.0	11632
ENSG00000178950	15	GAK	1.0	11633
ENSG00000178951	15	ZBTB7A	1.0	11634
ENSG00000178952	15	TUFM	1.0	11635
ENSG00000178966	15	RMI1	1.0	11636
ENSG00000178971	15	CTC1	1.0	11637
ENSG00000178974	15	FBXO34	1.0	11638
ENSG00000178977	15	LINC00324	1.0	11639
ENSG00000178982	15	EIF3K	1.0	11640
ENSG00000178988	15	MRFAP1L1	1.0	11641
ENSG00000178996	15	SNX18	1.0	11642
ENSG00000178999	15	AURKB	1.0	11643
ENSG00000179010	15	MRFAP1	1.0	11644
ENSG00000179021	15	C3orf38	1.0	11645
ENSG00000179023	15	KLHDC7A	1.0	11646
ENSG00000179029	15	TMEM107	1.0	11647
ENSG00000179041	15	RRS1	1.0	11648
ENSG00000179044	15	EXOC3L1	1.0	11649
ENSG00000179046	15	TRIML2	1.0	11650
ENSG00000179051	15	RCC2	1.0	11651
ENSG00000179057	15	IGSF22	1.0	11652
ENSG00000179058	15	C9orf50	1.0	11653
ENSG00000179071	15	CCDC89	1.0	11654
ENSG00000179083	15	FAM133A	1.0	11655
ENSG00000179085	15	DPM3	1.0	11656
ENSG00000179088	15	C12orf42	1.0	11657
ENSG00000179091	15	CYC1	1.0	11658
ENSG00000179094	15	PER1	1.0	11659
ENSG00000179097	15	HTR1F	1.0	11660
ENSG00000179104	15	TMTC2	1.0	11661
ENSG00000179111	15	HES7	1.0	11662
ENSG00000179115	15	FARSA	1.0	11663
ENSG00000179119	15	SPTY2D1	1.0	11664
ENSG00000179133	15	C10orf67	1.0	11665
ENSG00000179134	15	SAMD4B	1.0	11666
ENSG00000179144	15	GIMAP7	1.0	11667
ENSG00000179148	15	ALOXE3	1.0	11668
ENSG00000179151	15	EDC3	1.0	11669
ENSG00000179152	15	TCAIM	1.0	11670
ENSG00000179163	15	FUCA1	1.0	11671
ENSG00000179168	15	GGN	1.0	11672
ENSG00000179178	15	TMEM125	1.0	11673
ENSG00000179195	15	ZNF664	1.0	11674
ENSG00000179218	15	CALR	1.0	11675
ENSG00000179222	15	MAGED1	1.0	11676
ENSG00000179241	15	LDLRAD3	1.0	11677
ENSG00000179242	15	CDH4	1.0	11678
ENSG00000179256	15	SMCO3	1.0	11679
ENSG00000179262	15	RAD23A	1.0	11680
ENSG00000179271	15	GADD45GIP1	1.0	11681
ENSG00000179284	15	DAND5	1.0	11682
ENSG00000179292	15	TMEM151A	1.0	11683
ENSG00000179295	15	PTPN11	1.0	11684
ENSG00000179299	15	NSUN7	1.0	11685
ENSG00000179314	15	WSCD1	1.0	11686
ENSG00000179335	15	CLK3	1.0	11687
ENSG00000179344	15	HLA-DQB1	1.0	11688
ENSG00000179348	15	GATA2	1.0	11689
ENSG00000179361	15	ARID3B	1.0	11690
ENSG00000179363	15	TMEM31	1.0	11691
ENSG00000179364	15	PACS2	1.0	11692
ENSG00000179387	15	ELMOD2	1.0	11693
ENSG00000179388	15	EGR3	1.0	11694
ENSG00000179403	15	VWA1	1.0	11695
ENSG00000179409	15	GEMIN4	1.0	11696
ENSG00000179431	15	FJX1	1.0	11697
ENSG00000179454	15	KLHL28	1.0	11698
ENSG00000179455	15	MKRN3	1.0	11699
ENSG00000179456	15	ZBTB18	1.0	11700
ENSG00000179476	15	C14orf28	1.0	11701
ENSG00000179477	15	ALOX12B	1.0	11702
ENSG00000179526	15	SHARPIN	1.0	11703
ENSG00000179528	15	LBX2	1.0	11704
ENSG00000179532	15	DNHD1	1.0	11705
ENSG00000179542	15	SLITRK4	1.0	11706
ENSG00000179562	15	GCC1	1.0	11707
ENSG00000179564	15	LSMEM2	1.0	11708
ENSG00000179583	15	CIITA	1.0	11709
ENSG00000179588	15	ZFPM1	1.0	11710
ENSG00000179593	15	ALOX15B	1.0	11711
ENSG00000179598	15	PLD6	1.0	11712
ENSG00000179604	15	CDC42EP4	1.0	11713
ENSG00000179627	15	ZBTB42	1.0	11714
ENSG00000179630	15	LACC1	1.0	11715
ENSG00000179632	15	MAF1	1.0	11716
ENSG00000179636	15	TPPP2	1.0	11717
ENSG00000179673	15	RPRML	1.0	11718
ENSG00000179674	15	ARL14	1.0	11719
ENSG00000179709	15	NLRP8	1.0	11720
ENSG00000179715	15	PCED1B	1.0	11721
ENSG00000179750	15	APOBEC3B	1.0	11722
ENSG00000179761	15	PIPOX	1.0	11723
ENSG00000179772	15	FOXS1	1.0	11724
ENSG00000179774	15	ATOH7	1.0	11725
ENSG00000179776	15	CDH5	1.0	11726
ENSG00000179796	15	LRRC3B	1.0	11727
ENSG00000179820	15	MYADM	1.0	11728
ENSG00000179826	15	MRGPRX3	1.0	11729
ENSG00000179832	15	MROH1	1.0	11730
ENSG00000179833	15	SERTAD2	1.0	11731
ENSG00000179841	15	AKAP5	1.0	11732
ENSG00000179846	15	NKPD1	1.0	11733
ENSG00000179855	15	GIPC3	1.0	11734
ENSG00000179862	15	CITED4	1.0	11735
ENSG00000179869	15	ABCA13	1.0	11736
ENSG00000179886	15	TIGD5	1.0	11737
ENSG00000179889	15	PDXDC1	1.0	11738
ENSG00000179909	15	ZNF154	1.0	11739
ENSG00000179912	15	R3HDM2	1.0	11740
ENSG00000179913	15	B3GNT3	1.0	11741
ENSG00000179915	15	NRXN1	1.0	11742
ENSG00000179918	15	SEPHS2	1.0	11743
ENSG00000179921	15	GPBAR1	1.0	11744
ENSG00000179922	15	ZNF784	1.0	11745
ENSG00000179933	15	C14orf119	1.0	11746
ENSG00000179941	15	BBS10	1.0	11747
ENSG00000179943	15	FIZ1	1.0	11748
ENSG00000179950	15	PUF60	1.0	11749
ENSG00000179954	15	SSC5D	1.0	11750
ENSG00000179958	15	DCTPP1	1.0	11751
ENSG00000179965	15	ZNF771	1.0	11752
ENSG00000179981	15	TSHZ1	1.0	11753
ENSG00000179988	15	PSTK	1.0	11754
ENSG00000180008	15	SOCS4	1.0	11755
ENSG00000180011	15	PTGR3	1.0	11756
ENSG00000180035	15	ZNF48	1.0	11757
ENSG00000180044	15	C3orf80	1.0	11758
ENSG00000180071	15	ANKRD18A	1.0	11759
ENSG00000180089	15	TMEM86B	1.0	11760
ENSG00000180098	15	TRNAU1AP	1.0	11761
ENSG00000180104	15	EXOC3	1.0	11762
ENSG00000180113	15	TDRD6	1.0	11763
ENSG00000180176	15	TH	1.0	11764
ENSG00000180182	15	MED14	1.0	11765
ENSG00000180185	15	FAHD1	1.0	11766
ENSG00000180190	15	TDRP	1.0	11767
ENSG00000180198	15	RCC1	1.0	11768
ENSG00000180209	15	MYL11	1.0	11769
ENSG00000180228	15	PRKRA	1.0	11770
ENSG00000180233	15	ZNRF2	1.0	11771
ENSG00000180257	15	ZNF816	1.0	11772
ENSG00000180263	15	FGD6	1.0	11773
ENSG00000180287	15	PLD5	1.0	11774
ENSG00000180304	15	OAZ2	1.0	11775
ENSG00000180329	15	CCDC43	1.0	11776
ENSG00000180332	15	KCTD4	1.0	11777
ENSG00000180340	15	FZD2	1.0	11778
ENSG00000180346	15	TIGD2	1.0	11779
ENSG00000180353	15	HCLS1	1.0	11780
ENSG00000180354	15	MTURN	1.0	11781
ENSG00000180357	15	ZNF609	1.0	11782
ENSG00000180370	15	PAK2	1.0	11783
ENSG00000180376	15	CCDC66	1.0	11784
ENSG00000180383	15	DEFB124	1.0	11785
ENSG00000180398	15	MCFD2	1.0	11786
ENSG00000180423	15	HARBI1	1.0	11787
ENSG00000180440	15	SERTM1	1.0	11788
ENSG00000180447	15	GAS1	1.0	11789
ENSG00000180479	15	ZNF571	1.0	11790
ENSG00000180481	15	GLIPR1L2	1.0	11791
ENSG00000180509	15	KCNE1	1.0	11792
ENSG00000180530	15	NRIP1	1.0	11793
ENSG00000180537	15	RNF182	1.0	11794
ENSG00000180543	15	TSPYL5	1.0	11795
ENSG00000180592	15	SKIDA1	1.0	11796
ENSG00000180611	15	MB21D2	1.0	11797
ENSG00000180616	15	SSTR2	1.0	11798
ENSG00000180626	15	ZNF594	1.0	11799
ENSG00000180628	15	PCGF5	1.0	11800
ENSG00000180644	15	PRF1	1.0	11801
ENSG00000180660	15	MAB21L1	1.0	11802
ENSG00000180667	15	YOD1	1.0	11803
ENSG00000180694	15	TMEM64	1.0	11804
ENSG00000180730	15	SHISA2	1.0	11805
ENSG00000180739	15	S1PR5	1.0	11806
ENSG00000180745	15	CLRN3	1.0	11807
ENSG00000180758	15	GPR157	1.0	11808
ENSG00000180773	15	SLC36A4	1.0	11809
ENSG00000180776	15	ZDHHC20	1.0	11810
ENSG00000180777	15	ANKRD30B	1.0	11811
ENSG00000180785	15	OR51E1	1.0	11812
ENSG00000180787	15	ZFP3	1.0	11813
ENSG00000180801	15	ARSJ	1.0	11814
ENSG00000180815	15	MAP3K15	1.0	11815
ENSG00000180817	15	PPA1	1.0	11816
ENSG00000180818	15	HOXC10	1.0	11817
ENSG00000180822	15	PSMG4	1.0	11818
ENSG00000180828	15	BHLHE22	1.0	11819
ENSG00000180875	15	GREM2	1.0	11820
ENSG00000180879	15	SSR4	1.0	11821
ENSG00000180881	15	CAPS2	1.0	11822
ENSG00000180884	15	ZNF792	1.0	11823
ENSG00000180891	15	CUEDC1	1.0	11824
ENSG00000180900	15	SCRIB	1.0	11825
ENSG00000180901	15	KCTD2	1.0	11826
ENSG00000180902	15	D2HGDH	1.0	11827
ENSG00000180914	15	OXTR	1.0	11828
ENSG00000180917	15	CMTR2	1.0	11829
ENSG00000180921	15	FAM83H	1.0	11830
ENSG00000180929	15	GPR62	1.0	11831
ENSG00000180938	15	ZNF572	1.0	11832
ENSG00000180957	15	PITPNB	1.0	11833
ENSG00000180964	15	TCEAL8	1.0	11834
ENSG00000180979	15	LRRC57	1.0	11835
ENSG00000180992	15	MRPL14	1.0	11836
ENSG00000180998	15	GPR137C	1.0	11837
ENSG00000181004	15	BBS12	1.0	11838
ENSG00000181007	15	ZFP82	1.0	11839
ENSG00000181016	15	LSMEM1	1.0	11840
ENSG00000181019	15	NQO1	1.0	11841
ENSG00000181026	15	AEN	1.0	11842
ENSG00000181027	15	FKRP	1.0	11843
ENSG00000181029	15	TRAPPC5	1.0	11844
ENSG00000181031	15	RPH3AL	1.0	11845
ENSG00000181035	15	SLC25A42	1.0	11846
ENSG00000181036	15	FCRL6	1.0	11847
ENSG00000181038	15	METTL23	1.0	11848
ENSG00000181045	15	SLC26A11	1.0	11849
ENSG00000181085	15	MAPK15	1.0	11850
ENSG00000181090	15	EHMT1	1.0	11851
ENSG00000181104	15	F2R	1.0	11852
ENSG00000181135	15	ZNF707	1.0	11853
ENSG00000181143	15	MUC16	1.0	11854
ENSG00000181163	15	NPM1	1.0	11855
ENSG00000181191	15	PJA1	1.0	11856
ENSG00000181192	15	DHTKD1	1.0	11857
ENSG00000181195	15	PENK	1.0	11858
ENSG00000181220	15	ZNF746	1.0	11859
ENSG00000181222	15	POLR2A	1.0	11860
ENSG00000181234	15	TMEM132C	1.0	11861
ENSG00000181240	15	SLC25A41	1.0	11862
ENSG00000181274	15	FRAT2	1.0	11863
ENSG00000181284	15	TMEM102	1.0	11864
ENSG00000181315	15	ZNF322	1.0	11865
ENSG00000181374	15	CCL13	1.0	11866
ENSG00000181381	15	DDX60L	1.0	11867
ENSG00000181392	15	SYNE4	1.0	11868
ENSG00000181396	15	OGFOD3	1.0	11869
ENSG00000181409	15	AATK	1.0	11870
ENSG00000181418	15	DDN	1.0	11871
ENSG00000181444	15	ZNF467	1.0	11872
ENSG00000181450	15	ZNF678	1.0	11873
ENSG00000181458	15	TMEM45A	1.0	11874
ENSG00000181467	15	RAP2B	1.0	11875
ENSG00000181472	15	ZBTB2	1.0	11876
ENSG00000181481	15	RNF135	1.0	11877
ENSG00000181513	15	ACBD4	1.0	11878
ENSG00000181523	15	SGSH	1.0	11879
ENSG00000181544	15	FANCB	1.0	11880
ENSG00000181555	15	SETD2	1.0	11881
ENSG00000181577	15	LINC03040	1.0	11882
ENSG00000181585	15	TMIE	1.0	11883
ENSG00000181588	15	MEX3D	1.0	11884
ENSG00000181610	15	MRPS23	1.0	11885
ENSG00000181617	15	FDCSP	1.0	11886
ENSG00000181619	15	GPR135	1.0	11887
ENSG00000181625	15	SLX1B	1.0	11888
ENSG00000181626	15	ANKRD62	1.0	11889
ENSG00000181631	15	P2RY13	1.0	11890
ENSG00000181634	15	TNFSF15	1.0	11891
ENSG00000181638	15	ZFP41	1.0	11892
ENSG00000181649	15	PHLDA2	1.0	11893
ENSG00000181652	15	ATG9B	1.0	11894
ENSG00000181656	15	GPR88	1.0	11895
ENSG00000181690	15	PLAG1	1.0	11896
ENSG00000181704	15	YIPF6	1.0	11897
ENSG00000181722	15	ZBTB20	1.0	11898
ENSG00000181754	15	AMIGO1	1.0	11899
ENSG00000181773	15	GPR3	1.0	11900
ENSG00000181788	15	SIAH2	1.0	11901
ENSG00000181789	15	COPG1	1.0	11902
ENSG00000181804	15	SLC9A9	1.0	11903
ENSG00000181817	15	LSM10	1.0	11904
ENSG00000181826	15	RELL1	1.0	11905
ENSG00000181827	15	RFX7	1.0	11906
ENSG00000181830	15	SLC35C1	1.0	11907
ENSG00000181847	15	TIGIT	1.0	11908
ENSG00000181852	15	RNF41	1.0	11909
ENSG00000181856	15	SLC2A4	1.0	11910
ENSG00000181873	15	IBA57	1.0	11911
ENSG00000181885	15	CLDN7	1.0	11912
ENSG00000181894	15	ZNF329	1.0	11913
ENSG00000181896	15	ZNF101	1.0	11914
ENSG00000181904	15	C5orf24	1.0	11915
ENSG00000181915	15	ADO	1.0	11916
ENSG00000181924	15	COA4	1.0	11917
ENSG00000181929	15	PRKAG1	1.0	11918
ENSG00000181938	15	GINS3	1.0	11919
ENSG00000181982	15	CCDC149	1.0	11920
ENSG00000181991	15	MRPS11	1.0	11921
ENSG00000182004	15	SNRPE	1.0	11922
ENSG00000182010	15	RTKN2	1.0	11923
ENSG00000182022	15	CHST15	1.0	11924
ENSG00000182054	15	IDH2	1.0	11925
ENSG00000182087	15	TMEM259	1.0	11926
ENSG00000182095	15	TNRC18	1.0	11927
ENSG00000182103	15	FAM181B	1.0	11928
ENSG00000182107	15	TMEM30B	1.0	11929
ENSG00000182108	15	DEXI	1.0	11930
ENSG00000182117	15	NOP10	1.0	11931
ENSG00000182118	15	FAM89A	1.0	11932
ENSG00000182132	15	KCNIP1	1.0	11933
ENSG00000182134	15	TDRKH	1.0	11934
ENSG00000182141	15	ZNF708	1.0	11935
ENSG00000182149	15	IST1	1.0	11936
ENSG00000182150	15	ERCC6L2	1.0	11937
ENSG00000182154	15	MRPL41	1.0	11938
ENSG00000182158	15	CREB3L2	1.0	11939
ENSG00000182162	15	P2RY8	1.0	11940
ENSG00000182168	15	UNC5C	1.0	11941
ENSG00000182173	15	TSEN54	1.0	11942
ENSG00000182175	15	RGMA	1.0	11943
ENSG00000182179	15	UBA7	1.0	11944
ENSG00000182180	15	MRPS16	1.0	11945
ENSG00000182185	15	RAD51B	1.0	11946
ENSG00000182195	15	LDOC1	1.0	11947
ENSG00000182196	15	ARL6IP4	1.0	11948
ENSG00000182197	15	EXT1	1.0	11949
ENSG00000182199	15	SHMT2	1.0	11950
ENSG00000182208	15	MOB2	1.0	11951
ENSG00000182218	15	HHIPL1	1.0	11952
ENSG00000182220	15	ATP6AP2	1.0	11953
ENSG00000182224	15	CYB5D1	1.0	11954
ENSG00000182240	15	BACE2	1.0	11955
ENSG00000182247	15	UBE2E2	1.0	11956
ENSG00000182253	15	SYNM	1.0	11957
ENSG00000182256	15	GABRG3	1.0	11958
ENSG00000182263	15	FIGN	1.0	11959
ENSG00000182264	15	IZUMO1	1.0	11960
ENSG00000182272	15	B4GALNT4	1.0	11961
ENSG00000182287	15	AP1S2	1.0	11962
ENSG00000182307	15	C8orf33	1.0	11963
ENSG00000182308	15	DCAF4L1	1.0	11964
ENSG00000182318	15	ZSCAN22	1.0	11965
ENSG00000182324	15	KCNJ14	1.0	11966
ENSG00000182325	15	FBXL6	1.0	11967
ENSG00000182326	15	C1S	1.0	11968
ENSG00000182327	15	GLTPD2	1.0	11969
ENSG00000182359	15	KBTBD3	1.0	11970
ENSG00000182362	15	YBEY	1.0	11971
ENSG00000182372	15	CLN8	1.0	11972
ENSG00000182378	15	PLCXD1	1.0	11973
ENSG00000182379	15	NXPH4	1.0	11974
ENSG00000182389	15	CACNB4	1.0	11975
ENSG00000182400	15	TRAPPC6B	1.0	11976
ENSG00000182405	15	PGBD4	1.0	11977
ENSG00000182446	15	NPLOC4	1.0	11978
ENSG00000182463	15	TSHZ2	1.0	11979
ENSG00000182472	15	CAPN12	1.0	11980
ENSG00000182473	15	EXOC7	1.0	11981
ENSG00000182481	15	KPNA2	1.0	11982
ENSG00000182492	15	BGN	1.0	11983
ENSG00000182504	15	CEP97	1.0	11984
ENSG00000182508	15	LHFPL1	1.0	11985
ENSG00000182511	15	FES	1.0	11986
ENSG00000182512	15	GLRX5	1.0	11987
ENSG00000182518	15	VCF2	1.0	11988
ENSG00000182533	15	CAV3	1.0	11989
ENSG00000182534	15	MXRA7	1.0	11990
ENSG00000182541	15	LIMK2	1.0	11991
ENSG00000182544	15	MFSD5	1.0	11992
ENSG00000182551	15	ADI1	1.0	11993
ENSG00000182552	15	RWDD4	1.0	11994
ENSG00000182557	15	SPNS3	1.0	11995
ENSG00000182568	15	SATB1	1.0	11996
ENSG00000182575	15	NXPH3	1.0	11997
ENSG00000182578	15	CSF1R	1.0	11998
ENSG00000182580	15	EPHB3	1.0	11999
ENSG00000182583	15	VCX	1.0	12000
ENSG00000182585	15	EPGN	1.0	12001
ENSG00000182606	15	TRAK1	1.0	12002
ENSG00000182621	15	PLCB1	1.0	12003
ENSG00000182628	15	SKA2	1.0	12004
ENSG00000182636	15	NDN	1.0	12005
ENSG00000182667	15	NTM	1.0	12006
ENSG00000182670	15	TTC3	1.0	12007
ENSG00000182676	15	PPP1R27	1.0	12008
ENSG00000182685	15	BRICD5	1.0	12009
ENSG00000182700	15	IGIP	1.0	12010
ENSG00000182704	15	TSKU	1.0	12011
ENSG00000182718	15	ANXA2	1.0	12012
ENSG00000182732	15	RGS6	1.0	12013
ENSG00000182749	15	PAQR7	1.0	12014
ENSG00000182752	15	PAPPA	1.0	12015
ENSG00000182759	15	MAFA	1.0	12016
ENSG00000182771	15	GRID1	1.0	12017
ENSG00000182774	15	RPS17	1.0	12018
ENSG00000182782	15	HCAR2	1.0	12019
ENSG00000182791	15	CCDC87	1.0	12020
ENSG00000182795	15	C1orf116	1.0	12021
ENSG00000182809	15	CRIP2	1.0	12022
ENSG00000182810	15	DDX28	1.0	12023
ENSG00000182827	15	ACBD3	1.0	12024
ENSG00000182831	15	HAPSTR1	1.0	12025
ENSG00000182836	15	PLCXD3	1.0	12026
ENSG00000182853	15	VMO1	1.0	12027
ENSG00000182858	15	ALG12	1.0	12028
ENSG00000182866	15	LCK	1.0	12029
ENSG00000182870	15	GALNT9	1.0	12030
ENSG00000182871	15	COL18A1	1.0	12031
ENSG00000182872	15	RBM10	1.0	12032
ENSG00000182890	15	GLUD2	1.0	12033
ENSG00000182899	15	RPL35A	1.0	12034
ENSG00000182901	15	RGS7	1.0	12035
ENSG00000182902	15	SLC25A18	1.0	12036
ENSG00000182903	15	ZNF721	1.0	12037
ENSG00000182916	15	TCEAL7	1.0	12038
ENSG00000182919	15	C11orf54	1.0	12039
ENSG00000182923	15	CEP63	1.0	12040
ENSG00000182931	15	WFDC10B	1.0	12041
ENSG00000182944	15	EWSR1	1.0	12042
ENSG00000182950	15	CIMAP1C	1.0	12043
ENSG00000182952	15	HMGN4	1.0	12044
ENSG00000182963	15	GJC1	1.0	12045
ENSG00000182973	15	CNOT10	1.0	12046
ENSG00000182979	15	MTA1	1.0	12047
ENSG00000182985	15	CADM1	1.0	12048
ENSG00000182986	15	ZNF320	1.0	12049
ENSG00000182993	15	C12orf60	1.0	12050
ENSG00000183010	15	PYCR1	1.0	12051
ENSG00000183011	15	NAA38	1.0	12052
ENSG00000183018	15	SPNS2	1.0	12053
ENSG00000183020	15	AP2A2	1.0	12054
ENSG00000183023	15	SLC8A1	1.0	12055
ENSG00000183032	15	SLC25A21	1.0	12056
ENSG00000183036	15	PCP4	1.0	12057
ENSG00000183044	15	ABAT	1.0	12058
ENSG00000183048	15	SLC25A10	1.0	12059
ENSG00000183049	15	CAMK1D	1.0	12060
ENSG00000183060	15	LYSMD4	1.0	12061
ENSG00000183066	15	WBP2NL	1.0	12062
ENSG00000183067	15	IGSF5	1.0	12063
ENSG00000183072	15	NKX2-5	1.0	12064
ENSG00000183077	15	AFMID	1.0	12065
ENSG00000183087	15	GAS6	1.0	12066
ENSG00000183091	15	NEB	1.0	12067
ENSG00000183092	15	BEGAIN	1.0	12068
ENSG00000183098	15	GPC6	1.0	12069
ENSG00000183111	15	ARHGEF37	1.0	12070
ENSG00000183114	15	FAM43B	1.0	12071
ENSG00000183117	15	CSMD1	1.0	12072
ENSG00000183134	15	PTGDR2	1.0	12073
ENSG00000183137	15	CEP57L1	1.0	12074
ENSG00000183145	15	RIPPLY3	1.0	12075
ENSG00000183150	15	GPR19	1.0	12076
ENSG00000183155	15	RABIF	1.0	12077
ENSG00000183160	15	TMEM119	1.0	12078
ENSG00000183161	15	FANCF	1.0	12079
ENSG00000183166	15	CALN1	1.0	12080
ENSG00000183172	15	SMDT1	1.0	12081
ENSG00000183186	15	C2CD4C	1.0	12082
ENSG00000183196	15	CHST6	1.0	12083
ENSG00000183207	15	RUVBL2	1.0	12084
ENSG00000183208	15	GDPGP1	1.0	12085
ENSG00000183230	15	CTNNA3	1.0	12086
ENSG00000183255	15	PTTG1IP	1.0	12087
ENSG00000183258	15	DDX41	1.0	12088
ENSG00000183281	15	PLGLB1	1.0	12089
ENSG00000183283	15	DAZAP2	1.0	12090
ENSG00000183287	15	CCBE1	1.0	12091
ENSG00000183309	15	ZNF623	1.0	12092
ENSG00000183317	15	EPHA10	1.0	12093
ENSG00000183323	15	CCDC125	1.0	12094
ENSG00000183336	15	BOLA2	1.0	12095
ENSG00000183337	15	BCOR	1.0	12096
ENSG00000183340	15	JRKL	1.0	12097
ENSG00000183347	15	GBP6	1.0	12098
ENSG00000183354	15	BRD10	1.0	12099
ENSG00000183379	15	SYNDIG1L	1.0	12100
ENSG00000183386	15	FHL3	1.0	12101
ENSG00000183401	15	CCDC159	1.0	12102
ENSG00000183421	15	RIPK4	1.0	12103
ENSG00000183426	15	NPIPA1	1.0	12104
ENSG00000183431	15	SF3A3	1.0	12105
ENSG00000183439	15	TRIM61	1.0	12106
ENSG00000183454	15	GRIN2A	1.0	12107
ENSG00000183474	15	GTF2H2C	1.0	12108
ENSG00000183475	15	ASB7	1.0	12109
ENSG00000183484	15	GPR132	1.0	12110
ENSG00000183486	15	MX2	1.0	12111
ENSG00000183495	15	EP400	1.0	12112
ENSG00000183496	15	MEX3B	1.0	12113
ENSG00000183513	15	COA5	1.0	12114
ENSG00000183527	15	PSMG1	1.0	12115
ENSG00000183530	15	PRR14L	1.0	12116
ENSG00000183549	15	ACSM5	1.0	12117
ENSG00000183569	15	SERHL2	1.0	12118
ENSG00000183570	15	PCBP3	1.0	12119
ENSG00000183576	15	SETD3	1.0	12120
ENSG00000183578	15	TNFAIP8L3	1.0	12121
ENSG00000183579	15	ZNRF3	1.0	12122
ENSG00000183580	15	FBXL7	1.0	12123
ENSG00000183597	15	TANGO2	1.0	12124
ENSG00000183605	15	SFXN4	1.0	12125
ENSG00000183615	15	FAM167B	1.0	12126
ENSG00000183617	15	MRPL54	1.0	12127
ENSG00000183621	15	ZNF438	1.0	12128
ENSG00000183624	15	HMCES	1.0	12129
ENSG00000183628	15	DGCR6	1.0	12130
ENSG00000183638	15	RP1L1	1.0	12131
ENSG00000183647	15	ZNF530	1.0	12132
ENSG00000183648	15	NDUFB1	1.0	12133
ENSG00000183655	15	KLHL25	1.0	12134
ENSG00000183665	15	TRMT12	1.0	12135
ENSG00000183684	15	ALYREF	1.0	12136
ENSG00000183690	15	EFHC2	1.0	12137
ENSG00000183691	15	NOG	1.0	12138
ENSG00000183696	15	UPP1	1.0	12139
ENSG00000183715	15	OPCML	1.0	12140
ENSG00000183718	15	TRIM52	1.0	12141
ENSG00000183723	15	CMTM4	1.0	12142
ENSG00000183726	15	TMEM50A	1.0	12143
ENSG00000183734	15	ASCL2	1.0	12144
ENSG00000183735	15	TBK1	1.0	12145
ENSG00000183741	15	CBX6	1.0	12146
ENSG00000183742	15	MACC1	1.0	12147
ENSG00000183747	15	ACSM2A	1.0	12148
ENSG00000183751	15	TBL3	1.0	12149
ENSG00000183762	15	KREMEN1	1.0	12150
ENSG00000183763	15	TRAIP	1.0	12151
ENSG00000183765	15	CHEK2	1.0	12152
ENSG00000183770	15	FOXL2	1.0	12153
ENSG00000183773	15	AIFM3	1.0	12154
ENSG00000183775	15	KCTD16	1.0	12155
ENSG00000183778	15	B3GALT5	1.0	12156
ENSG00000183779	15	ZNF703	1.0	12157
ENSG00000183780	15	SLC35F3	1.0	12158
ENSG00000183783	15	KCTD8	1.0	12159
ENSG00000183785	15	TUBA8	1.0	12160
ENSG00000183793	15	NPIPA5	1.0	12161
ENSG00000183798	15	EMILIN3	1.0	12162
ENSG00000183801	15	OLFML1	1.0	12163
ENSG00000183807	15	FAM162B	1.0	12164
ENSG00000183808	15	RBM12B	1.0	12165
ENSG00000183813	15	CCR4	1.0	12166
ENSG00000183814	15	LIN9	1.0	12167
ENSG00000183826	15	BTBD9	1.0	12168
ENSG00000183828	15	NUDT14	1.0	12169
ENSG00000183831	15	ANKRD45	1.0	12170
ENSG00000183837	15	PNMA3	1.0	12171
ENSG00000183840	15	GPR39	1.0	12172
ENSG00000183844	15	FAM3B	1.0	12173
ENSG00000183850	15	ZNF730	1.0	12174
ENSG00000183856	15	IQGAP3	1.0	12175
ENSG00000183864	15	TOB2	1.0	12176
ENSG00000183873	15	SCN5A	1.0	12177
ENSG00000183876	15	ARSI	1.0	12178
ENSG00000183891	15	TTC32	1.0	12179
ENSG00000183914	15	DNAH2	1.0	12180
ENSG00000183921	15	SDR42E2	1.0	12181
ENSG00000183943	15	PRKX	1.0	12182
ENSG00000183960	15	KCNH8	1.0	12183
ENSG00000183963	15	SMTN	1.0	12184
ENSG00000183971	15	NPW	1.0	12185
ENSG00000183978	15	COA3	1.0	12186
ENSG00000183979	15	NPB	1.0	12187
ENSG00000184005	15	ST6GALNAC3	1.0	12188
ENSG00000184007	15	PTP4A2	1.0	12189
ENSG00000184009	15	ACTG1	1.0	12190
ENSG00000184012	15	TMPRSS2	1.0	12191
ENSG00000184014	15	DENND5A	1.0	12192
ENSG00000184056	15	VPS33B	1.0	12193
ENSG00000184058	15	TBX1	1.0	12194
ENSG00000184060	15	ADAP2	1.0	12195
ENSG00000184076	15	UQCR10	1.0	12196
ENSG00000184083	15	FAM120C	1.0	12197
ENSG00000184110	15	EIF3C	1.0	12198
ENSG00000184113	15	CLDN5	1.0	12199
ENSG00000184117	15	NIPSNAP1	1.0	12200
ENSG00000184144	15	CNTN2	1.0	12201
ENSG00000184156	15	KCNQ3	1.0	12202
ENSG00000184160	15	ADRA2C	1.0	12203
ENSG00000184162	15	NR2C2AP	1.0	12204
ENSG00000184164	15	CRELD2	1.0	12205
ENSG00000184178	15	SCFD2	1.0	12206
ENSG00000184182	15	UBE2F	1.0	12207
ENSG00000184185	15	KCNJ12	1.0	12208
ENSG00000184194	15	GPR173	1.0	12209
ENSG00000184203	15	PPP1R2	1.0	12210
ENSG00000184205	15	TSPYL2	1.0	12211
ENSG00000184206	15	GOLGA6L4	1.0	12212
ENSG00000184207	15	PGP	1.0	12213
ENSG00000184209	15	SNRNP35	1.0	12214
ENSG00000184216	15	IRAK1	1.0	12215
ENSG00000184220	15	CMSS1	1.0	12216
ENSG00000184221	15	OLIG1	1.0	12217
ENSG00000184226	15	PCDH9	1.0	12218
ENSG00000184227	15	ACOT1	1.0	12219
ENSG00000184232	15	OAF	1.0	12220
ENSG00000184254	15	ALDH1A3	1.0	12221
ENSG00000184261	15	KCNK12	1.0	12222
ENSG00000184271	15	POU6F1	1.0	12223
ENSG00000184277	15	TM2D3	1.0	12224
ENSG00000184281	15	TSSC4	1.0	12225
ENSG00000184292	15	TACSTD2	1.0	12226
ENSG00000184293	15	CLECL1P	1.0	12227
ENSG00000184304	15	PRKD1	1.0	12228
ENSG00000184305	15	CCSER1	1.0	12229
ENSG00000184307	15	ZDHHC23	1.0	12230
ENSG00000184343	15	SRPK3	1.0	12231
ENSG00000184344	15	GDF3	1.0	12232
ENSG00000184347	15	SLIT3	1.0	12233
ENSG00000184349	15	EFNA5	1.0	12234
ENSG00000184363	15	PKP3	1.0	12235
ENSG00000184368	15	MAP7D2	1.0	12236
ENSG00000184371	15	CSF1	1.0	12237
ENSG00000184374	15	COLEC10	1.0	12238
ENSG00000184378	15	ACTRT3	1.0	12239
ENSG00000184381	15	PLA2G6	1.0	12240
ENSG00000184384	15	MAML2	1.0	12241
ENSG00000184402	15	SS18L1	1.0	12242
ENSG00000184408	15	KCND2	1.0	12243
ENSG00000184428	15	TOP1MT	1.0	12244
ENSG00000184432	15	COPB2	1.0	12245
ENSG00000184436	15	THAP7	1.0	12246
ENSG00000184445	15	KNTC1	1.0	12247
ENSG00000184451	15	CCR10	1.0	12248
ENSG00000184454	15	NCMAP	1.0	12249
ENSG00000184465	15	WDR27	1.0	12250
ENSG00000184470	15	TXNRD2	1.0	12251
ENSG00000184481	15	FOXO4	1.0	12252
ENSG00000184489	15	PTP4A3	1.0	12253
ENSG00000184497	15	TMEM255B	1.0	12254
ENSG00000184500	15	PROS1	1.0	12255
ENSG00000184508	15	HDDC3	1.0	12256
ENSG00000184515	15	BEX5	1.0	12257
ENSG00000184517	15	ZFP1	1.0	12258
ENSG00000184530	15	C6orf58	1.0	12259
ENSG00000184545	15	DUSP8	1.0	12260
ENSG00000184557	15	SOCS3	1.0	12261
ENSG00000184564	15	SLITRK6	1.0	12262
ENSG00000184574	15	LPAR5	1.0	12263
ENSG00000184575	15	XPOT	1.0	12264
ENSG00000184588	15	PDE4B	1.0	12265
ENSG00000184602	15	SNN	1.0	12266
ENSG00000184613	15	NELL2	1.0	12267
ENSG00000184619	15	KRBA2	1.0	12268
ENSG00000184634	15	MED12	1.0	12269
ENSG00000184635	15	ZNF93	1.0	12270
ENSG00000184647	15	PRSS55	1.0	12271
ENSG00000184661	15	CDCA2	1.0	12272
ENSG00000184672	15	RALYL	1.0	12273
ENSG00000184675	15	AMER1	1.0	12274
ENSG00000184677	15	ZBTB40	1.0	12275
ENSG00000184697	15	CLDN6	1.0	12276
ENSG00000184708	15	EIF4ENIF1	1.0	12277
ENSG00000184709	15	LRRC26	1.0	12278
ENSG00000184716	15	SERINC4	1.0	12279
ENSG00000184719	15	RNLS	1.0	12280
ENSG00000184730	15	APOBR	1.0	12281
ENSG00000184731	15	FAM110C	1.0	12282
ENSG00000184743	15	ATL3	1.0	12283
ENSG00000184752	15	NDUFA12	1.0	12284
ENSG00000184785	15	SMIM10	1.0	12285
ENSG00000184787	15	UBE2G2	1.0	12286
ENSG00000184788	15	SATL1	1.0	12287
ENSG00000184792	15	OSBP2	1.0	12288
ENSG00000184828	15	ZBTB7C	1.0	12289
ENSG00000184831	15	APOO	1.0	12290
ENSG00000184838	15	PRR16	1.0	12291
ENSG00000184840	15	TMED9	1.0	12292
ENSG00000184857	15	TMEM186	1.0	12293
ENSG00000184860	15	SDR42E1	1.0	12294
ENSG00000184863	15	RBM33	1.0	12295
ENSG00000184867	15	ARMCX2	1.0	12296
ENSG00000184887	15	BTBD6	1.0	12297
ENSG00000184898	15	RBM43	1.0	12298
ENSG00000184900	15	SUMO3	1.0	12299
ENSG00000184903	15	IMMP2L	1.0	12300
ENSG00000184905	15	TCEAL2	1.0	12301
ENSG00000184908	15	CLCNKB	1.0	12302
ENSG00000184916	15	JAG2	1.0	12303
ENSG00000184922	15	FMNL1	1.0	12304
ENSG00000184924	15	PTRHD1	1.0	12305
ENSG00000184925	15	LCN12	1.0	12306
ENSG00000184939	15	ZFP90	1.0	12307
ENSG00000184949	15	FAM227A	1.0	12308
ENSG00000184956	15	MUC6	1.0	12309
ENSG00000184967	15	NOC4L	1.0	12310
ENSG00000184979	15	USP18	1.0	12311
ENSG00000184983	15	NDUFA6	1.0	12312
ENSG00000184985	15	SORCS2	1.0	12313
ENSG00000184986	15	TMEM121	1.0	12314
ENSG00000184988	15	TMEM106A	1.0	12315
ENSG00000184990	15	SIVA1	1.0	12316
ENSG00000184992	15	BRI3BP	1.0	12317
ENSG00000184995	15	IFNE	1.0	12318
ENSG00000185000	15	DGAT1	1.0	12319
ENSG00000185002	15	RFX6	1.0	12320
ENSG00000185008	15	ROBO2	1.0	12321
ENSG00000185009	15	AP3M1	1.0	12322
ENSG00000185010	15	F8	1.0	12323
ENSG00000185015	15	CA13	1.0	12324
ENSG00000185019	15	UBOX5	1.0	12325
ENSG00000185022	15	MAFF	1.0	12326
ENSG00000185024	15	BRF1	1.0	12327
ENSG00000185033	15	SEMA4B	1.0	12328
ENSG00000185043	15	CIB1	1.0	12329
ENSG00000185046	15	ANKS1B	1.0	12330
ENSG00000185049	15	NELFA	1.0	12331
ENSG00000185052	15	SLC24A3	1.0	12332
ENSG00000185053	15	SGCZ	1.0	12333
ENSG00000185055	15	EFCAB10	1.0	12334
ENSG00000185070	15	FLRT2	1.0	12335
ENSG00000185085	15	INTS5	1.0	12336
ENSG00000185088	15	RPS27L	1.0	12337
ENSG00000185090	15	MANEAL	1.0	12338
ENSG00000185101	15	ANO9	1.0	12339
ENSG00000185104	15	FAF1	1.0	12340
ENSG00000185112	15	FAM43A	1.0	12341
ENSG00000185122	15	HSF1	1.0	12342
ENSG00000185127	15	C6orf120	1.0	12343
ENSG00000185129	15	PURA	1.0	12344
ENSG00000185133	15	INPP5J	1.0	12345
ENSG00000185155	15	MIXL1	1.0	12346
ENSG00000185156	15	MFSD6L	1.0	12347
ENSG00000185158	15	LRRC37B	1.0	12348
ENSG00000185163	15	DDX51	1.0	12349
ENSG00000185164	15	NOMO2	1.0	12350
ENSG00000185186	15	LINC00313	1.0	12351
ENSG00000185187	15	SIGIRR	1.0	12352
ENSG00000185189	15	NRBP2	1.0	12353
ENSG00000185201	15	IFITM2	1.0	12354
ENSG00000185215	15	TNFAIP2	1.0	12355
ENSG00000185219	15	ZNF445	1.0	12356
ENSG00000185220	15	PGBD2	1.0	12357
ENSG00000185236	15	RAB11B	1.0	12358
ENSG00000185238	15	PRMT3	1.0	12359
ENSG00000185245	15	GP1BA	1.0	12360
ENSG00000185246	15	PRPF39	1.0	12361
ENSG00000185250	15	PPIL6	1.0	12362
ENSG00000185252	15	ZNF74	1.0	12363
ENSG00000185261	15	KIAA0825	1.0	12364
ENSG00000185262	15	UBALD2	1.0	12365
ENSG00000185267	15	CDNF	1.0	12366
ENSG00000185269	15	NOTUM	1.0	12367
ENSG00000185271	15	KLHL33	1.0	12368
ENSG00000185272	15	RBM11	1.0	12369
ENSG00000185278	15	ZBTB37	1.0	12370
ENSG00000185291	15	IL3RA	1.0	12371
ENSG00000185298	15	CCDC137	1.0	12372
ENSG00000185303	15	SFTPA2	1.0	12373
ENSG00000185304	15	RGPD2	1.0	12374
ENSG00000185305	15	ARL15	1.0	12375
ENSG00000185306	15	C12orf56	1.0	12376
ENSG00000185324	15	CDK10	1.0	12377
ENSG00000185332	15	TMEM105	1.0	12378
ENSG00000185338	15	SOCS1	1.0	12379
ENSG00000185339	15	TCN2	1.0	12380
ENSG00000185340	15	GAS2L1	1.0	12381
ENSG00000185344	15	ATP6V0A2	1.0	12382
ENSG00000185352	15	HS6ST3	1.0	12383
ENSG00000185359	15	HGS	1.0	12384
ENSG00000185361	15	TNFAIP8L1	1.0	12385
ENSG00000185386	15	MAPK11	1.0	12386
ENSG00000185404	15	SP140L	1.0	12387
ENSG00000185420	15	SMYD3	1.0	12388
ENSG00000185432	15	TMT1A	1.0	12389
ENSG00000185436	15	IFNLR1	1.0	12390
ENSG00000185437	15	SH3BGR	1.0	12391
ENSG00000185442	15	FAM174B	1.0	12392
ENSG00000185467	15	KPNA7	1.0	12393
ENSG00000185475	15	TMEM179B	1.0	12394
ENSG00000185477	15	GPRIN3	1.0	12395
ENSG00000185479	15	KRT6B	1.0	12396
ENSG00000185480	15	PARPBP	1.0	12397
ENSG00000185482	15	STAC3	1.0	12398
ENSG00000185483	15	ROR1	1.0	12399
ENSG00000185499	15	MUC1	1.0	12400
ENSG00000185507	15	IRF7	1.0	12401
ENSG00000185513	15	L3MBTL1	1.0	12402
ENSG00000185515	15	BRCC3	1.0	12403
ENSG00000185518	15	SV2B	1.0	12404
ENSG00000185519	15	FAM131C	1.0	12405
ENSG00000185527	15	PDE6G	1.0	12406
ENSG00000185532	15	PRKG1	1.0	12407
ENSG00000185551	15	NR2F2	1.0	12408
ENSG00000185559	15	DLK1	1.0	12409
ENSG00000185561	15	TLCD2	1.0	12410
ENSG00000185565	15	LSAMP	1.0	12411
ENSG00000185567	15	AHNAK2	1.0	12412
ENSG00000185585	15	OLFML2A	1.0	12413
ENSG00000185591	15	SP1	1.0	12414
ENSG00000185608	15	MRPL40	1.0	12415
ENSG00000185610	15	DBX2	1.0	12416
ENSG00000185619	15	PCGF3	1.0	12417
ENSG00000185621	15	LMLN	1.0	12418
ENSG00000185624	15	P4HB	1.0	12419
ENSG00000185627	15	PSMD13	1.0	12420
ENSG00000185630	15	PBX1	1.0	12421
ENSG00000185633	15	NDUFA4L2	1.0	12422
ENSG00000185634	15	SHC4	1.0	12423
ENSG00000185650	15	ZFP36L1	1.0	12424
ENSG00000185651	15	UBE2L3	1.0	12425
ENSG00000185652	15	NTF3	1.0	12426
ENSG00000185658	15	BRWD1	1.0	12427
ENSG00000185664	15	PMEL	1.0	12428
ENSG00000185666	15	SYN3	1.0	12429
ENSG00000185668	15	POU3F1	1.0	12430
ENSG00000185669	15	SNAI3	1.0	12431
ENSG00000185670	15	ZBTB3	1.0	12432
ENSG00000185674	15	LYG2	1.0	12433
ENSG00000185681	15	MORN5	1.0	12434
ENSG00000185686	15	PRAME	1.0	12435
ENSG00000185697	15	MYBL1	1.0	12436
ENSG00000185721	15	DRG1	1.0	12437
ENSG00000185722	15	ANKFY1	1.0	12438
ENSG00000185728	15	YTHDF3	1.0	12439
ENSG00000185730	15	ZNF696	1.0	12440
ENSG00000185736	15	ADARB2	1.0	12441
ENSG00000185737	15	NRG3	1.0	12442
ENSG00000185739	15	SRL	1.0	12443
ENSG00000185745	15	IFIT1	1.0	12444
ENSG00000185753	15	CXorf38	1.0	12445
ENSG00000185760	15	KCNQ5	1.0	12446
ENSG00000185761	15	ADAMTSL5	1.0	12447
ENSG00000185774	15	KCNIP4	1.0	12448
ENSG00000185787	15	MORF4L1	1.0	12449
ENSG00000185798	15	WDR53	1.0	12450
ENSG00000185800	15	DMWD	1.0	12451
ENSG00000185803	15	SLC52A2	1.0	12452
ENSG00000185808	15	PIGP	1.0	12453
ENSG00000185811	15	IKZF1	1.0	12454
ENSG00000185813	15	PCYT2	1.0	12455
ENSG00000185818	15	NAT8L	1.0	12456
ENSG00000185825	15	BCAP31	1.0	12457
ENSG00000185829	15	ARL17A	1.0	12458
ENSG00000185838	15	GNB1L	1.0	12459
ENSG00000185842	15	DNAH14	1.0	12460
ENSG00000185862	15	EVI2B	1.0	12461
ENSG00000185863	15	TMEM210	1.0	12462
ENSG00000185864	15	NPIPB4	1.0	12463
ENSG00000185869	15	ZNF829	1.0	12464
ENSG00000185875	15	THNSL1	1.0	12465
ENSG00000185880	15	TRIM69	1.0	12466
ENSG00000185896	15	LAMP1	1.0	12467
ENSG00000185897	15	FFAR3	1.0	12468
ENSG00000185900	15	POMK	1.0	12469
ENSG00000185904	15	LINC00839	1.0	12470
ENSG00000185905	15	C16orf54	1.0	12471
ENSG00000185909	15	KLHDC8B	1.0	12472
ENSG00000185915	15	KLHL34	1.0	12473
ENSG00000185917	15	SETD4	1.0	12474
ENSG00000185920	15	PTCH1	1.0	12475
ENSG00000185924	15	RTN4RL1	1.0	12476
ENSG00000185942	15	NKAIN3	1.0	12477
ENSG00000185946	15	RNPC3	1.0	12478
ENSG00000185947	15	ZNF267	1.0	12479
ENSG00000185950	15	IRS2	1.0	12480
ENSG00000185955	15	SPACDR	1.0	12481
ENSG00000185963	15	BICD2	1.0	12482
ENSG00000185972	15	CCIN	1.0	12483
ENSG00000185973	15	TMLHE	1.0	12484
ENSG00000185985	15	SLITRK2	1.0	12485
ENSG00000185988	15	PLK5	1.0	12486
ENSG00000185989	15	RASA3	1.0	12487
ENSG00000186001	15	LRCH3	1.0	12488
ENSG00000186007	15	LEMD1	1.0	12489
ENSG00000186010	15	NDUFA13	1.0	12490
ENSG00000186017	15	ZNF566	1.0	12491
ENSG00000186020	15	ZNF529	1.0	12492
ENSG00000186026	15	ZNF284	1.0	12493
ENSG00000186047	15	DLEU7	1.0	12494
ENSG00000186051	15	TAL2	1.0	12495
ENSG00000186056	15	MATN1-AS1	1.0	12496
ENSG00000186063	15	AIDA	1.0	12497
ENSG00000186081	15	KRT5	1.0	12498
ENSG00000186088	15	GSAP	1.0	12499
ENSG00000186094	15	AGBL4	1.0	12500
ENSG00000186104	15	CYP2R1	1.0	12501
ENSG00000186106	15	ANKRD46	1.0	12502
ENSG00000186111	15	PIP5K1C	1.0	12503
ENSG00000186130	15	ZBTB6	1.0	12504
ENSG00000186132	15	C2orf76	1.0	12505
ENSG00000186141	15	POLR3C	1.0	12506
ENSG00000186153	15	WWOX	1.0	12507
ENSG00000186160	15	CYP4Z1	1.0	12508
ENSG00000186174	15	BCL9L	1.0	12509
ENSG00000186184	15	POLR1D	1.0	12510
ENSG00000186185	15	KIF18B	1.0	12511
ENSG00000186187	15	ZNRF1	1.0	12512
ENSG00000186188	15	FFAR4	1.0	12513
ENSG00000186193	15	SAPCD2	1.0	12514
ENSG00000186197	15	EDARADD	1.0	12515
ENSG00000186204	15	CYP4F12	1.0	12516
ENSG00000186212	15	SOWAHB	1.0	12517
ENSG00000186222	15	BLOC1S4	1.0	12518
ENSG00000186230	15	ZNF749	1.0	12519
ENSG00000186231	15	KLHL32	1.0	12520
ENSG00000186265	15	BTLA	1.0	12521
ENSG00000186280	15	KDM4D	1.0	12522
ENSG00000186281	15	GPAT2	1.0	12523
ENSG00000186283	15	TOR3A	1.0	12524
ENSG00000186298	15	PPP1CC	1.0	12525
ENSG00000186300	15	ZNF555	1.0	12526
ENSG00000186310	15	NAP1L3	1.0	12527
ENSG00000186314	15	PRELID2	1.0	12528
ENSG00000186318	15	BACE1	1.0	12529
ENSG00000186326	15	RGS9BP	1.0	12530
ENSG00000186340	15	THBS2	1.0	12531
ENSG00000186350	15	RXRA	1.0	12532
ENSG00000186352	15	ANKRD37	1.0	12533
ENSG00000186364	15	NUDT17	1.0	12534
ENSG00000186376	15	ZNF75D	1.0	12535
ENSG00000186377	15	CYP4X1	1.0	12536
ENSG00000186395	15	KRT10	1.0	12537
ENSG00000186399	15	GOLGA8R	1.0	12538
ENSG00000186407	15	CD300E	1.0	12539
ENSG00000186409	15	CCDC30	1.0	12540
ENSG00000186416	15	NKRF	1.0	12541
ENSG00000186417	15	GLDN	1.0	12542
ENSG00000186431	15	FCAR	1.0	12543
ENSG00000186432	15	KPNA4	1.0	12544
ENSG00000186439	15	TRDN	1.0	12545
ENSG00000186446	15	ZNF501	1.0	12546
ENSG00000186448	15	ZNF197	1.0	12547
ENSG00000186451	15	SPATA12	1.0	12548
ENSG00000186452	15	TMPRSS12	1.0	12549
ENSG00000186453	15	FAM228A	1.0	12550
ENSG00000186462	15	NAP1L2	1.0	12551
ENSG00000186468	15	RPS23	1.0	12552
ENSG00000186469	15	GNG2	1.0	12553
ENSG00000186470	15	BTN3A2	1.0	12554
ENSG00000186472	15	PCLO	1.0	12555
ENSG00000186474	15	KLK12	1.0	12556
ENSG00000186479	15	RGS7BP	1.0	12557
ENSG00000186480	15	INSIG1	1.0	12558
ENSG00000186487	15	MYT1L	1.0	12559
ENSG00000186493	15	IRX2-DT	1.0	12560
ENSG00000186496	15	ZNF396	1.0	12561
ENSG00000186501	15	TMEM222	1.0	12562
ENSG00000186510	15	CLCNKA	1.0	12563
ENSG00000186517	15	ARHGAP30	1.0	12564
ENSG00000186523	15	FAM86B1	1.0	12565
ENSG00000186532	15	SMYD4	1.0	12566
ENSG00000186564	15	FOXD2	1.0	12567
ENSG00000186566	15	GPATCH8	1.0	12568
ENSG00000186567	15	CEACAM19	1.0	12569
ENSG00000186575	15	NF2	1.0	12570
ENSG00000186591	15	UBE2H	1.0	12571
ENSG00000186594	15	MIR22HG	1.0	12572
ENSG00000186603	15	HPDL	1.0	12573
ENSG00000186615	15	KTN1-AS1	1.0	12574
ENSG00000186625	15	KATNA1	1.0	12575
ENSG00000186628	15	FSD2	1.0	12576
ENSG00000186635	15	ARAP1	1.0	12577
ENSG00000186638	15	KIF24	1.0	12578
ENSG00000186642	15	PDE2A	1.0	12579
ENSG00000186652	15	PRG2	1.0	12580
ENSG00000186654	15	PRR5	1.0	12581
ENSG00000186660	15	ZFP91	1.0	12582
ENSG00000186665	15	C17orf58	1.0	12583
ENSG00000186666	15	BCDIN3D	1.0	12584
ENSG00000186684	15	CYP27C1	1.0	12585
ENSG00000186687	15	LYRM7	1.0	12586
ENSG00000186714	15	CCDC73	1.0	12587
ENSG00000186716	15	BCR	1.0	12588
ENSG00000186723	15	OR10H1	1.0	12589
ENSG00000186765	15	FSCN2	1.0	12590
ENSG00000186766	15	FOXI2	1.0	12591
ENSG00000186767	15	SPIN4	1.0	12592
ENSG00000186787	15	SPIN2B	1.0	12593
ENSG00000186792	15	HYAL3	1.0	12594
ENSG00000186806	15	VSIG10L	1.0	12595
ENSG00000186810	15	CXCR3	1.0	12596
ENSG00000186812	15	ZNF397	1.0	12597
ENSG00000186814	15	ZSCAN30	1.0	12598
ENSG00000186815	15	TPCN1	1.0	12599
ENSG00000186818	15	LILRB4	1.0	12600
ENSG00000186827	15	TNFRSF4	1.0	12601
ENSG00000186832	15	KRT16	1.0	12602
ENSG00000186834	15	HEXIM1	1.0	12603
ENSG00000186847	15	KRT14	1.0	12604
ENSG00000186854	15	TRABD2A	1.0	12605
ENSG00000186862	15	PDZD7	1.0	12606
ENSG00000186866	15	POFUT2	1.0	12607
ENSG00000186867	15	QRFPR	1.0	12608
ENSG00000186868	15	MAPT	1.0	12609
ENSG00000186871	15	ERCC6L	1.0	12610
ENSG00000186889	15	TMEM17	1.0	12611
ENSG00000186891	15	TNFRSF18	1.0	12612
ENSG00000186897	15	C1QL4	1.0	12613
ENSG00000186907	15	RTN4RL2	1.0	12614
ENSG00000186908	15	ZDHHC17	1.0	12615
ENSG00000186910	15	SERPINA11	1.0	12616
ENSG00000186918	15	ZNF395	1.0	12617
ENSG00000186919	15	ZACN	1.0	12618
ENSG00000186951	15	PPARA	1.0	12619
ENSG00000186952	15	TMEM232	1.0	12620
ENSG00000186973	15	CFAP144	1.0	12621
ENSG00000186976	15	EFCAB6	1.0	12622
ENSG00000186994	15	KANK3	1.0	12623
ENSG00000186998	15	EMID1	1.0	12624
ENSG00000187017	15	ESPN	1.0	12625
ENSG00000187024	15	PTRH1	1.0	12626
ENSG00000187045	15	TMPRSS6	1.0	12627
ENSG00000187049	15	TMEM216	1.0	12628
ENSG00000187051	15	RPS19BP1	1.0	12629
ENSG00000187066	15	TMEM262	1.0	12630
ENSG00000187068	15	C3orf70	1.0	12631
ENSG00000187079	15	TEAD1	1.0	12632
ENSG00000187091	15	PLCD1	1.0	12633
ENSG00000187094	15	CCK	1.0	12634
ENSG00000187097	15	ENTPD5	1.0	12635
ENSG00000187098	15	MITF	1.0	12636
ENSG00000187105	15	HEATR4	1.0	12637
ENSG00000187109	15	NAP1L1	1.0	12638
ENSG00000187116	15	LILRA5	1.0	12639
ENSG00000187118	15	CMC1	1.0	12640
ENSG00000187123	15	LYPD6	1.0	12641
ENSG00000187134	15	AKR1C1	1.0	12642
ENSG00000187140	15	FOXD3	1.0	12643
ENSG00000187144	15	SPATA21	1.0	12644
ENSG00000187147	15	RNF220	1.0	12645
ENSG00000187151	15	ANGPTL5	1.0	12646
ENSG00000187187	15	ZNF546	1.0	12647
ENSG00000187189	15	TSPYL4	1.0	12648
ENSG00000187193	15	MT1X	1.0	12649
ENSG00000187210	15	GCNT1	1.0	12650
ENSG00000187231	15	SESTD1	1.0	12651
ENSG00000187239	15	FNBP1	1.0	12652
ENSG00000187240	15	DYNC2H1	1.0	12653
ENSG00000187244	15	BCAM	1.0	12654
ENSG00000187257	15	RSBN1L	1.0	12655
ENSG00000187260	15	WDR86	1.0	12656
ENSG00000187266	15	EPOR	1.0	12657
ENSG00000187268	15	FAM9C	1.0	12658
ENSG00000187288	15	CIDEC	1.0	12659
ENSG00000187323	15	DCC	1.0	12660
ENSG00000187325	15	TAF9B	1.0	12661
ENSG00000187372	15	PCDHB13	1.0	12662
ENSG00000187391	15	MAGI2	1.0	12663
ENSG00000187398	15	LUZP2	1.0	12664
ENSG00000187446	15	CHP1	1.0	12665
ENSG00000187474	15	FPR3	1.0	12666
ENSG00000187479	15	C11orf96	1.0	12667
ENSG00000187486	15	KCNJ11	1.0	12668
ENSG00000187492	15	CDHR4	1.0	12669
ENSG00000187498	15	COL4A1	1.0	12670
ENSG00000187513	15	GJA4	1.0	12671
ENSG00000187514	15	PTMA	1.0	12672
ENSG00000187527	15	ATP13A5	1.0	12673
ENSG00000187531	15	SIRT7	1.0	12674
ENSG00000187535	15	IFT140	1.0	12675
ENSG00000187546	15	AGMO	1.0	12676
ENSG00000187554	15	TLR5	1.0	12677
ENSG00000187555	15	USP7	1.0	12678
ENSG00000187556	15	NANOS3	1.0	12679
ENSG00000187566	15	NHLRC1	1.0	12680
ENSG00000187583	15	PLEKHN1	1.0	12681
ENSG00000187595	15	ZNF385C	1.0	12682
ENSG00000187601	15	MAGEH1	1.0	12683
ENSG00000187605	15	TET3	1.0	12684
ENSG00000187608	15	ISG15	1.0	12685
ENSG00000187609	15	EXD3	1.0	12686
ENSG00000187624	15	LIAT1	1.0	12687
ENSG00000187626	15	ZKSCAN4	1.0	12688
ENSG00000187630	15	DHRS4L2	1.0	12689
ENSG00000187634	15	SAMD11	1.0	12690
ENSG00000187672	15	ERC2	1.0	12691
ENSG00000187678	15	SPRY4	1.0	12692
ENSG00000187688	15	TRPV2	1.0	12693
ENSG00000187689	15	AMTN	1.0	12694
ENSG00000187699	15	C2orf88	1.0	12695
ENSG00000187713	15	TMEM203	1.0	12696
ENSG00000187715	15	KBTBD12	1.0	12697
ENSG00000187720	15	THSD4	1.0	12698
ENSG00000187726	15	DNAJB13	1.0	12699
ENSG00000187730	15	GABRD	1.0	12700
ENSG00000187735	15	TCEA1	1.0	12701
ENSG00000187736	15	NHEJ1	1.0	12702
ENSG00000187741	15	FANCA	1.0	12703
ENSG00000187742	15	SECISBP2	1.0	12704
ENSG00000187753	15	C9orf153	1.0	12705
ENSG00000187764	15	SEMA4D	1.0	12706
ENSG00000187775	15	DNAH17	1.0	12707
ENSG00000187778	15	MCRS1	1.0	12708
ENSG00000187790	15	FANCM	1.0	12709
ENSG00000187792	15	ZNF70	1.0	12710
ENSG00000187796	15	CARD9	1.0	12711
ENSG00000187800	15	PEAR1	1.0	12712
ENSG00000187801	15	ZFP69B	1.0	12713
ENSG00000187808	15	SOWAHD	1.0	12714
ENSG00000187815	15	ZFP69	1.0	12715
ENSG00000187824	15	TMEM220	1.0	12716
ENSG00000187840	15	EIF4EBP1	1.0	12717
ENSG00000187848	15	P2RX2	1.0	12718
ENSG00000187860	15	CCDC157	1.0	12719
ENSG00000187867	15	PALM3	1.0	12720
ENSG00000187908	15	DMBT1	1.0	12721
ENSG00000187942	15	LDLRAD2	1.0	12722
ENSG00000187954	15	ZFTRAF1	1.0	12723
ENSG00000187955	15	COL14A1	1.0	12724
ENSG00000187957	15	DNER	1.0	12725
ENSG00000187959	15	CPSF4L	1.0	12726
ENSG00000187961	15	KLHL17	1.0	12727
ENSG00000187980	15	PLA2G2C	1.0	12728
ENSG00000187987	15	ZSCAN23	1.0	12729
ENSG00000187994	15	RINL	1.0	12730
ENSG00000187997	15	C17orf99	1.0	12731
ENSG00000188000	15	OR7D2	1.0	12732
ENSG00000188001	15	TPRG1	1.0	12733
ENSG00000188010	15	MORN2	1.0	12734
ENSG00000188021	15	UBQLN2	1.0	12735
ENSG00000188026	15	RILPL1	1.0	12736
ENSG00000188032	15	C19orf67	1.0	12737
ENSG00000188033	15	ZNF490	1.0	12738
ENSG00000188037	15	CLCN1	1.0	12739
ENSG00000188039	15	NWD1	1.0	12740
ENSG00000188042	15	ARL4C	1.0	12741
ENSG00000188051	15	TMEM221	1.0	12742
ENSG00000188060	15	RAB42	1.0	12743
ENSG00000188064	15	WNT7B	1.0	12744
ENSG00000188089	15	PLA2G4E	1.0	12745
ENSG00000188092	15	GPR89B	1.0	12746
ENSG00000188095	15	MESP2	1.0	12747
ENSG00000188100	15	FAM25A	1.0	12748
ENSG00000188107	15	EYS	1.0	12749
ENSG00000188112	15	C6orf132	1.0	12750
ENSG00000188130	15	MAPK12	1.0	12751
ENSG00000188153	15	COL4A5	1.0	12752
ENSG00000188157	15	AGRN	1.0	12753
ENSG00000188158	15	NHS	1.0	12754
ENSG00000188163	15	CIMIP2A	1.0	12755
ENSG00000188171	15	ZNF626	1.0	12756
ENSG00000188175	15	HEPACAM2	1.0	12757
ENSG00000188176	15	SMTNL2	1.0	12758
ENSG00000188177	15	ZC3H6	1.0	12759
ENSG00000188186	15	LAMTOR4	1.0	12760
ENSG00000188191	15	PRKAR1B	1.0	12761
ENSG00000188211	15	NCR3LG1	1.0	12762
ENSG00000188215	15	DCUN1D3	1.0	12763
ENSG00000188227	15	ZNF793	1.0	12764
ENSG00000188229	15	TUBB4B	1.0	12765
ENSG00000188234	15	AGAP4	1.0	12766
ENSG00000188243	15	COMMD6	1.0	12767
ENSG00000188257	15	PLA2G2A	1.0	12768
ENSG00000188266	15	HYKK	1.0	12769
ENSG00000188277	15	C15orf62	1.0	12770
ENSG00000188283	15	ZNF383	1.0	12771
ENSG00000188290	15	HES4	1.0	12772
ENSG00000188293	15	IGFL1	1.0	12773
ENSG00000188295	15	ZNF669	1.0	12774
ENSG00000188312	15	CENPP	1.0	12775
ENSG00000188313	15	PLSCR1	1.0	12776
ENSG00000188315	15	C3orf62	1.0	12777
ENSG00000188316	15	ENO4	1.0	12778
ENSG00000188321	15	ZNF559	1.0	12779
ENSG00000188322	15	SBK1	1.0	12780
ENSG00000188342	15	GTF2F2	1.0	12781
ENSG00000188352	15	FOCAD	1.0	12782
ENSG00000188368	15	PRR19	1.0	12783
ENSG00000188372	15	ZP3	1.0	12784
ENSG00000188385	15	JAKMIP3	1.0	12785
ENSG00000188389	15	PDCD1	1.0	12786
ENSG00000188404	15	SELL	1.0	12787
ENSG00000188419	15	CHM	1.0	12788
ENSG00000188483	15	IER5L	1.0	12789
ENSG00000188487	15	INSC	1.0	12790
ENSG00000188488	15	SERPINA5	1.0	12791
ENSG00000188493	15	ACTMAP	1.0	12792
ENSG00000188501	15	LCTL	1.0	12793
ENSG00000188505	15	NCCRP1	1.0	12794
ENSG00000188508	15	KRTDAP	1.0	12795
ENSG00000188517	15	COL25A1	1.0	12796
ENSG00000188522	15	FAM83G	1.0	12797
ENSG00000188529	15	SRSF10	1.0	12798
ENSG00000188536	15	HBA2	1.0	12799
ENSG00000188542	15	DUSP28	1.0	12800
ENSG00000188554	15	NBR1	1.0	12801
ENSG00000188559	15	RALGAPA2	1.0	12802
ENSG00000188566	15	NDOR1	1.0	12803
ENSG00000188573	15	FBLL1	1.0	12804
ENSG00000188580	15	NKAIN2	1.0	12805
ENSG00000188581	15	KRTAP1-1	1.0	12806
ENSG00000188603	15	CLN3	1.0	12807
ENSG00000188610	15	FAM72B	1.0	12808
ENSG00000188611	15	ASAH2	1.0	12809
ENSG00000188612	15	SUMO2	1.0	12810
ENSG00000188613	15	NANOS1	1.0	12811
ENSG00000188626	15	GOLGA8M	1.0	12812
ENSG00000188641	15	DPYD	1.0	12813
ENSG00000188643	15	S100A16	1.0	12814
ENSG00000188647	15	PTAR1	1.0	12815
ENSG00000188649	15	CC2D2B	1.0	12816
ENSG00000188672	15	RHCE	1.0	12817
ENSG00000188677	15	PARVB	1.0	12818
ENSG00000188690	15	UROS	1.0	12819
ENSG00000188706	15	ZDHHC9	1.0	12820
ENSG00000188725	15	SMIM15	1.0	12821
ENSG00000188732	15	FAM221A	1.0	12822
ENSG00000188735	15	TMEM120B	1.0	12823
ENSG00000188738	15	FSIP2	1.0	12824
ENSG00000188739	15	RBM34	1.0	12825
ENSG00000188747	15	NOXA1	1.0	12826
ENSG00000188760	15	TMEM198	1.0	12827
ENSG00000188761	15	BCL2L15	1.0	12828
ENSG00000188763	15	FZD9	1.0	12829
ENSG00000188766	15	SPRED3	1.0	12830
ENSG00000188783	15	PRELP	1.0	12831
ENSG00000188786	15	MTF1	1.0	12832
ENSG00000188803	15	SHISA6	1.0	12833
ENSG00000188807	15	TMEM201	1.0	12834
ENSG00000188811	15	NHLRC3	1.0	12835
ENSG00000188818	15	ZDHHC11	1.0	12836
ENSG00000188822	15	CNR2	1.0	12837
ENSG00000188825	15	LINC00910	1.0	12838
ENSG00000188827	15	SLX4	1.0	12839
ENSG00000188833	15	ENTPD8	1.0	12840
ENSG00000188846	15	RPL14	1.0	12841
ENSG00000188859	15	FAM78B	1.0	12842
ENSG00000188868	15	ZNF563	1.0	12843
ENSG00000188883	15	KLRG2	1.0	12844
ENSG00000188895	15	MSL1	1.0	12845
ENSG00000188906	15	LRRK2	1.0	12846
ENSG00000188910	15	GJB3	1.0	12847
ENSG00000188917	15	TRMT2B	1.0	12848
ENSG00000188938	15	FAM120AOS	1.0	12849
ENSG00000188959	15	C9orf152	1.0	12850
ENSG00000188976	15	NOC2L	1.0	12851
ENSG00000188981	15	MSANTD1	1.0	12852
ENSG00000188986	15	NELFB	1.0	12853
ENSG00000188994	15	ZNF292	1.0	12854
ENSG00000188997	15	KCTD21	1.0	12855
ENSG00000189001	15	SBSN	1.0	12856
ENSG00000189007	15	ADAT2	1.0	12857
ENSG00000189013	15	KIR2DL4	1.0	12858
ENSG00000189042	15	ZNF567	1.0	12859
ENSG00000189043	15	NDUFA4	1.0	12860
ENSG00000189045	15	ANKDD1B	1.0	12861
ENSG00000189046	15	ALKBH2	1.0	12862
ENSG00000189050	15	RNFT1	1.0	12863
ENSG00000189051	15	RNF222	1.0	12864
ENSG00000189056	15	RELN	1.0	12865
ENSG00000189057	15	FAM111B	1.0	12866
ENSG00000189058	15	APOD	1.0	12867
ENSG00000189067	15	LITAF	1.0	12868
ENSG00000189079	15	ARID2	1.0	12869
ENSG00000189091	15	SF3B3	1.0	12870
ENSG00000189108	15	IL1RAPL2	1.0	12871
ENSG00000189120	15	SP6	1.0	12872
ENSG00000189129	15	PLAC9	1.0	12873
ENSG00000189134	15	NKAPL	1.0	12874
ENSG00000189143	15	CLDN4	1.0	12875
ENSG00000189144	15	ZNF573	1.0	12876
ENSG00000189152	15	GRAPL	1.0	12877
ENSG00000189157	15	FAM47E	1.0	12878
ENSG00000189164	15	ZNF527	1.0	12879
ENSG00000189171	15	S100A13	1.0	12880
ENSG00000189180	15	ZNF33A	1.0	12881
ENSG00000189184	15	PCDH18	1.0	12882
ENSG00000189190	15	ZNF600	1.0	12883
ENSG00000189195	15	BTBD8	1.0	12884
ENSG00000189221	15	MAOA	1.0	12885
ENSG00000189227	15	C15orf61	1.0	12886
ENSG00000189233	15	NUGGC	1.0	12887
ENSG00000189241	15	TSPYL1	1.0	12888
ENSG00000189266	15	PNRC2	1.0	12889
ENSG00000189280	15	GJB5	1.0	12890
ENSG00000189283	15	FHIT	1.0	12891
ENSG00000189298	15	ZKSCAN3	1.0	12892
ENSG00000189306	15	RRP7A	1.0	12893
ENSG00000189308	15	LIN54	1.0	12894
ENSG00000189320	15	FAM180A	1.0	12895
ENSG00000189334	15	S100A14	1.0	12896
ENSG00000189337	15	KAZN	1.0	12897
ENSG00000189339	15	SLC35E2B	1.0	12898
ENSG00000189366	15	ALG1L1P	1.0	12899
ENSG00000189369	15	GSPT2	1.0	12900
ENSG00000189376	15	C8orf76	1.0	12901
ENSG00000189377	15	CXCL17	1.0	12902
ENSG00000189401	15	OTUD6A	1.0	12903
ENSG00000189403	15	HMGB1	1.0	12904
ENSG00000189409	15	MMP23B	1.0	12905
ENSG00000189410	15	SH2D5	1.0	12906
ENSG00000189419	15	SPATA41	1.0	12907
ENSG00000189420	15	ZFP92	1.0	12908
ENSG00000189433	15	GJB4	1.0	12909
ENSG00000196072	15	BLOC1S2	1.0	12910
ENSG00000196074	15	SYCP2	1.0	12911
ENSG00000196083	15	IL1RAP	1.0	12912
ENSG00000196090	15	PTPRT	1.0	12913
ENSG00000196091	15	MYBPC1	1.0	12914
ENSG00000196104	15	SPOCK3	1.0	12915
ENSG00000196109	15	ZNF676	1.0	12916
ENSG00000196110	15	ZNF699	1.0	12917
ENSG00000196116	15	TDRD7	1.0	12918
ENSG00000196123	15	MATCAP1	1.0	12919
ENSG00000196126	15	HLA-DRB1	1.0	12920
ENSG00000196132	15	MYT1	1.0	12921
ENSG00000196141	15	SPATS2L	1.0	12922
ENSG00000196150	15	ZNF250	1.0	12923
ENSG00000196151	15	WDSUB1	1.0	12924
ENSG00000196152	15	ZNF79	1.0	12925
ENSG00000196154	15	S100A4	1.0	12926
ENSG00000196155	15	PLEKHG4	1.0	12927
ENSG00000196159	15	FAT4	1.0	12928
ENSG00000196166	15	LINC03042	1.0	12929
ENSG00000196167	15	COLCA1	1.0	12930
ENSG00000196169	15	KIF19	1.0	12931
ENSG00000196172	15	ZNF681	1.0	12932
ENSG00000196177	15	ACADSB	1.0	12933
ENSG00000196182	15	STK40	1.0	12934
ENSG00000196187	15	TMEM63A	1.0	12935
ENSG00000196189	15	SEMA4A	1.0	12936
ENSG00000196196	15	HRCT1	1.0	12937
ENSG00000196199	15	MPHOSPH8	1.0	12938
ENSG00000196208	15	GREB1	1.0	12939
ENSG00000196209	15	SIRPB2	1.0	12940
ENSG00000196214	15	ZNF766	1.0	12941
ENSG00000196218	15	RYR1	1.0	12942
ENSG00000196220	15	SRGAP3	1.0	12943
ENSG00000196227	15	FAM217B	1.0	12944
ENSG00000196230	15	TUBB	1.0	12945
ENSG00000196233	15	LCOR	1.0	12946
ENSG00000196235	15	SUPT5H	1.0	12947
ENSG00000196236	15	XPNPEP3	1.0	12948
ENSG00000196247	15	ZNF107	1.0	12949
ENSG00000196260	15	SFTA2	1.0	12950
ENSG00000196262	15	PPIA	1.0	12951
ENSG00000196263	15	ZNF471	1.0	12952
ENSG00000196267	15	ZNF836	1.0	12953
ENSG00000196268	15	ZNF493	1.0	12954
ENSG00000196275	15	GTF2IRD2	1.0	12955
ENSG00000196277	15	GRM7	1.0	12956
ENSG00000196284	15	SUPT3H	1.0	12957
ENSG00000196290	15	NIF3L1	1.0	12958
ENSG00000196296	15	ATP2A1	1.0	12959
ENSG00000196313	15	POM121	1.0	12960
ENSG00000196323	15	ZBTB44	1.0	12961
ENSG00000196329	15	GIMAP5	1.0	12962
ENSG00000196335	15	STK31	1.0	12963
ENSG00000196338	15	NLGN3	1.0	12964
ENSG00000196345	15	ZKSCAN7	1.0	12965
ENSG00000196352	15	CD55	1.0	12966
ENSG00000196353	15	CPNE4	1.0	12967
ENSG00000196357	15	ZNF565	1.0	12968
ENSG00000196358	15	NTNG2	1.0	12969
ENSG00000196361	15	ELAVL3	1.0	12970
ENSG00000196363	15	WDR5	1.0	12971
ENSG00000196365	15	LONP1	1.0	12972
ENSG00000196366	15	C9orf163	1.0	12973
ENSG00000196367	15	TRRAP	1.0	12974
ENSG00000196368	15	NUDT11	1.0	12975
ENSG00000196372	15	ASB13	1.0	12976
ENSG00000196376	15	SLC35F1	1.0	12977
ENSG00000196378	15	ZNF34	1.0	12978
ENSG00000196387	15	ZNF140	1.0	12979
ENSG00000196388	15	INCA1	1.0	12980
ENSG00000196391	15	ZNF774	1.0	12981
ENSG00000196396	15	PTPN1	1.0	12982
ENSG00000196405	15	EVL	1.0	12983
ENSG00000196408	15	NOXO1	1.0	12984
ENSG00000196411	15	EPHB4	1.0	12985
ENSG00000196415	15	PRTN3	1.0	12986
ENSG00000196417	15	ZNF765	1.0	12987
ENSG00000196418	15	ZNF124	1.0	12988
ENSG00000196419	15	XRCC6	1.0	12989
ENSG00000196420	15	S100A5	1.0	12990
ENSG00000196422	15	PPP1R26	1.0	12991
ENSG00000196428	15	TSC22D2	1.0	12992
ENSG00000196433	15	ASMT	1.0	12993
ENSG00000196436	15	NPIPB15	1.0	12994
ENSG00000196437	15	ZNF569	1.0	12995
ENSG00000196440	15	ARMCX4	1.0	12996
ENSG00000196449	15	YRDC	1.0	12997
ENSG00000196453	15	ZNF777	1.0	12998
ENSG00000196455	15	PIK3R4	1.0	12999
ENSG00000196456	15	ZNF775	1.0	13000
ENSG00000196458	15	ZNF605	1.0	13001
ENSG00000196459	15	TRAPPC2	1.0	13002
ENSG00000196460	15	RFX8	1.0	13003
ENSG00000196465	15	MYL6B	1.0	13004
ENSG00000196470	15	SIAH1	1.0	13005
ENSG00000196476	15	C20orf96	1.0	13006
ENSG00000196482	15	ESRRG	1.0	13007
ENSG00000196497	15	IPO4	1.0	13008
ENSG00000196498	15	NCOR2	1.0	13009
ENSG00000196502	15	SULT1A1	1.0	13010
ENSG00000196503	15	ARL9	1.0	13011
ENSG00000196504	15	PRPF40A	1.0	13012
ENSG00000196505	15	GDAP2	1.0	13013
ENSG00000196507	15	TCEAL3	1.0	13014
ENSG00000196510	15	ANAPC7	1.0	13015
ENSG00000196511	15	TPK1	1.0	13016
ENSG00000196517	15	SLC6A9	1.0	13017
ENSG00000196526	15	AFAP1	1.0	13018
ENSG00000196531	15	NACA	1.0	13019
ENSG00000196535	15	MYO18A	1.0	13020
ENSG00000196542	15	SPTSSB	1.0	13021
ENSG00000196547	15	MAN2A2	1.0	13022
ENSG00000196549	15	MME	1.0	13023
ENSG00000196550	15	FAM72A	1.0	13024
ENSG00000196557	15	CACNA1H	1.0	13025
ENSG00000196562	15	SULF2	1.0	13026
ENSG00000196569	15	LAMA2	1.0	13027
ENSG00000196576	15	PLXNB2	1.0	13028
ENSG00000196581	15	AJAP1	1.0	13029
ENSG00000196584	15	XRCC2	1.0	13030
ENSG00000196586	15	MYO6	1.0	13031
ENSG00000196591	15	HDAC2	1.0	13032
ENSG00000196597	15	ZNF782	1.0	13033
ENSG00000196604	15	POTEF	1.0	13034
ENSG00000196605	15	ZNF846	1.0	13035
ENSG00000196611	15	MMP1	1.0	13036
ENSG00000196616	15	ADH1B	1.0	13037
ENSG00000196620	15	UGT2B15	1.0	13038
ENSG00000196628	15	TCF4	1.0	13039
ENSG00000196632	15	WNK3	1.0	13040
ENSG00000196639	15	HRH1	1.0	13041
ENSG00000196646	15	ZNF136	1.0	13042
ENSG00000196652	15	ZKSCAN5	1.0	13043
ENSG00000196653	15	ZNF502	1.0	13044
ENSG00000196655	15	TRAPPC4	1.0	13045
ENSG00000196659	15	IFT70B	1.0	13046
ENSG00000196660	15	SLC30A10	1.0	13047
ENSG00000196663	15	TECPR2	1.0	13048
ENSG00000196664	15	TLR7	1.0	13049
ENSG00000196666	15	FAM180B	1.0	13050
ENSG00000196670	15	ZFP62	1.0	13051
ENSG00000196678	15	ERI2	1.0	13052
ENSG00000196683	15	TOMM7	1.0	13053
ENSG00000196684	15	HSH2D	1.0	13054
ENSG00000196689	15	TRPV1	1.0	13055
ENSG00000196693	15	ZNF33B	1.0	13056
ENSG00000196700	15	ZNF512B	1.0	13057
ENSG00000196704	15	AMZ2	1.0	13058
ENSG00000196705	15	ZNF431	1.0	13059
ENSG00000196712	15	NF1	1.0	13060
ENSG00000196715	15	VKORC1L1	1.0	13061
ENSG00000196724	15	ZNF418	1.0	13062
ENSG00000196730	15	DAPK1	1.0	13063
ENSG00000196735	15	HLA-DQA1	1.0	13064
ENSG00000196739	15	COL27A1	1.0	13065
ENSG00000196743	15	GM2A	1.0	13066
ENSG00000196748	15	CLPSL2	1.0	13067
ENSG00000196754	15	S100A2	1.0	13068
ENSG00000196776	15	CD47	1.0	13069
ENSG00000196781	15	TLE1	1.0	13070
ENSG00000196782	15	MAML3	1.0	13071
ENSG00000196792	15	STRN3	1.0	13072
ENSG00000196793	15	ZNF239	1.0	13073
ENSG00000196812	15	ZSCAN16	1.0	13074
ENSG00000196814	15	MVB12B	1.0	13075
ENSG00000196834	15	POTEI	1.0	13076
ENSG00000196839	15	ADA	1.0	13077
ENSG00000196843	15	ARID5A	1.0	13078
ENSG00000196850	15	PPTC7	1.0	13079
ENSG00000196860	15	TOMM20L	1.0	13080
ENSG00000196865	15	NHLRC2	1.0	13081
ENSG00000196867	15	ZFP28	1.0	13082
ENSG00000196873	15	ZNG1C	1.0	13083
ENSG00000196876	15	SCN8A	1.0	13084
ENSG00000196878	15	LAMB3	1.0	13085
ENSG00000196911	15	KPNA5	1.0	13086
ENSG00000196914	15	ARHGEF12	1.0	13087
ENSG00000196917	15	HCAR1	1.0	13088
ENSG00000196923	15	PDLIM7	1.0	13089
ENSG00000196924	15	FLNA	1.0	13090
ENSG00000196932	15	TMEM26	1.0	13091
ENSG00000196935	15	SRGAP1	1.0	13092
ENSG00000196937	15	FAM3C	1.0	13093
ENSG00000196943	15	NOP9	1.0	13094
ENSG00000196950	15	SLC39A10	1.0	13095
ENSG00000196954	15	CASP4	1.0	13096
ENSG00000196961	15	AP2A1	1.0	13097
ENSG00000196968	15	FUT11	1.0	13098
ENSG00000196975	15	ANXA4	1.0	13099
ENSG00000196976	15	LAGE3	1.0	13100
ENSG00000196981	15	WDR5B	1.0	13101
ENSG00000196998	15	WDR45	1.0	13102
ENSG00000197006	15	METTL9	1.0	13103
ENSG00000197008	15	ZNF138	1.0	13104
ENSG00000197013	15	ZNF429	1.0	13105
ENSG00000197016	15	ZNF470	1.0	13106
ENSG00000197019	15	SERTAD1	1.0	13107
ENSG00000197020	15	ZNF100	1.0	13108
ENSG00000197024	15	ZNF398	1.0	13109
ENSG00000197037	15	ZSCAN25	1.0	13110
ENSG00000197043	15	ANXA6	1.0	13111
ENSG00000197044	15	ZNF441	1.0	13112
ENSG00000197045	15	GMFB	1.0	13113
ENSG00000197046	15	SIGLEC15	1.0	13114
ENSG00000197050	15	ZNF420	1.0	13115
ENSG00000197054	15	ZNF763	1.0	13116
ENSG00000197056	15	ZMYM1	1.0	13117
ENSG00000197057	15	DTHD1	1.0	13118
ENSG00000197063	15	MAFG	1.0	13119
ENSG00000197070	15	ARRDC1	1.0	13120
ENSG00000197077	15	KIAA1671	1.0	13121
ENSG00000197081	15	IGF2R	1.0	13122
ENSG00000197093	15	GAL3ST4	1.0	13123
ENSG00000197102	15	DYNC1H1	1.0	13124
ENSG00000197106	15	SLC6A17	1.0	13125
ENSG00000197111	15	PCBP2	1.0	13126
ENSG00000197114	15	ZGPAT	1.0	13127
ENSG00000197119	15	SLC25A29	1.0	13128
ENSG00000197121	15	PGAP1	1.0	13129
ENSG00000197122	15	SRC	1.0	13130
ENSG00000197124	15	ZNF682	1.0	13131
ENSG00000197128	15	ZNF772	1.0	13132
ENSG00000197134	15	ZNF257	1.0	13133
ENSG00000197140	15	ADAM32	1.0	13134
ENSG00000197142	15	ACSL5	1.0	13135
ENSG00000197147	15	LRRC8B	1.0	13136
ENSG00000197150	15	ABCB8	1.0	13137
ENSG00000197157	15	SND1	1.0	13138
ENSG00000197162	15	ZNF785	1.0	13139
ENSG00000197165	15	SULT1A2	1.0	13140
ENSG00000197168	15	NEK5	1.0	13141
ENSG00000197170	15	PSMD12	1.0	13142
ENSG00000197181	15	PIWIL2	1.0	13143
ENSG00000197208	15	SLC22A4	1.0	13144
ENSG00000197217	15	ENTPD4	1.0	13145
ENSG00000197223	15	C1D	1.0	13146
ENSG00000197226	15	TBC1D9B	1.0	13147
ENSG00000197245	15	FAM110D	1.0	13148
ENSG00000197249	15	SERPINA1	1.0	13149
ENSG00000197256	15	KANK2	1.0	13150
ENSG00000197261	15	C6orf141	1.0	13151
ENSG00000197265	15	GTF2E2	1.0	13152
ENSG00000197275	15	RAD54B	1.0	13153
ENSG00000197279	15	ZNF165	1.0	13154
ENSG00000197283	15	SYNGAP1	1.0	13155
ENSG00000197291	15	RAMP2-AS1	1.0	13156
ENSG00000197296	15	FITM2	1.0	13157
ENSG00000197299	15	BLM	1.0	13158
ENSG00000197308	15	GATA3-AS1	1.0	13159
ENSG00000197312	15	DDI2	1.0	13160
ENSG00000197321	15	SVIL	1.0	13161
ENSG00000197323	15	TRIM33	1.0	13162
ENSG00000197324	15	LRP10	1.0	13163
ENSG00000197329	15	PELI1	1.0	13164
ENSG00000197343	15	ZNF655	1.0	13165
ENSG00000197345	15	MRPL21	1.0	13166
ENSG00000197355	15	UAP1L1	1.0	13167
ENSG00000197360	15	ZNF98	1.0	13168
ENSG00000197361	15	FBXL22	1.0	13169
ENSG00000197362	15	ZNF786	1.0	13170
ENSG00000197363	15	ZNF517	1.0	13171
ENSG00000197372	15	ZNF675	1.0	13172
ENSG00000197375	15	SLC22A5	1.0	13173
ENSG00000197380	15	DACT3	1.0	13174
ENSG00000197381	15	ADARB1	1.0	13175
ENSG00000197385	15	ZNF860	1.0	13176
ENSG00000197386	15	HTT	1.0	13177
ENSG00000197405	15	C5AR1	1.0	13178
ENSG00000197406	15	DIO3	1.0	13179
ENSG00000197408	15	CYP2B6	1.0	13180
ENSG00000197410	15	DCHS2	1.0	13181
ENSG00000197415	15	VEPH1	1.0	13182
ENSG00000197417	15	SHPK	1.0	13183
ENSG00000197429	15	IPP	1.0	13184
ENSG00000197442	15	MAP3K5	1.0	13185
ENSG00000197448	15	GSTK1	1.0	13186
ENSG00000197451	15	HNRNPAB	1.0	13187
ENSG00000197457	15	STMN3	1.0	13188
ENSG00000197461	15	PDGFA	1.0	13189
ENSG00000197465	15	GYPE	1.0	13190
ENSG00000197467	15	COL13A1	1.0	13191
ENSG00000197471	15	SPN	1.0	13192
ENSG00000197479	15	PCDHB11	1.0	13193
ENSG00000197483	15	ZNF628	1.0	13194
ENSG00000197496	15	SLC2A10	1.0	13195
ENSG00000197497	15	ZNF665	1.0	13196
ENSG00000197498	15	RPF2	1.0	13197
ENSG00000197506	15	SLC28A3	1.0	13198
ENSG00000197520	15	FAM177B	1.0	13199
ENSG00000197530	15	MIB2	1.0	13200
ENSG00000197535	15	MYO5A	1.0	13201
ENSG00000197540	15	GZMM	1.0	13202
ENSG00000197548	15	ATG7	1.0	13203
ENSG00000197555	15	SIPA1L1	1.0	13204
ENSG00000197557	15	IFT70A	1.0	13205
ENSG00000197561	15	ELANE	1.0	13206
ENSG00000197562	15	RAB40C	1.0	13207
ENSG00000197563	15	PIGN	1.0	13208
ENSG00000197565	15	COL4A6	1.0	13209
ENSG00000197566	15	ZNF624	1.0	13210
ENSG00000197568	15	ANKRD13C-DT	1.0	13211
ENSG00000197579	15	TOPORS	1.0	13212
ENSG00000197580	15	BCO2	1.0	13213
ENSG00000197584	15	KCNMB2	1.0	13214
ENSG00000197586	15	ENTPD6	1.0	13215
ENSG00000197587	15	DMBX1	1.0	13216
ENSG00000197594	15	ENPP1	1.0	13217
ENSG00000197599	15	CCDC154	1.0	13218
ENSG00000197601	15	FAR1	1.0	13219
ENSG00000197608	15	ZNF841	1.0	13220
ENSG00000197614	15	MFAP5	1.0	13221
ENSG00000197619	15	ZNF615	1.0	13222
ENSG00000197622	15	CDC42SE1	1.0	13223
ENSG00000197629	15	MPEG1	1.0	13224
ENSG00000197632	15	SERPINB2	1.0	13225
ENSG00000197635	15	DPP4	1.0	13226
ENSG00000197646	15	PDCD1LG2	1.0	13227
ENSG00000197647	15	ZNF433	1.0	13228
ENSG00000197653	15	DNAH10	1.0	13229
ENSG00000197694	15	SPTAN1	1.0	13230
ENSG00000197696	15	NMB	1.0	13231
ENSG00000197702	15	PARVA	1.0	13232
ENSG00000197705	15	KLHL14	1.0	13233
ENSG00000197712	15	FAM114A1	1.0	13234
ENSG00000197713	15	RPE	1.0	13235
ENSG00000197714	15	ZNF460	1.0	13236
ENSG00000197721	15	CR1L	1.0	13237
ENSG00000197724	15	PHF2	1.0	13238
ENSG00000197728	15	RPS26	1.0	13239
ENSG00000197734	15	C14orf178	1.0	13240
ENSG00000197746	15	PSAP	1.0	13241
ENSG00000197747	15	S100A10	1.0	13242
ENSG00000197756	15	RPL37A	1.0	13243
ENSG00000197763	15	TXNRD3	1.0	13244
ENSG00000197766	15	CFD	1.0	13245
ENSG00000197769	15	MAP1LC3C	1.0	13246
ENSG00000197771	15	MCMBP	1.0	13247
ENSG00000197774	15	EME2	1.0	13248
ENSG00000197776	15	KLHDC1	1.0	13249
ENSG00000197779	15	ZNF81	1.0	13250
ENSG00000197780	15	TAF13	1.0	13251
ENSG00000197782	15	ZNF780A	1.0	13252
ENSG00000197785	15	ATAD3A	1.0	13253
ENSG00000197798	15	FAM118B	1.0	13254
ENSG00000197808	15	ZNF461	1.0	13255
ENSG00000197816	15	CCDC180	1.0	13256
ENSG00000197818	15	SLC9A8	1.0	13257
ENSG00000197822	15	OCLN	1.0	13258
ENSG00000197841	15	ZNF181	1.0	13259
ENSG00000197857	15	ZNF44	1.0	13260
ENSG00000197858	15	GPAA1	1.0	13261
ENSG00000197859	15	ADAMTSL2	1.0	13262
ENSG00000197860	15	SGTB	1.0	13263
ENSG00000197863	15	ZNF790	1.0	13264
ENSG00000197879	15	MYO1C	1.0	13265
ENSG00000197885	15	NKIRAS1	1.0	13266
ENSG00000197888	15	UGT2B17	1.0	13267
ENSG00000197889	15	MEIG1	1.0	13268
ENSG00000197892	15	KIF13B	1.0	13269
ENSG00000197893	15	NRAP	1.0	13270
ENSG00000197894	15	ADH5	1.0	13271
ENSG00000197905	15	TEAD4	1.0	13272
ENSG00000197912	15	SPG7	1.0	13273
ENSG00000197921	15	HES5	1.0	13274
ENSG00000197928	15	ZNF677	1.0	13275
ENSG00000197933	15	ZNF823	1.0	13276
ENSG00000197935	15	ZNF311	1.0	13277
ENSG00000197937	15	ZNF347	1.0	13278
ENSG00000197943	15	PLCG2	1.0	13279
ENSG00000197948	15	FCHSD1	1.0	13280
ENSG00000197951	15	ZNF71	1.0	13281
ENSG00000197956	15	S100A6	1.0	13282
ENSG00000197958	15	RPL12	1.0	13283
ENSG00000197959	15	DNM3	1.0	13284
ENSG00000197961	15	ZNF121	1.0	13285
ENSG00000197965	15	MPZL1	1.0	13286
ENSG00000197969	15	VPS13A	1.0	13287
ENSG00000197971	15	MBP	1.0	13288
ENSG00000197976	15	AKAP17A	1.0	13289
ENSG00000197977	15	ELOVL2	1.0	13290
ENSG00000197978	15	GOLGA6L9	1.0	13291
ENSG00000197980	15	LEKR1	1.0	13292
ENSG00000197982	15	C1orf122	1.0	13293
ENSG00000197989	15	SNHG12	1.0	13294
ENSG00000197993	15	KEL	1.0	13295
ENSG00000198000	15	NOL8	1.0	13296
ENSG00000198001	15	IRAK4	1.0	13297
ENSG00000198010	15	DLGAP2	1.0	13298
ENSG00000198015	15	MRPL42	1.0	13299
ENSG00000198018	15	ENTPD7	1.0	13300
ENSG00000198026	15	ZNF335	1.0	13301
ENSG00000198034	15	RPS4X	1.0	13302
ENSG00000198039	15	ZNF273	1.0	13303
ENSG00000198040	15	ZNF84	1.0	13304
ENSG00000198042	15	MAK16	1.0	13305
ENSG00000198046	15	ZNF667	1.0	13306
ENSG00000198053	15	SIRPA	1.0	13307
ENSG00000198055	15	GRK6	1.0	13308
ENSG00000198056	15	PRIM1	1.0	13309
ENSG00000198074	15	AKR1B10	1.0	13310
ENSG00000198075	15	SULT1C4	1.0	13311
ENSG00000198077	15	CYP2A7	1.0	13312
ENSG00000198081	15	ZBTB14	1.0	13313
ENSG00000198087	15	CD2AP	1.0	13314
ENSG00000198088	15	NUP62CL	1.0	13315
ENSG00000198089	15	SFI1	1.0	13316
ENSG00000198093	15	ZNF649	1.0	13317
ENSG00000198099	15	ADH4	1.0	13318
ENSG00000198105	15	ZNF248	1.0	13319
ENSG00000198108	15	CHSY3	1.0	13320
ENSG00000198113	15	TOR4A	1.0	13321
ENSG00000198121	15	LPAR1	1.0	13322
ENSG00000198125	15	MB	1.0	13323
ENSG00000198130	15	HIBCH	1.0	13324
ENSG00000198131	15	ZNF544	1.0	13325
ENSG00000198133	15	TMEM229B	1.0	13326
ENSG00000198142	15	SOWAHC	1.0	13327
ENSG00000198146	15	ZNF770	1.0	13328
ENSG00000198156	15	NPIPB6	1.0	13329
ENSG00000198157	15	HMGN5	1.0	13330
ENSG00000198160	15	MIER1	1.0	13331
ENSG00000198162	15	MAN1A2	1.0	13332
ENSG00000198168	15	SVIP	1.0	13333
ENSG00000198169	15	ZNF251	1.0	13334
ENSG00000198171	15	DDRGK1	1.0	13335
ENSG00000198176	15	TFDP1	1.0	13336
ENSG00000198182	15	ZNF607	1.0	13337
ENSG00000198185	15	ZNF334	1.0	13338
ENSG00000198189	15	HSD17B11	1.0	13339
ENSG00000198198	15	SZT2	1.0	13340
ENSG00000198203	15	SULT1C2	1.0	13341
ENSG00000198205	15	ZXDA	1.0	13342
ENSG00000198208	15	RPS6KL1	1.0	13343
ENSG00000198218	15	QRICH1	1.0	13344
ENSG00000198223	15	CSF2RA	1.0	13345
ENSG00000198225	15	FKBP1C	1.0	13346
ENSG00000198231	15	DDX42	1.0	13347
ENSG00000198242	15	RPL23A	1.0	13348
ENSG00000198246	15	SLC29A3	1.0	13349
ENSG00000198252	15	STYX	1.0	13350
ENSG00000198258	15	UBL5	1.0	13351
ENSG00000198265	15	HELZ	1.0	13352
ENSG00000198270	15	TMEM116	1.0	13353
ENSG00000198276	15	UCKL1	1.0	13354
ENSG00000198286	15	CARD11	1.0	13355
ENSG00000198298	15	ZNF485	1.0	13356
ENSG00000198301	15	SDAD1	1.0	13357
ENSG00000198315	15	ZKSCAN8	1.0	13358
ENSG00000198331	15	HYLS1	1.0	13359
ENSG00000198336	15	MYL4	1.0	13360
ENSG00000198342	15	ZNF442	1.0	13361
ENSG00000198346	15	ZNF813	1.0	13362
ENSG00000198353	15	HOXC4	1.0	13363
ENSG00000198354	15	DCAF12L2	1.0	13364
ENSG00000198355	15	PIM3	1.0	13365
ENSG00000198363	15	ASPH	1.0	13366
ENSG00000198369	15	SPRED2	1.0	13367
ENSG00000198373	15	WWP2	1.0	13368
ENSG00000198380	15	GFPT1	1.0	13369
ENSG00000198382	15	UVRAG	1.0	13370
ENSG00000198393	15	ZNF26	1.0	13371
ENSG00000198399	15	ITSN2	1.0	13372
ENSG00000198400	15	NTRK1	1.0	13373
ENSG00000198417	15	MT1F	1.0	13374
ENSG00000198429	15	ZNF69	1.0	13375
ENSG00000198431	15	TXNRD1	1.0	13376
ENSG00000198435	15	NRARP	1.0	13377
ENSG00000198440	15	ZNF583	1.0	13378
ENSG00000198453	15	ZNF568	1.0	13379
ENSG00000198455	15	ZXDB	1.0	13380
ENSG00000198464	15	ZNF480	1.0	13381
ENSG00000198466	15	ZNF587	1.0	13382
ENSG00000198467	15	TPM2	1.0	13383
ENSG00000198478	15	SH3BGRL2	1.0	13384
ENSG00000198482	15	ZNF808	1.0	13385
ENSG00000198483	15	ANKRD35	1.0	13386
ENSG00000198492	15	YTHDF2	1.0	13387
ENSG00000198498	15	TMA16	1.0	13388
ENSG00000198502	15	HLA-DRB5	1.0	13389
ENSG00000198513	15	ATL1	1.0	13390
ENSG00000198515	15	CNGA1	1.0	13391
ENSG00000198517	15	MAFK	1.0	13392
ENSG00000198521	15	ZNF43	1.0	13393
ENSG00000198522	15	GPN1	1.0	13394
ENSG00000198523	15	PLN	1.0	13395
ENSG00000198535	15	C2CD4A	1.0	13396
ENSG00000198538	15	ZNF28	1.0	13397
ENSG00000198542	15	ITGBL1	1.0	13398
ENSG00000198546	15	ZNF511	1.0	13399
ENSG00000198547	15	C20orf203	1.0	13400
ENSG00000198551	15	ZNF627	1.0	13401
ENSG00000198553	15	KCNRG	1.0	13402
ENSG00000198554	15	WDHD1	1.0	13403
ENSG00000198556	15	ZNF789	1.0	13404
ENSG00000198561	15	CTNND1	1.0	13405
ENSG00000198574	15	SH2D1B	1.0	13406
ENSG00000198576	15	ARC	1.0	13407
ENSG00000198585	15	NUDT16	1.0	13408
ENSG00000198586	15	TLK1	1.0	13409
ENSG00000198589	15	LRBA	1.0	13410
ENSG00000198598	15	MMP17	1.0	13411
ENSG00000198604	15	BAZ1A	1.0	13412
ENSG00000198612	15	COPS8	1.0	13413
ENSG00000198624	15	CCDC69	1.0	13414
ENSG00000198625	15	MDM4	1.0	13415
ENSG00000198626	15	RYR2	1.0	13416
ENSG00000198642	15	KLHL9	1.0	13417
ENSG00000198643	15	FAM3D	1.0	13418
ENSG00000198646	15	NCOA6	1.0	13419
ENSG00000198648	15	STK39	1.0	13420
ENSG00000198650	15	TAT	1.0	13421
ENSG00000198663	15	C6orf89	1.0	13422
ENSG00000198668	15	CALM1	1.0	13423
ENSG00000198677	15	SKIC3	1.0	13424
ENSG00000198680	15	TUSC1	1.0	13425
ENSG00000198682	15	PAPSS2	1.0	13426
ENSG00000198689	15	SLC9A6	1.0	13427
ENSG00000198690	15	FAN1	1.0	13428
ENSG00000198691	15	ABCA4	1.0	13429
ENSG00000198700	15	IPO9	1.0	13430
ENSG00000198707	15	CEP290	1.0	13431
ENSG00000198711	15	SSBP3-AS1	1.0	13432
ENSG00000198719	15	DLL1	1.0	13433
ENSG00000198721	15	ECI2	1.0	13434
ENSG00000198722	15	UNC13B	1.0	13435
ENSG00000198728	15	LDB1	1.0	13436
ENSG00000198729	15	PPP1R14C	1.0	13437
ENSG00000198730	15	CTR9	1.0	13438
ENSG00000198732	15	SMOC1	1.0	13439
ENSG00000198734	15	F5	1.0	13440
ENSG00000198736	15	MSRB1	1.0	13441
ENSG00000198740	15	ZNF652	1.0	13442
ENSG00000198742	15	SMURF1	1.0	13443
ENSG00000198746	15	GPATCH3	1.0	13444
ENSG00000198752	15	CDC42BPB	1.0	13445
ENSG00000198755	15	RPL10A	1.0	13446
ENSG00000198756	15	COLGALT2	1.0	13447
ENSG00000198759	15	EGFL6	1.0	13448
ENSG00000198768	15	APCDD1L	1.0	13449
ENSG00000198771	15	RCSD1	1.0	13450
ENSG00000198774	15	RASSF9	1.0	13451
ENSG00000198780	15	FAM169A	1.0	13452
ENSG00000198783	15	ZNF830	1.0	13453
ENSG00000198791	15	CNOT7	1.0	13454
ENSG00000198792	15	TMEM184B	1.0	13455
ENSG00000198793	15	MTOR	1.0	13456
ENSG00000198794	15	SCAMP5	1.0	13457
ENSG00000198795	15	ZNF521	1.0	13458
ENSG00000198796	15	ALPK2	1.0	13459
ENSG00000198797	15	BRINP2	1.0	13460
ENSG00000198799	15	LRIG2	1.0	13461
ENSG00000198805	15	PNP	1.0	13462
ENSG00000198807	15	PAX9	1.0	13463
ENSG00000198814	15	GK	1.0	13464
ENSG00000198815	15	FOXJ3	1.0	13465
ENSG00000198816	15	ZNF358	1.0	13466
ENSG00000198818	15	SFT2D1	1.0	13467
ENSG00000198821	15	CD247	1.0	13468
ENSG00000198822	15	GRM3	1.0	13469
ENSG00000198824	15	CHAMP1	1.0	13470
ENSG00000198825	15	INPP5F	1.0	13471
ENSG00000198826	15	ARHGAP11A	1.0	13472
ENSG00000198829	15	SUCNR1	1.0	13473
ENSG00000198830	15	HMGN2	1.0	13474
ENSG00000198833	15	UBE2J1	1.0	13475
ENSG00000198835	15	GJC2	1.0	13476
ENSG00000198836	15	OPA1	1.0	13477
ENSG00000198837	15	DENND4B	1.0	13478
ENSG00000198838	15	RYR3	1.0	13479
ENSG00000198839	15	ZNF277	1.0	13480
ENSG00000198844	15	ARHGEF15	1.0	13481
ENSG00000198846	15	TOX	1.0	13482
ENSG00000198848	15	CES1	1.0	13483
ENSG00000198851	15	CD3E	1.0	13484
ENSG00000198853	15	RUSC2	1.0	13485
ENSG00000198855	15	FICD	1.0	13486
ENSG00000198856	15	OSTC	1.0	13487
ENSG00000198858	15	R3HDM4	1.0	13488
ENSG00000198860	15	TSEN15	1.0	13489
ENSG00000198862	15	LTN1	1.0	13490
ENSG00000198863	15	RUNDC1	1.0	13491
ENSG00000198865	15	CCDC152	1.0	13492
ENSG00000198873	15	GRK5	1.0	13493
ENSG00000198874	15	TYW1	1.0	13494
ENSG00000198876	15	DCAF12	1.0	13495
ENSG00000198879	15	SFMBT2	1.0	13496
ENSG00000198885	15	ITPRIPL1	1.0	13497
ENSG00000198887	15	SMC5	1.0	13498
ENSG00000198890	15	PRMT6	1.0	13499
ENSG00000198892	15	SHISA4	1.0	13500
ENSG00000198894	15	CIPC	1.0	13501
ENSG00000198898	15	CAPZA2	1.0	13502
ENSG00000198900	15	TOP1	1.0	13503
ENSG00000198901	15	PRC1	1.0	13504
ENSG00000198908	15	GPRASP3	1.0	13505
ENSG00000198909	15	MAP3K3	1.0	13506
ENSG00000198910	15	L1CAM	1.0	13507
ENSG00000198911	15	SREBF2	1.0	13508
ENSG00000198912	15	C1orf174	1.0	13509
ENSG00000198914	15	POU3F3	1.0	13510
ENSG00000198915	15	RASGEF1A	1.0	13511
ENSG00000198918	15	RPL39	1.0	13512
ENSG00000198919	15	DZIP3	1.0	13513
ENSG00000198920	15	KIAA0753	1.0	13514
ENSG00000198924	15	DCLRE1A	1.0	13515
ENSG00000198925	15	ATG9A	1.0	13516
ENSG00000198929	15	NOS1AP	1.0	13517
ENSG00000198931	15	APRT	1.0	13518
ENSG00000198932	15	GPRASP1	1.0	13519
ENSG00000198933	15	TBKBP1	1.0	13520
ENSG00000198934	15	MAGEE1	1.0	13521
ENSG00000198937	15	CCDC167	1.0	13522
ENSG00000198939	15	ZFP2	1.0	13523
ENSG00000198944	15	SOWAHA	1.0	13524
ENSG00000198945	15	L3MBTL3	1.0	13525
ENSG00000198947	15	DMD	1.0	13526
ENSG00000198948	15	MFAP3L	1.0	13527
ENSG00000198951	15	NAGA	1.0	13528
ENSG00000198952	15	SMG5	1.0	13529
ENSG00000198959	15	TGM2	1.0	13530
ENSG00000198960	15	ARMCX6	1.0	13531
ENSG00000198961	15	PJA2	1.0	13532
ENSG00000198963	15	RORB	1.0	13533
ENSG00000198964	15	SGMS1	1.0	13534
ENSG00000203326	15	ZNF525	1.0	13535
ENSG00000203485	15	INF2	1.0	13536
ENSG00000203663	15	OR2L2	1.0	13537
ENSG00000203666	15	EFCAB2	1.0	13538
ENSG00000203667	15	COX20	1.0	13539
ENSG00000203697	15	CAPN8	1.0	13540
ENSG00000203705	15	TATDN3	1.0	13541
ENSG00000203710	15	CR1	1.0	13542
ENSG00000203721	15	LINC00862	1.0	13543
ENSG00000203722	15	RAET1G	1.0	13544
ENSG00000203724	15	C1orf53	1.0	13545
ENSG00000203727	15	SAMD5	1.0	13546
ENSG00000203734	15	ECT2L	1.0	13547
ENSG00000203747	15	FCGR3A	1.0	13548
ENSG00000203760	15	CENPW	1.0	13549
ENSG00000203772	15	SPRN	1.0	13550
ENSG00000203778	15	FAM229B	1.0	13551
ENSG00000203780	15	FANK1	1.0	13552
ENSG00000203797	15	DDO	1.0	13553
ENSG00000203808	15	BVES-AS1	1.0	13554
ENSG00000203867	15	RBM20	1.0	13555
ENSG00000203879	15	GDI1	1.0	13556
ENSG00000203880	15	PCMTD2	1.0	13557
ENSG00000203883	15	SOX18	1.0	13558
ENSG00000203907	15	OOEP	1.0	13559
ENSG00000203930	15	LINC00632	1.0	13560
ENSG00000203943	15	SAMD13	1.0	13561
ENSG00000203952	15	CCDC160	1.0	13562
ENSG00000203965	15	EFCAB7	1.0	13563
ENSG00000203985	15	LDLRAD1	1.0	13564
ENSG00000203995	15	ZYG11A	1.0	13565
ENSG00000204019	15	CT83	1.0	13566
ENSG00000204022	15	LIPJ	1.0	13567
ENSG00000204052	15	LRRC73	1.0	13568
ENSG00000204065	15	TCEAL5	1.0	13569
ENSG00000204070	15	SYS1	1.0	13570
ENSG00000204071	15	TCEAL6	1.0	13571
ENSG00000204084	15	INPP5B	1.0	13572
ENSG00000204099	15	NEU4	1.0	13573
ENSG00000204103	15	MAFB	1.0	13574
ENSG00000204104	15	TRAF3IP1	1.0	13575
ENSG00000204116	15	CHIC1	1.0	13576
ENSG00000204120	15	GIGYF2	1.0	13577
ENSG00000204128	15	C2orf72	1.0	13578
ENSG00000204130	15	RUFY2	1.0	13579
ENSG00000204131	15	NHSL2	1.0	13580
ENSG00000204138	15	PHACTR4	1.0	13581
ENSG00000204140	15	CLPSL1	1.0	13582
ENSG00000204147	15	ASAH2B	1.0	13583
ENSG00000204149	15	AGAP6	1.0	13584
ENSG00000204152	15	TIMM23B	1.0	13585
ENSG00000204160	15	ZDHHC18	1.0	13586
ENSG00000204172	15	AGAP9	1.0	13587
ENSG00000204175	15	GPRIN2	1.0	13588
ENSG00000204176	15	SYT15	1.0	13589
ENSG00000204186	15	ZDBF2	1.0	13590
ENSG00000204209	15	DAXX	1.0	13591
ENSG00000204217	15	BMPR2	1.0	13592
ENSG00000204219	15	TCEA3	1.0	13593
ENSG00000204220	15	PFDN6	1.0	13594
ENSG00000204227	15	RING1	1.0	13595
ENSG00000204228	15	HSD17B8	1.0	13596
ENSG00000204231	15	RXRB	1.0	13597
ENSG00000204237	15	OXLD1	1.0	13598
ENSG00000204248	15	COL11A2	1.0	13599
ENSG00000204252	15	HLA-DOA	1.0	13600
ENSG00000204256	15	BRD2	1.0	13601
ENSG00000204257	15	HLA-DMA	1.0	13602
ENSG00000204262	15	COL5A2	1.0	13603
ENSG00000204264	15	PSMB8	1.0	13604
ENSG00000204271	15	SPIN3	1.0	13605
ENSG00000204287	15	HLA-DRA	1.0	13606
ENSG00000204291	15	COL15A1	1.0	13607
ENSG00000204301	15	NOTCH4	1.0	13608
ENSG00000204304	15	PBX2	1.0	13609
ENSG00000204305	15	AGER	1.0	13610
ENSG00000204308	15	RNF5	1.0	13611
ENSG00000204310	15	AGPAT1	1.0	13612
ENSG00000204314	15	PRRT1	1.0	13613
ENSG00000204315	15	FKBPL	1.0	13614
ENSG00000204316	15	MRPL38	1.0	13615
ENSG00000204323	15	SMIM5	1.0	13616
ENSG00000204334	15	ERICH2	1.0	13617
ENSG00000204335	15	SP5	1.0	13618
ENSG00000204344	15	STK19	1.0	13619
ENSG00000204348	15	DXO	1.0	13620
ENSG00000204351	15	SKIC2	1.0	13621
ENSG00000204356	15	NELFE	1.0	13622
ENSG00000204361	15	NXPE2	1.0	13623
ENSG00000204370	15	SDHD	1.0	13624
ENSG00000204371	15	EHMT2	1.0	13625
ENSG00000204381	15	LAYN	1.0	13626
ENSG00000204385	15	SLC44A4	1.0	13627
ENSG00000204386	15	NEU1	1.0	13628
ENSG00000204388	15	HSPA1B	1.0	13629
ENSG00000204389	15	HSPA1A	1.0	13630
ENSG00000204390	15	HSPA1L	1.0	13631
ENSG00000204392	15	LSM2	1.0	13632
ENSG00000204396	15	VWA7	1.0	13633
ENSG00000204397	15	CARD16	1.0	13634
ENSG00000204406	15	MBD5	1.0	13635
ENSG00000204410	15	MSH5	1.0	13636
ENSG00000204421	15	LY6G6C	1.0	13637
ENSG00000204427	15	ABHD16A	1.0	13638
ENSG00000204428	15	LY6G5C	1.0	13639
ENSG00000204435	15	CSNK2B	1.0	13640
ENSG00000204438	15	GPANK1	1.0	13641
ENSG00000204439	15	C6orf47	1.0	13642
ENSG00000204444	15	APOM	1.0	13643
ENSG00000204463	15	BAG6	1.0	13644
ENSG00000204469	15	PRRC2A	1.0	13645
ENSG00000204472	15	AIF1	1.0	13646
ENSG00000204475	15	NCR3	1.0	13647
ENSG00000204482	15	LST1	1.0	13648
ENSG00000204498	15	NFKBIL1	1.0	13649
ENSG00000204514	15	ZNF814	1.0	13650
ENSG00000204516	15	MICB	1.0	13651
ENSG00000204519	15	ZNF551	1.0	13652
ENSG00000204520	15	MICA	1.0	13653
ENSG00000204524	15	ZNF805	1.0	13654
ENSG00000204525	15	HLA-C	1.0	13655
ENSG00000204531	15	POU5F1	1.0	13656
ENSG00000204536	15	CCHCR1	1.0	13657
ENSG00000204538	15	PSORS1C2	1.0	13658
ENSG00000204539	15	CDSN	1.0	13659
ENSG00000204540	15	PSORS1C1	1.0	13660
ENSG00000204542	15	C6orf15	1.0	13661
ENSG00000204544	15	MUC21	1.0	13662
ENSG00000204560	15	DHX16	1.0	13663
ENSG00000204564	15	C6orf136	1.0	13664
ENSG00000204568	15	MRPS18B	1.0	13665
ENSG00000204569	15	PPP1R10	1.0	13666
ENSG00000204572	15	KRTAP5-10	1.0	13667
ENSG00000204574	15	ABCF1	1.0	13668
ENSG00000204576	15	PRR3	1.0	13669
ENSG00000204577	15	LILRB3	1.0	13670
ENSG00000204580	15	DDR1	1.0	13671
ENSG00000204583	15	LRCOL1	1.0	13672
ENSG00000204588	15	LINC01123	1.0	13673
ENSG00000204590	15	GNL1	1.0	13674
ENSG00000204592	15	HLA-E	1.0	13675
ENSG00000204599	15	TRIM39	1.0	13676
ENSG00000204604	15	ZNF468	1.0	13677
ENSG00000204611	15	ZNF616	1.0	13678
ENSG00000204616	15	TRIM31	1.0	13679
ENSG00000204618	15	RNF39	1.0	13680
ENSG00000204619	15	PPP1R11	1.0	13681
ENSG00000204625	15	HCG9	1.0	13682
ENSG00000204632	15	HLA-G	1.0	13683
ENSG00000204634	15	TBC1D8	1.0	13684
ENSG00000204642	15	HLA-F	1.0	13685
ENSG00000204644	15	ZFP57	1.0	13686
ENSG00000204655	15	MOG	1.0	13687
ENSG00000204681	15	GABBR1	1.0	13688
ENSG00000204706	15	MAMDC2-AS1	1.0	13689
ENSG00000204713	15	TRIM27	1.0	13690
ENSG00000204740	15	MALRD1	1.0	13691
ENSG00000204764	15	RANBP17	1.0	13692
ENSG00000204822	15	MRPL53	1.0	13693
ENSG00000204832	15	ST8SIA6-AS1	1.0	13694
ENSG00000204839	15	MROH6	1.0	13695
ENSG00000204842	15	ATXN2	1.0	13696
ENSG00000204843	15	DCTN1	1.0	13697
ENSG00000204852	15	TCTN1	1.0	13698
ENSG00000204856	15	FAM216A	1.0	13699
ENSG00000204859	15	ZBTB48	1.0	13700
ENSG00000204869	15	IGFL4	1.0	13701
ENSG00000204882	15	GPR20	1.0	13702
ENSG00000204889	15	KRT40	1.0	13703
ENSG00000204899	15	MZT1	1.0	13704
ENSG00000204909	15	SPINK9	1.0	13705
ENSG00000204920	15	ZNF155	1.0	13706
ENSG00000204923	15	FBXO48	1.0	13707
ENSG00000204930	15	FAM221B	1.0	13708
ENSG00000204934	15	ATP6V0E2-AS1	1.0	13709
ENSG00000204941	15	PSG5	1.0	13710
ENSG00000204946	15	ZNF783	1.0	13711
ENSG00000204947	15	ZNF425	1.0	13712
ENSG00000204949	15	FAM83A-AS1	1.0	13713
ENSG00000204950	15	LRRC10B	1.0	13714
ENSG00000204954	15	UQCC6	1.0	13715
ENSG00000204956	15	PCDHGA1	1.0	13716
ENSG00000204977	15	TRIM13	1.0	13717
ENSG00000204991	15	SPIRE2	1.0	13718
ENSG00000205002	15	AARD	1.0	13719
ENSG00000205038	15	PKHD1L1	1.0	13720
ENSG00000205045	15	SLFN12L	1.0	13721
ENSG00000205060	15	SLC35B4	1.0	13722
ENSG00000205076	15	LGALS7	1.0	13723
ENSG00000205078	15	SYCE1L	1.0	13724
ENSG00000205084	15	TMEM231	1.0	13725
ENSG00000205085	15	GARIN1A	1.0	13726
ENSG00000205089	15	CCNI2	1.0	13727
ENSG00000205090	15	TMEM240	1.0	13728
ENSG00000205111	15	CDKL4	1.0	13729
ENSG00000205129	15	CFAP96	1.0	13730
ENSG00000205133	15	TRIQK	1.0	13731
ENSG00000205138	15	SDHAF1	1.0	13732
ENSG00000205155	15	PSENEN	1.0	13733
ENSG00000205181	15	LINC00654	1.0	13734
ENSG00000205189	15	ZBTB10	1.0	13735
ENSG00000205208	15	C4orf46	1.0	13736
ENSG00000205209	15	SCGB2B2	1.0	13737
ENSG00000205212	15	CCDC144NL	1.0	13738
ENSG00000205213	15	LGR4	1.0	13739
ENSG00000205220	15	PSMB10	1.0	13740
ENSG00000205221	15	VIT	1.0	13741
ENSG00000205250	15	E2F4	1.0	13742
ENSG00000205268	15	PDE7A	1.0	13743
ENSG00000205269	15	TMEM170B	1.0	13744
ENSG00000205277	15	MUC12	1.0	13745
ENSG00000205302	15	SNX2	1.0	13746
ENSG00000205307	15	SAP25	1.0	13747
ENSG00000205309	15	NT5M	1.0	13748
ENSG00000205323	15	SARNP	1.0	13749
ENSG00000205339	15	IPO7	1.0	13750
ENSG00000205352	15	PRR13	1.0	13751
ENSG00000205356	15	TECPR1	1.0	13752
ENSG00000205358	15	MT1H	1.0	13753
ENSG00000205362	15	MT1A	1.0	13754
ENSG00000205364	15	MT1M	1.0	13755
ENSG00000205403	15	CFI	1.0	13756
ENSG00000205413	15	SAMD9	1.0	13757
ENSG00000205420	15	KRT6A	1.0	13758
ENSG00000205423	15	CNEP1R1	1.0	13759
ENSG00000205426	15	KRT81	1.0	13760
ENSG00000205436	15	EXOC3L4	1.0	13761
ENSG00000205456	15	TP53TG3D	1.0	13762
ENSG00000205464	15	ATP6AP1L	1.0	13763
ENSG00000205476	15	CCDC85C	1.0	13764
ENSG00000205502	15	C2CD4B	1.0	13765
ENSG00000205517	15	RGL3	1.0	13766
ENSG00000205531	15	NAP1L4	1.0	13767
ENSG00000205542	15	TMSB4X	1.0	13768
ENSG00000205544	15	TMEM256	1.0	13769
ENSG00000205560	15	CPT1B	1.0	13770
ENSG00000205581	15	HMGN1	1.0	13771
ENSG00000205593	15	DENND6B	1.0	13772
ENSG00000205609	15	EIF3CL	1.0	13773
ENSG00000205629	15	LCMT1	1.0	13774
ENSG00000205639	15	MFSD2B	1.0	13775
ENSG00000205643	15	CDPF1	1.0	13776
ENSG00000205659	15	LIN52	1.0	13777
ENSG00000205683	15	DPF3	1.0	13778
ENSG00000205710	15	C17orf107	1.0	13779
ENSG00000205726	15	ITSN1	1.0	13780
ENSG00000205730	15	ITPRIPL2	1.0	13781
ENSG00000205744	15	DENND1C	1.0	13782
ENSG00000205755	15	CRLF2	1.0	13783
ENSG00000205765	15	RIMOC1	1.0	13784
ENSG00000205791	15	LOH12CR2	1.0	13785
ENSG00000205795	15	CYS1	1.0	13786
ENSG00000205809	15	KLRC2	1.0	13787
ENSG00000205838	15	TTC23L	1.0	13788
ENSG00000205853	15	RFPL3S	1.0	13789
ENSG00000205885	15	C1RL-AS1	1.0	13790
ENSG00000205913	15	SRRM2-AS1	1.0	13791
ENSG00000205937	15	RNPS1	1.0	13792
ENSG00000205978	15	NYNRIN	1.0	13793
ENSG00000205981	15	DNAJC19	1.0	13794
ENSG00000206052	15	DOK6	1.0	13795
ENSG00000206069	15	LHFPL7	1.0	13796
ENSG00000206073	15	SERPINB4	1.0	13797
ENSG00000206075	15	SERPINB5	1.0	13798
ENSG00000206077	15	ZDHHC11B	1.0	13799
ENSG00000206140	15	TMEM191C	1.0	13800
ENSG00000206172	15	HBA1	1.0	13801
ENSG00000206190	15	ATP10A	1.0	13802
ENSG00000206344	15	HCG27	1.0	13803
ENSG00000206384	15	COL6A6	1.0	13804
ENSG00000206418	15	RAB12	1.0	13805
ENSG00000206432	15	TMEM200C	1.0	13806
ENSG00000206503	15	HLA-A	1.0	13807
ENSG00000206535	15	LNP1	1.0	13808
ENSG00000206538	15	VGLL3	1.0	13809
ENSG00000206559	15	ZCWPW2	1.0	13810
ENSG00000206560	15	ANKRD28	1.0	13811
ENSG00000206561	15	COLQ	1.0	13812
ENSG00000206562	15	METTL6	1.0	13813
ENSG00000206579	15	XKR4	1.0	13814
ENSG00000211445	15	GPX3	1.0	13815
ENSG00000211448	15	DIO2	1.0	13816
ENSG00000211452	15	DIO1	1.0	13817
ENSG00000211455	15	STK38L	1.0	13818
ENSG00000211456	15	SACM1L	1.0	13819
ENSG00000211460	15	TSN	1.0	13820
ENSG00000211584	15	SLC48A1	1.0	13821
ENSG00000212123	15	PRR22	1.0	13822
ENSG00000212724	15	KRTAP2-3	1.0	13823
ENSG00000212864	15	RNF208	1.0	13824
ENSG00000212901	15	KRTAP3-1	1.0	13825
ENSG00000212916	15	MAP10	1.0	13826
ENSG00000212993	15	POU5F1B	1.0	13827
ENSG00000213015	15	ZNF580	1.0	13828
ENSG00000213020	15	ZNF611	1.0	13829
ENSG00000213047	15	DENND1B	1.0	13830
ENSG00000213057	15	C1orf220	1.0	13831
ENSG00000213064	15	SFT2D2	1.0	13832
ENSG00000213079	15	SCAF8	1.0	13833
ENSG00000213096	15	ZNF254	1.0	13834
ENSG00000213139	15	CRYGS	1.0	13835
ENSG00000213145	15	CRIP1	1.0	13836
ENSG00000213160	15	KLHL23	1.0	13837
ENSG00000213171	15	LINGO4	1.0	13838
ENSG00000213185	15	FAM24B	1.0	13839
ENSG00000213186	15	TRIM59	1.0	13840
ENSG00000213190	15	MLLT11	1.0	13841
ENSG00000213199	15	ASIC3	1.0	13842
ENSG00000213203	15	GIMAP1	1.0	13843
ENSG00000213213	15	CCDC183	1.0	13844
ENSG00000213214	15	ARHGEF35	1.0	13845
ENSG00000213221	15	DNLZ	1.0	13846
ENSG00000213246	15	SUPT4H1	1.0	13847
ENSG00000213265	15	TSGA13	1.0	13848
ENSG00000213281	15	NRAS	1.0	13849
ENSG00000213316	15	LTC4S	1.0	13850
ENSG00000213337	15	ANKRD39	1.0	13851
ENSG00000213339	15	QTRT1	1.0	13852
ENSG00000213341	15	CHUK	1.0	13853
ENSG00000213347	15	MXD3	1.0	13854
ENSG00000213366	15	GSTM2	1.0	13855
ENSG00000213390	15	ARHGAP19	1.0	13856
ENSG00000213397	15	HAUS7	1.0	13857
ENSG00000213398	15	LCAT	1.0	13858
ENSG00000213420	15	GPC2	1.0	13859
ENSG00000213424	15	KRT222	1.0	13860
ENSG00000213445	15	SIPA1	1.0	13861
ENSG00000213462	15	ERV3-1	1.0	13862
ENSG00000213465	15	ARL2	1.0	13863
ENSG00000213512	15	GBP7	1.0	13864
ENSG00000213523	15	SRA1	1.0	13865
ENSG00000213551	15	DNAJC9	1.0	13866
ENSG00000213563	15	C8orf82	1.0	13867
ENSG00000213585	15	VDAC1	1.0	13868
ENSG00000213588	15	ZBTB9	1.0	13869
ENSG00000213593	15	TMX2	1.0	13870
ENSG00000213614	15	HEXA	1.0	13871
ENSG00000213619	15	NDUFS3	1.0	13872
ENSG00000213625	15	LEPROT	1.0	13873
ENSG00000213626	15	LBH	1.0	13874
ENSG00000213639	15	PPP1CB	1.0	13875
ENSG00000213648	15	SULT1A4	1.0	13876
ENSG00000213654	15	GPSM3	1.0	13877
ENSG00000213658	15	LAT	1.0	13878
ENSG00000213672	15	NCKIPSD	1.0	13879
ENSG00000213676	15	ATF6B	1.0	13880
ENSG00000213694	15	S1PR3	1.0	13881
ENSG00000213699	15	SLC35F6	1.0	13882
ENSG00000213714	15	FAM209B	1.0	13883
ENSG00000213719	15	CLIC1	1.0	13884
ENSG00000213722	15	DDAH2	1.0	13885
ENSG00000213741	15	RPS29	1.0	13886
ENSG00000213742	15	ZNF337-AS1	1.0	13887
ENSG00000213759	15	UGT2B11	1.0	13888
ENSG00000213760	15	ATP6V1G2	1.0	13889
ENSG00000213762	15	ZNF134	1.0	13890
ENSG00000213780	15	GTF2H4	1.0	13891
ENSG00000213782	15	DDX47	1.0	13892
ENSG00000213799	15	ZNF845	1.0	13893
ENSG00000213853	15	EMP2	1.0	13894
ENSG00000213859	15	KCTD11	1.0	13895
ENSG00000213886	15	UBD	1.0	13896
ENSG00000213889	15	PPM1N	1.0	13897
ENSG00000213892	15	CEACAM16	1.0	13898
ENSG00000213903	15	LTB4R	1.0	13899
ENSG00000213904	15	LIPE-AS1	1.0	13900
ENSG00000213906	15	LTB4R2	1.0	13901
ENSG00000213918	15	DNASE1	1.0	13902
ENSG00000213920	15	MDP1	1.0	13903
ENSG00000213923	15	CSNK1E	1.0	13904
ENSG00000213927	15	CCL27	1.0	13905
ENSG00000213930	15	GALT	1.0	13906
ENSG00000213937	15	CLDN9	1.0	13907
ENSG00000213949	15	ITGA1	1.0	13908
ENSG00000213965	15	NUDT19	1.0	13909
ENSG00000213967	15	ZNF726	1.0	13910
ENSG00000213973	15	ZNF99	1.0	13911
ENSG00000213977	15	TAX1BP3	1.0	13912
ENSG00000213983	15	AP1G2	1.0	13913
ENSG00000213988	15	ZNF90	1.0	13914
ENSG00000213996	15	TM6SF2	1.0	13915
ENSG00000214013	15	GANC	1.0	13916
ENSG00000214021	15	TTLL3	1.0	13917
ENSG00000214022	15	REPIN1	1.0	13918
ENSG00000214026	15	MRPL23	1.0	13919
ENSG00000214029	15	ZNF891	1.0	13920
ENSG00000214046	15	SMIM7	1.0	13921
ENSG00000214050	15	FBXO16	1.0	13922
ENSG00000214063	15	TSPAN4	1.0	13923
ENSG00000214078	15	CPNE1	1.0	13924
ENSG00000214087	15	ARL16	1.0	13925
ENSG00000214113	15	LYRM4	1.0	13926
ENSG00000214114	15	MYCBP	1.0	13927
ENSG00000214128	15	TMEM213	1.0	13928
ENSG00000214140	15	PRCD	1.0	13929
ENSG00000214145	15	LINC00887	1.0	13930
ENSG00000214160	15	ALG3	1.0	13931
ENSG00000214193	15	SH3D21	1.0	13932
ENSG00000214212	15	C19orf38	1.0	13933
ENSG00000214226	15	C17orf67	1.0	13934
ENSG00000214253	15	FIS1	1.0	13935
ENSG00000214290	15	POU2AF3	1.0	13936
ENSG00000214300	15	SPDYE3	1.0	13937
ENSG00000214309	15	MBLAC1	1.0	13938
ENSG00000214357	15	NEURL1B	1.0	13939
ENSG00000214367	15	HAUS3	1.0	13940
ENSG00000214376	15	VSTM5	1.0	13941
ENSG00000214401	15	KANSL1-AS1	1.0	13942
ENSG00000214402	15	LCNL1	1.0	13943
ENSG00000214413	15	BBIP1	1.0	13944
ENSG00000214456	15	PLIN5	1.0	13945
ENSG00000214491	15	SEC14L6	1.0	13946
ENSG00000214517	15	PPME1	1.0	13947
ENSG00000214530	15	STARD10	1.0	13948
ENSG00000214548	15	MEG3	1.0	13949
ENSG00000214575	15	CPEB1	1.0	13950
ENSG00000214595	15	EML6	1.0	13951
ENSG00000214652	15	ZNF727	1.0	13952
ENSG00000214655	15	ZSWIM8	1.0	13953
ENSG00000214694	15	ARHGEF33	1.0	13954
ENSG00000214706	15	IFRD2	1.0	13955
ENSG00000214827	15	MTCP1	1.0	13956
ENSG00000214842	15	RAD51AP2	1.0	13957
ENSG00000214866	15	DCDC2C	1.0	13958
ENSG00000214941	15	ZSWIM7	1.0	13959
ENSG00000214944	15	ARHGEF28	1.0	13960
ENSG00000214954	15	LRRC69	1.0	13961
ENSG00000215018	15	COL28A1	1.0	13962
ENSG00000215021	15	PHB2	1.0	13963
ENSG00000215041	15	NEURL4	1.0	13964
ENSG00000215045	15	GRID2IP	1.0	13965
ENSG00000215114	15	UBXN2B	1.0	13966
ENSG00000215126	15	ZNG1F	1.0	13967
ENSG00000215183	15	MSMP	1.0	13968
ENSG00000215187	15	CIMIP2B	1.0	13969
ENSG00000215193	15	PEX26	1.0	13970
ENSG00000215217	15	CFAP90	1.0	13971
ENSG00000215218	15	UBE2QL1	1.0	13972
ENSG00000215252	15	GOLGA8B	1.0	13973
ENSG00000215256	15	DHRS4-AS1	1.0	13974
ENSG00000215301	15	DDX3X	1.0	13975
ENSG00000215305	15	VPS16	1.0	13976
ENSG00000215374	15	FAM66B	1.0	13977
ENSG00000215375	15	MYL5	1.0	13978
ENSG00000215421	15	ZNF407	1.0	13979
ENSG00000215424	15	MCM3AP-AS1	1.0	13980
ENSG00000215440	15	NPEPL1	1.0	13981
ENSG00000215483	15	LINC00598	1.0	13982
ENSG00000215595	15	C20orf202	1.0	13983
ENSG00000215712	15	TMEM242	1.0	13984
ENSG00000215717	15	TMEM167B	1.0	13985
ENSG00000215784	15	FAM72D	1.0	13986
ENSG00000215788	15	TNFRSF25	1.0	13987
ENSG00000215808	15	LINC01139	1.0	13988
ENSG00000215845	15	TSTD1	1.0	13989
ENSG00000215910	15	C1orf167	1.0	13990
ENSG00000215912	15	TTC34	1.0	13991
ENSG00000215915	15	ATAD3C	1.0	13992
ENSG00000216588	15	IGSF23	1.0	13993
ENSG00000217128	15	FNIP1	1.0	13994
ENSG00000217236	15	SP9	1.0	13995
ENSG00000217442	15	SYCE3	1.0	13996
ENSG00000217555	15	CKLF	1.0	13997
ENSG00000217930	15	PAM16	1.0	13998
ENSG00000218336	15	TENM3	1.0	13999
ENSG00000218891	15	ZNF579	1.0	14000
ENSG00000219200	15	RNASEK	1.0	14001
ENSG00000219481	15	NBPF1	1.0	14002
ENSG00000219607	15	PPP1R3G	1.0	14003
ENSG00000219626	15	FAM228B	1.0	14004
ENSG00000220008	15	LINGO3	1.0	14005
ENSG00000220201	15	ZGLP1	1.0	14006
ENSG00000220205	15	VAMP2	1.0	14007
ENSG00000221818	15	EBF2	1.0	14008
ENSG00000221821	15	C6orf226	1.0	14009
ENSG00000221829	15	FANCG	1.0	14010
ENSG00000221838	15	AP4M1	1.0	14011
ENSG00000221866	15	PLXNA4	1.0	14012
ENSG00000221869	15	CEBPD	1.0	14013
ENSG00000221887	15	HMSD	1.0	14014
ENSG00000221890	15	NPTXR	1.0	14015
ENSG00000221909	15	FAM200A	1.0	14016
ENSG00000221914	15	PPP2R2A	1.0	14017
ENSG00000221916	15	C19orf73	1.0	14018
ENSG00000221923	15	ZNF880	1.0	14019
ENSG00000221926	15	TRIM16	1.0	14020
ENSG00000221932	15	HEPN1	1.0	14021
ENSG00000221944	15	TIGD1	1.0	14022
ENSG00000221946	15	FXYD7	1.0	14023
ENSG00000221947	15	XKR9	1.0	14024
ENSG00000221955	15	SLC12A8	1.0	14025
ENSG00000221963	15	APOL6	1.0	14026
ENSG00000221968	15	FADS3	1.0	14027
ENSG00000221978	15	CCNL2	1.0	14028
ENSG00000221983	15	UBA52	1.0	14029
ENSG00000221988	15	PPT2	1.0	14030
ENSG00000221994	15	ZNF630	1.0	14031
ENSG00000222009	15	BTBD19	1.0	14032
ENSG00000222011	15	FAM185A	1.0	14033
ENSG00000222014	15	RAB6C	1.0	14034
ENSG00000222038	15	POTEJ	1.0	14035
ENSG00000222046	15	DCDC2B	1.0	14036
ENSG00000222047	15	C10orf55	1.0	14037
ENSG00000223403	15	MEG9	1.0	14038
ENSG00000223482	15	NUTM2A-AS1	1.0	14039
ENSG00000223496	15	EXOSC6	1.0	14040
ENSG00000223501	15	VPS52	1.0	14041
ENSG00000223547	15	ZNF844	1.0	14042
ENSG00000223572	15	CKMT1A	1.0	14043
ENSG00000223573	15	TINCR	1.0	14044
ENSG00000223685	15	LINC00571	1.0	14045
ENSG00000223776	15	LGALS8-AS1	1.0	14046
ENSG00000223791	15	UBE2E1-AS1	1.0	14047
ENSG00000223865	15	HLA-DPB1	1.0	14048
ENSG00000223953	15	C1QTNF5	1.0	14049
ENSG00000223979	15	SMCR2	1.0	14050
ENSG00000224020	15	MIR181A2HG	1.0	14051
ENSG00000224074	15	LINC00691	1.0	14052
ENSG00000224116	15	INHBA-AS1	1.0	14053
ENSG00000224157	15	HCG14	1.0	14054
ENSG00000224165	15	DNAJC27-AS1	1.0	14055
ENSG00000224177	15	LINC00570	1.0	14056
ENSG00000224259	15	LINC01133	1.0	14057
ENSG00000224286	15	LINC01142	1.0	14058
ENSG00000224389	15	C4B	1.0	14059
ENSG00000224420	15	ADM5	1.0	14060
ENSG00000224424	15	PRKAR2A-AS1	1.0	14061
ENSG00000224470	15	ATXN1L	1.0	14062
ENSG00000224531	15	SMIM13	1.0	14063
ENSG00000224559	15	LINC01087	1.0	14064
ENSG00000224577	15	LINC01117	1.0	14065
ENSG00000224596	15	ZMIZ1-AS1	1.0	14066
ENSG00000224652	15	LINC00885	1.0	14067
ENSG00000224660	15	SH3BP5-AS1	1.0	14068
ENSG00000224687	15	RASAL2-AS1	1.0	14069
ENSG00000224712	15	NPIPA3	1.0	14070
ENSG00000224729	15	PCOLCE-AS1	1.0	14071
ENSG00000224743	15	TEX26-AS1	1.0	14072
ENSG00000224805	15	LINC00853	1.0	14073
ENSG00000224843	15	LINC00240	1.0	14074
ENSG00000224897	15	POT1-AS1	1.0	14075
ENSG00000224940	15	PRRT4	1.0	14076
ENSG00000224982	15	TMEM233	1.0	14077
ENSG00000225190	15	PLEKHM1	1.0	14078
ENSG00000225194	15	LINC00092	1.0	14079
ENSG00000225361	15	PPP1R26-AS1	1.0	14080
ENSG00000225362	15	CT62	1.0	14081
ENSG00000225383	15	SFTA1P	1.0	14082
ENSG00000225470	15	JPX	1.0	14083
ENSG00000225556	15	C2CD4D	1.0	14084
ENSG00000225578	15	NCBP2-AS1	1.0	14085
ENSG00000225614	15	ZNF469	1.0	14086
ENSG00000225684	15	FAM225B	1.0	14087
ENSG00000225697	15	SLC26A6	1.0	14088
ENSG00000225733	15	FGD5-AS1	1.0	14089
ENSG00000225778	15	PROSER2-AS1	1.0	14090
ENSG00000225783	15	MIAT	1.0	14091
ENSG00000225791	15	TRAM2-AS1	1.0	14092
ENSG00000225828	15	FAM229A	1.0	14093
ENSG00000225830	15	ERCC6	1.0	14094
ENSG00000225855	15	RUSC1-AS1	1.0	14095
ENSG00000225880	15	LINC00115	1.0	14096
ENSG00000225921	15	NOL7	1.0	14097
ENSG00000225968	15	ELFN1	1.0	14098
ENSG00000226031	15	FGF13-AS1	1.0	14099
ENSG00000226051	15	ZNF503-AS1	1.0	14100
ENSG00000226091	15	LINC00937	1.0	14101
ENSG00000226124	15	FTCDNL1	1.0	14102
ENSG00000226167	15	AP4B1-AS1	1.0	14103
ENSG00000226174	15	TEX22	1.0	14104
ENSG00000226272	15	ARHGAP26-AS1	1.0	14105
ENSG00000226312	15	CFLAR-AS1	1.0	14106
ENSG00000226419	15	SLC16A1-AS1	1.0	14107
ENSG00000226479	15	TMEM185B	1.0	14108
ENSG00000226496	15	LINC00323	1.0	14109
ENSG00000226627	15	SHANK2-AS1	1.0	14110
ENSG00000226674	15	TEX41	1.0	14111
ENSG00000226688	15	ENTPD1-AS1	1.0	14112
ENSG00000226696	15	LENG8-AS1	1.0	14113
ENSG00000226711	15	FAM66C	1.0	14114
ENSG00000226742	15	HSBP1L1	1.0	14115
ENSG00000226746	15	SMCR5	1.0	14116
ENSG00000226763	15	SRRM5	1.0	14117
ENSG00000226808	15	LINC00840	1.0	14118
ENSG00000226846	15	LINC00348	1.0	14119
ENSG00000226887	15	ERVMER34-1	1.0	14120
ENSG00000226979	15	LTA	1.0	14121
ENSG00000227039	15	ITGB2-AS1	1.0	14122
ENSG00000227051	15	C14orf132	1.0	14123
ENSG00000227057	15	WDR46	1.0	14124
ENSG00000227110	15	LMCD1-AS1	1.0	14125
ENSG00000227124	15	ZNF717	1.0	14126
ENSG00000227199	15	ST7-AS1	1.0	14127
ENSG00000227258	15	SMIM2-AS1	1.0	14128
ENSG00000227268	15	KLLN	1.0	14129
ENSG00000227345	15	PARG	1.0	14130
ENSG00000227354	15	RBM26-AS1	1.0	14131
ENSG00000227375	15	DLG1-AS1	1.0	14132
ENSG00000227392	15	HPN-AS1	1.0	14133
ENSG00000227456	15	LINC00310	1.0	14134
ENSG00000227471	15	AKR1B15	1.0	14135
ENSG00000227500	15	SCAMP4	1.0	14136
ENSG00000227507	15	LTB	1.0	14137
ENSG00000227630	15	LINC01132	1.0	14138
ENSG00000227676	15	LINC01068	1.0	14139
ENSG00000227695	15	DNMBP-AS1	1.0	14140
ENSG00000228022	15	HCG20	1.0	14141
ENSG00000228221	15	LINC00578	1.0	14142
ENSG00000228223	15	HCG11	1.0	14143
ENSG00000228278	15	ORM2	1.0	14144
ENSG00000228288	15	PCAT6	1.0	14145
ENSG00000228474	15	OST4	1.0	14146
ENSG00000228495	15	LINC01013	1.0	14147
ENSG00000228544	15	CCDC183-AS1	1.0	14148
ENSG00000228630	15	HOTAIR	1.0	14149
ENSG00000228672	15	PROB1	1.0	14150
ENSG00000228716	15	DHFR	1.0	14151
ENSG00000228775	15	WEE2-AS1	1.0	14152
ENSG00000228784	15	LINC00954	1.0	14153
ENSG00000228789	15	HCG22	1.0	14154
ENSG00000228889	15	UBAC2-AS1	1.0	14155
ENSG00000229117	15	RPL41	1.0	14156
ENSG00000229124	15	VIM-AS1	1.0	14157
ENSG00000229140	15	CCDC26	1.0	14158
ENSG00000229153	15	EPHA1-AS1	1.0	14159
ENSG00000229214	15	LINC00242	1.0	14160
ENSG00000229228	15	LINC00582	1.0	14161
ENSG00000229414	15	KCNQ1-AS1	1.0	14162
ENSG00000229453	15	SPINK8	1.0	14163
ENSG00000229474	15	PATL2	1.0	14164
ENSG00000229544	15	NKX1-2	1.0	14165
ENSG00000229558	15	SACS-AS1	1.0	14166
ENSG00000229589	15	ACVR2B-AS1	1.0	14167
ENSG00000229619	15	MBNL1-AS1	1.0	14168
ENSG00000229676	15	ZNF492	1.0	14169
ENSG00000229807	15	XIST	1.0	14170
ENSG00000229809	15	ZNF688	1.0	14171
ENSG00000229833	15	PET100	1.0	14172
ENSG00000229847	15	EMX2OS	1.0	14173
ENSG00000229851	15	ARSD-AS1	1.0	14174
ENSG00000229873	15	OGFR-AS1	1.0	14175
ENSG00000229921	15	KIF25-AS1	1.0	14176
ENSG00000230082	15	PRRT3-AS1	1.0	14177
ENSG00000230098	15	TCERG1L-AS1	1.0	14178
ENSG00000230124	15	ACBD6	1.0	14179
ENSG00000230148	15	HOXB-AS1	1.0	14180
ENSG00000230266	15	XXYLT1-AS2	1.0	14181
ENSG00000230366	15	DSCR9	1.0	14182
ENSG00000230368	15	FAM41C	1.0	14183
ENSG00000230448	15	LINC00276	1.0	14184
ENSG00000230453	15	ANKRD18B	1.0	14185
ENSG00000230487	15	PSMG3-AS1	1.0	14186
ENSG00000230489	15	VAV3-AS1	1.0	14187
ENSG00000230513	15	THAP7-AS1	1.0	14188
ENSG00000230542	15	LINC00102	1.0	14189
ENSG00000230590	15	FTX	1.0	14190
ENSG00000230613	15	HM13-AS1	1.0	14191
ENSG00000230651	15	RGPD4-AS1	1.0	14192
ENSG00000230679	15	ENO1-AS1	1.0	14193
ENSG00000230749	15	MEIS1-AS2	1.0	14194
ENSG00000230844	15	ZNF674-AS1	1.0	14195
ENSG00000230873	15	STMND1	1.0	14196
ENSG00000230923	15	LINC00309	1.0	14197
ENSG00000230978	15	LINC00160	1.0	14198
ENSG00000230989	15	HSBP1	1.0	14199
ENSG00000231074	15	HCG18	1.0	14200
ENSG00000231133	15	HAR1B	1.0	14201
ENSG00000231389	15	HLA-DPA1	1.0	14202
ENSG00000231439	15	WASIR2	1.0	14203
ENSG00000231500	15	RPS18	1.0	14204
ENSG00000231528	15	FAM225A	1.0	14205
ENSG00000231636	15	AGBL5-AS1	1.0	14206
ENSG00000231651	15	DLG3-AS1	1.0	14207
ENSG00000231690	15	LINC00574	1.0	14208
ENSG00000231852	15	CYP21A2	1.0	14209
ENSG00000231871	15	IPO9-AS1	1.0	14210
ENSG00000231887	15	PRH1	1.0	14211
ENSG00000231889	15	TRAF3IP2-AS1	1.0	14212
ENSG00000231908	15	IDH1-AS1	1.0	14213
ENSG00000231920	15	NEBL-AS1	1.0	14214
ENSG00000231925	15	TAPBP	1.0	14215
ENSG00000232065	15	LINC01063	1.0	14216
ENSG00000232070	15	TMEM253	1.0	14217
ENSG00000232112	15	TMA7	1.0	14218
ENSG00000232119	15	MCTS1	1.0	14219
ENSG00000232139	15	LINC00867	1.0	14220
ENSG00000232160	15	RAP2C-AS1	1.0	14221
ENSG00000232229	15	LINC00865	1.0	14222
ENSG00000232284	15	GNG12-AS1	1.0	14223
ENSG00000232352	15	SEMA3B-AS1	1.0	14224
ENSG00000232490	15	OSBPL10-AS1	1.0	14225
ENSG00000232629	15	HLA-DQB2	1.0	14226
ENSG00000232653	15	GOLGA8N	1.0	14227
ENSG00000232656	15	IDI2-AS1	1.0	14228
ENSG00000232677	15	LINC00665	1.0	14229
ENSG00000232810	15	TNF	1.0	14230
ENSG00000232838	15	PET117	1.0	14231
ENSG00000232859	15	LYRM9	1.0	14232
ENSG00000232940	15	HCG25	1.0	14233
ENSG00000232956	15	SNHG15	1.0	14234
ENSG00000232973	15	CYP1B1-AS1	1.0	14235
ENSG00000232977	15	LINC00327	1.0	14236
ENSG00000233016	15	SNHG7	1.0	14237
ENSG00000233041	15	PHGR1	1.0	14238
ENSG00000233101	15	HOXB-AS3	1.0	14239
ENSG00000233237	15	LINC00472	1.0	14240
ENSG00000233429	15	HOTAIRM1	1.0	14241
ENSG00000233452	15	STXBP5-AS1	1.0	14242
ENSG00000233493	15	TMEM238	1.0	14243
ENSG00000233532	15	LINC00460	1.0	14244
ENSG00000233608	15	TWIST2	1.0	14245
ENSG00000233718	15	MYCNOS	1.0	14246
ENSG00000233723	15	LINC01122	1.0	14247
ENSG00000233927	15	RPS28	1.0	14248
ENSG00000233930	15	KRTAP5-AS1	1.0	14249
ENSG00000233932	15	CTXN2	1.0	14250
ENSG00000234006	15	DDX39B-AS1	1.0	14251
ENSG00000234076	15	TPRG1-AS1	1.0	14252
ENSG00000234127	15	TRIM26	1.0	14253
ENSG00000234284	15	ZNF879	1.0	14254
ENSG00000234444	15	ZNF736	1.0	14255
ENSG00000234465	15	PINLYP	1.0	14256
ENSG00000234545	15	FAM133B	1.0	14257
ENSG00000234608	15	MAPKAPK5-AS1	1.0	14258
ENSG00000234684	15	SDCBP2-AS1	1.0	14259
ENSG00000234745	15	HLA-B	1.0	14260
ENSG00000234883	15	MIR155HG	1.0	14261
ENSG00000234965	15	SHISA8	1.0	14262
ENSG00000235026	15	DPP10-AS1	1.0	14263
ENSG00000235029	15	MNX1-AS2	1.0	14264
ENSG00000235034	15	C19orf81	1.0	14265
ENSG00000235097	15	LINC00330	1.0	14266
ENSG00000235098	15	ANKRD65	1.0	14267
ENSG00000235109	15	ZSCAN31	1.0	14268
ENSG00000235162	15	C12orf75	1.0	14269
ENSG00000235169	15	SMIM1	1.0	14270
ENSG00000235194	15	PPP1R3E	1.0	14271
ENSG00000235214	15	FAM83C-AS1	1.0	14272
ENSG00000235488	15	JARID2-AS1	1.0	14273
ENSG00000235568	15	NFAM1	1.0	14274
ENSG00000235590	15	GNAS-AS1	1.0	14275
ENSG00000235706	15	DICER1-AS1	1.0	14276
ENSG00000235750	15	KIAA0040	1.0	14277
ENSG00000235770	15	LINC00607	1.0	14278
ENSG00000235831	15	BHLHE40-AS1	1.0	14279
ENSG00000235863	15	B3GALT4	1.0	14280
ENSG00000235865	15	GSN-AS1	1.0	14281
ENSG00000235897	15	TM4SF19-AS1	1.0	14282
ENSG00000235903	15	CPB2-AS1	1.0	14283
ENSG00000235927	15	NEXN-AS1	1.0	14284
ENSG00000235947	15	EGOT	1.0	14285
ENSG00000235961	15	PNMA6A	1.0	14286
ENSG00000235989	15	MORC2-AS1	1.0	14287
ENSG00000236104	15	ZBTB22	1.0	14288
ENSG00000236279	15	CLEC2L	1.0	14289
ENSG00000236287	15	ZBED5	1.0	14290
ENSG00000236334	15	PPIAL4G	1.0	14291
ENSG00000236384	15	LINC00479	1.0	14292
ENSG00000236423	15	LINC01134	1.0	14293
ENSG00000236499	15	LINC00896	1.0	14294
ENSG00000236502	15	SIX3-AS1	1.0	14295
ENSG00000236609	15	ZNF853	1.0	14296
ENSG00000236618	15	PITPNA-AS1	1.0	14297
ENSG00000236699	15	ARHGEF38	1.0	14298
ENSG00000236700	15	LINC01010	1.0	14299
ENSG00000236778	15	INTS6-AS1	1.0	14300
ENSG00000236859	15	NIFK-AS1	1.0	14301
ENSG00000236871	15	LINC00106	1.0	14302
ENSG00000237054	15	PRMT5-AS1	1.0	14303
ENSG00000237125	15	HAND2-AS1	1.0	14304
ENSG00000237172	15	B3GNT9	1.0	14305
ENSG00000237190	15	CDKN2AIPNL	1.0	14306
ENSG00000237232	15	ZNF295-AS1	1.0	14307
ENSG00000237248	15	LINC00987	1.0	14308
ENSG00000237289	15	CKMT1B	1.0	14309
ENSG00000237298	15	TTN-AS1	1.0	14310
ENSG00000237330	15	RNF223	1.0	14311
ENSG00000237424	15	FOXD2-AS1	1.0	14312
ENSG00000237440	15	ZNF737	1.0	14313
ENSG00000237441	15	RGL2	1.0	14314
ENSG00000237512	15	UNC5B-AS1	1.0	14315
ENSG00000237515	15	SHISA9	1.0	14316
ENSG00000237523	15	LINC00857	1.0	14317
ENSG00000237649	15	KIFC1	1.0	14318
ENSG00000237651	15	C2orf74	1.0	14319
ENSG00000237667	15	LINC01115	1.0	14320
ENSG00000237751	15	LINC01143	1.0	14321
ENSG00000237765	15	FAM200B	1.0	14322
ENSG00000237803	15	PIRAT1	1.0	14323
ENSG00000237883	15	DGUOK-AS1	1.0	14324
ENSG00000237945	15	LINC00649	1.0	14325
ENSG00000238057	15	ZEB2-AS1	1.0	14326
ENSG00000238083	15	LRRC37A2	1.0	14327
ENSG00000238121	15	LINC00426	1.0	14328
ENSG00000238197	15	PAXBP1-AS1	1.0	14329
ENSG00000239264	15	TXNDC5	1.0	14330
ENSG00000239306	15	RBM14	1.0	14331
ENSG00000239382	15	ALKBH6	1.0	14332
ENSG00000239474	15	KLHL41	1.0	14333
ENSG00000239523	15	MYLK-AS1	1.0	14334
ENSG00000239653	15	PSMD6-AS2	1.0	14335
ENSG00000239672	15	NME1	1.0	14336
ENSG00000239697	15	TNFSF12	1.0	14337
ENSG00000239704	15	CDRT4	1.0	14338
ENSG00000239713	15	APOBEC3G	1.0	14339
ENSG00000239779	15	WBP1	1.0	14340
ENSG00000239857	15	GET4	1.0	14341
ENSG00000239887	15	C1orf226	1.0	14342
ENSG00000239900	15	ADSL	1.0	14343
ENSG00000239961	15	LILRA4	1.0	14344
ENSG00000239998	15	LILRA2	1.0	14345
ENSG00000240038	15	AMY2B	1.0	14346
ENSG00000240053	15	LY6G5B	1.0	14347
ENSG00000240065	15	PSMB9	1.0	14348
ENSG00000240204	15	SMKR1	1.0	14349
ENSG00000240230	15	COX19	1.0	14350
ENSG00000240288	15	GHRLOS	1.0	14351
ENSG00000240303	15	ACAD11	1.0	14352
ENSG00000240344	15	PPIL3	1.0	14353
ENSG00000240403	15	KIR3DL2	1.0	14354
ENSG00000240423	15	LINC00636	1.0	14355
ENSG00000240498	15	CDKN2B-AS1	1.0	14356
ENSG00000240505	15	TNFRSF13B	1.0	14357
ENSG00000240541	15	TM4SF1-AS1	1.0	14358
ENSG00000240563	15	L1TD1	1.0	14359
ENSG00000240583	15	AQP1	1.0	14360
ENSG00000240654	15	C1QTNF9	1.0	14361
ENSG00000240682	15	ISY1	1.0	14362
ENSG00000240694	15	PNMA2	1.0	14363
ENSG00000240720	15	LRRD1	1.0	14364
ENSG00000240771	15	ARHGEF25	1.0	14365
ENSG00000240857	15	RDH14	1.0	14366
ENSG00000240889	15	NDUFB2-AS1	1.0	14367
ENSG00000240891	15	PLCXD2	1.0	14368
ENSG00000240972	15	MIF	1.0	14369
ENSG00000240990	15	HOXA11-AS	1.0	14370
ENSG00000241058	15	NSUN6	1.0	14371
ENSG00000241106	15	HLA-DOB	1.0	14372
ENSG00000241155	15	ARHGAP31-AS1	1.0	14373
ENSG00000241163	15	LINC00877	1.0	14374
ENSG00000241186	15	CRIPTO	1.0	14375
ENSG00000241258	15	CRCP	1.0	14376
ENSG00000241313	15	WWTR1-AS1	1.0	14377
ENSG00000241343	15	RPL36A	1.0	14378
ENSG00000241370	15	RPP21	1.0	14379
ENSG00000241399	15	CD302	1.0	14380
ENSG00000241484	15	ARHGAP8	1.0	14381
ENSG00000241553	15	ARPC4	1.0	14382
ENSG00000241644	15	INMT	1.0	14383
ENSG00000241684	15	ADAMTS9-AS2	1.0	14384
ENSG00000241852	15	C8orf58	1.0	14385
ENSG00000241878	15	PISD	1.0	14386
ENSG00000241935	15	HOGA1	1.0	14387
ENSG00000241945	15	PWP2	1.0	14388
ENSG00000241973	15	PI4KA	1.0	14389
ENSG00000242028	15	HYPK	1.0	14390
ENSG00000242110	15	AMACR	1.0	14391
ENSG00000242114	15	MTFP1	1.0	14392
ENSG00000242220	15	TCP10L	1.0	14393
ENSG00000242247	15	ARFGAP3	1.0	14394
ENSG00000242258	15	LINC00996	1.0	14395
ENSG00000242259	15	C22orf39	1.0	14396
ENSG00000242265	15	PEG10	1.0	14397
ENSG00000242372	15	EIF6	1.0	14398
ENSG00000242485	15	MRPL20	1.0	14399
ENSG00000242516	15	LINC00960	1.0	14400
ENSG00000242574	15	HLA-DMB	1.0	14401
ENSG00000242612	15	DECR2	1.0	14402
ENSG00000242616	15	GNG10	1.0	14403
ENSG00000242641	15	LINC00971	1.0	14404
ENSG00000242767	15	ZBTB20-AS4	1.0	14405
ENSG00000242802	15	AP5Z1	1.0	14406
ENSG00000242866	15	STRC	1.0	14407
ENSG00000242950	15	ERVW-1	1.0	14408
ENSG00000243056	15	EIF4EBP3	1.0	14409
ENSG00000243137	15	PSG4	1.0	14410
ENSG00000243147	15	MRPL33	1.0	14411
ENSG00000243156	15	MICAL3	1.0	14412
ENSG00000243244	15	STON1	1.0	14413
ENSG00000243279	15	PRAF2	1.0	14414
ENSG00000243335	15	KCTD7	1.0	14415
ENSG00000243364	15	EFNA4	1.0	14416
ENSG00000243449	15	NICOL1	1.0	14417
ENSG00000243479	15	MNX1-AS1	1.0	14418
ENSG00000243543	15	WFDC6	1.0	14419
ENSG00000243629	15	LINC00880	1.0	14420
ENSG00000243646	15	IL10RB	1.0	14421
ENSG00000243649	15	CFB	1.0	14422
ENSG00000243660	15	ZNF487	1.0	14423
ENSG00000243678	15	NME2	1.0	14424
ENSG00000243709	15	LEFTY1	1.0	14425
ENSG00000243716	15	NPIPB5	1.0	14426
ENSG00000243725	15	TTC4	1.0	14427
ENSG00000243772	15	KIR2DL3	1.0	14428
ENSG00000243819	15	RN7SL832P	1.0	14429
ENSG00000243927	15	MRPS6	1.0	14430
ENSG00000243943	15	ZNF512	1.0	14431
ENSG00000243955	15	GSTA1	1.0	14432
ENSG00000243989	15	ACY1	1.0	14433
ENSG00000244005	15	NFS1	1.0	14434
ENSG00000244038	15	DDOST	1.0	14435
ENSG00000244040	15	IL12A-AS1	1.0	14436
ENSG00000244041	15	LINC01011	1.0	14437
ENSG00000244045	15	TMEM199	1.0	14438
ENSG00000244067	15	GSTA2	1.0	14439
ENSG00000244161	15	FLNB-AS1	1.0	14440
ENSG00000244165	15	P2RY11	1.0	14441
ENSG00000244187	15	TMEM141	1.0	14442
ENSG00000244242	15	IFITM10	1.0	14443
ENSG00000244405	15	ETV5	1.0	14444
ENSG00000244486	15	SCARF2	1.0	14445
ENSG00000244509	15	APOBEC3C	1.0	14446
ENSG00000244607	15	CCDC13	1.0	14447
ENSG00000244694	15	PTCHD4	1.0	14448
ENSG00000244731	15	C4A	1.0	14449
ENSG00000244734	15	HBB	1.0	14450
ENSG00000244752	15	CRYBB2	1.0	14451
ENSG00000244754	15	N4BP2L2	1.0	14452
ENSG00000244968	15	LIFR-AS1	1.0	14453
ENSG00000245060	15	LINC00847	1.0	14454
ENSG00000245067	15	IGFBP7-AS1	1.0	14455
ENSG00000245105	15	A2M-AS1	1.0	14456
ENSG00000245112	15	SMARCA5-AS1	1.0	14457
ENSG00000245164	15	LINC00861	1.0	14458
ENSG00000245532	15	NEAT1	1.0	14459
ENSG00000245573	15	BDNF-AS	1.0	14460
ENSG00000245614	15	DDX11-AS1	1.0	14461
ENSG00000245680	15	ZNF585B	1.0	14462
ENSG00000245750	15	DRAIC	1.0	14463
ENSG00000245848	15	CEBPA	1.0	14464
ENSG00000246174	15	KCTD21-AS1	1.0	14465
ENSG00000246228	15	CASC8	1.0	14466
ENSG00000246273	15	SBF2-AS1	1.0	14467
ENSG00000246339	15	EXTL3-AS1	1.0	14468
ENSG00000246430	15	LINC00968	1.0	14469
ENSG00000246763	15	RGMB-AS1	1.0	14470
ENSG00000246859	15	STARD4-AS1	1.0	14471
ENSG00000246922	15	UBAP1L	1.0	14472
ENSG00000247077	15	PGAM5	1.0	14473
ENSG00000247095	15	MIR210HG	1.0	14474
ENSG00000247271	15	ZBED5-AS1	1.0	14475
ENSG00000247315	15	ZCCHC3	1.0	14476
ENSG00000247516	15	MIR4458HG	1.0	14477
ENSG00000247572	15	CKMT2-AS1	1.0	14478
ENSG00000247596	15	TWF2	1.0	14479
ENSG00000247675	15	LRP4-AS1	1.0	14480
ENSG00000247708	15	STX18-AS1	1.0	14481
ENSG00000247746	15	USP51	1.0	14482
ENSG00000247809	15	NR2F2-AS1	1.0	14483
ENSG00000247950	15	SEC24B-AS1	1.0	14484
ENSG00000247982	15	LINC00926	1.0	14485
ENSG00000248019	15	FAM13A-AS1	1.0	14486
ENSG00000248098	15	BCKDHA	1.0	14487
ENSG00000248099	15	INSL3	1.0	14488
ENSG00000248309	15	MEF2C-AS1	1.0	14489
ENSG00000248323	15	LUCAT1	1.0	14490
ENSG00000248333	15	CDK11B	1.0	14491
ENSG00000248360	15	LINC00504	1.0	14492
ENSG00000248464	15	FGF10-AS1	1.0	14493
ENSG00000248485	15	PCP4L1	1.0	14494
ENSG00000248487	15	ABHD14A	1.0	14495
ENSG00000248712	15	DRC12	1.0	14496
ENSG00000248890	15	HHIP-AS1	1.0	14497
ENSG00000248905	15	FMN1	1.0	14498
ENSG00000249115	15	HAUS5	1.0	14499
ENSG00000249242	15	TMEM150C	1.0	14500
ENSG00000249307	15	LINC01088	1.0	14501
ENSG00000249310	15	APOBEC3B-AS1	1.0	14502
ENSG00000249346	15	LINC01016	1.0	14503
ENSG00000249348	15	UGDH-AS1	1.0	14504
ENSG00000249375	15	CASC11	1.0	14505
ENSG00000249378	15	LINC01060	1.0	14506
ENSG00000249437	15	NAIP	1.0	14507
ENSG00000249464	15	LINC01091	1.0	14508
ENSG00000249471	15	ZNF324B	1.0	14509
ENSG00000249641	15	HOXC13-AS	1.0	14510
ENSG00000249816	15	LINC00964	1.0	14511
ENSG00000249915	15	PDCD6	1.0	14512
ENSG00000249992	15	TMEM158	1.0	14513
ENSG00000250056	15	LINC01018	1.0	14514
ENSG00000250067	15	YJEFN3	1.0	14515
ENSG00000250107	15	CACNA1G-AS1	1.0	14516
ENSG00000250312	15	ZNF718	1.0	14517
ENSG00000250317	15	SMIM20	1.0	14518
ENSG00000250334	15	LINC00989	1.0	14519
ENSG00000250423	15	KIAA1210	1.0	14520
ENSG00000250451	15	HOXC-AS1	1.0	14521
ENSG00000250479	15	CHCHD10	1.0	14522
ENSG00000250486	15	FAM218A	1.0	14523
ENSG00000250510	15	GPR162	1.0	14524
ENSG00000250565	15	ATP6V1E2	1.0	14525
ENSG00000250571	15	GLI4	1.0	14526
ENSG00000250786	15	SNHG18	1.0	14527
ENSG00000251015	15	SLC25A30-AS1	1.0	14528
ENSG00000251192	15	ZNF674	1.0	14529
ENSG00000251209	15	LINC00923	1.0	14530
ENSG00000251247	15	ZNF345	1.0	14531
ENSG00000251322	15	SHANK3	1.0	14532
ENSG00000251359	15	WWC2-AS2	1.0	14533
ENSG00000251369	15	ZNF550	1.0	14534
ENSG00000251381	15	LINC00958	1.0	14535
ENSG00000251493	15	FOXD1	1.0	14536
ENSG00000251533	15	LINC00605	1.0	14537
ENSG00000251562	15	MALAT1	1.0	14538
ENSG00000253187	15	HOXA10-AS	1.0	14539
ENSG00000253250	15	C8orf88	1.0	14540
ENSG00000253276	15	CCDC71L	1.0	14541
ENSG00000253293	15	HOXA10	1.0	14542
ENSG00000253302	15	STAU2-AS1	1.0	14543
ENSG00000253304	15	TMEM200B	1.0	14544
ENSG00000253313	15	C1orf210	1.0	14545
ENSG00000253327	15	RAD21-AS1	1.0	14546
ENSG00000253368	15	TRNP1	1.0	14547
ENSG00000253438	15	PCAT1	1.0	14548
ENSG00000253506	15	NACA2	1.0	14549
ENSG00000253598	15	SLC10A5	1.0	14550
ENSG00000253626	15	EIF5AL1	1.0	14551
ENSG00000253696	15	KBTBD11-OT1	1.0	14552
ENSG00000253710	15	ALG11	1.0	14553
ENSG00000253719	15	ATXN7L3B	1.0	14554
ENSG00000253729	15	PRKDC	1.0	14555
ENSG00000253831	15	ETV3L	1.0	14556
ENSG00000253958	15	CLDN23	1.0	14557
ENSG00000254004	15	ZNF260	1.0	14558
ENSG00000254087	15	LYN	1.0	14559
ENSG00000254109	15	RBPMS-AS1	1.0	14560
ENSG00000254206	15	NPIPB11	1.0	14561
ENSG00000254369	15	HOXA-AS3	1.0	14562
ENSG00000254389	15	RHPN1-AS1	1.0	14563
ENSG00000254402	15	LRRC24	1.0	14564
ENSG00000254453	15	NAV2-AS2	1.0	14565
ENSG00000254470	15	AP5B1	1.0	14566
ENSG00000254505	15	CHMP4A	1.0	14567
ENSG00000254535	15	PABPC4L	1.0	14568
ENSG00000254585	15	MAGEL2	1.0	14569
ENSG00000254685	15	FPGT	1.0	14570
ENSG00000254703	15	SENCR	1.0	14571
ENSG00000254726	15	MEX3A	1.0	14572
ENSG00000254772	15	EEF1G	1.0	14573
ENSG00000254827	15	SLC22A18AS	1.0	14574
ENSG00000254858	15	MPV17L2	1.0	14575
ENSG00000254860	15	TMEM9B-AS1	1.0	14576
ENSG00000254986	15	DPP3	1.0	14577
ENSG00000254999	15	BRK1	1.0	14578
ENSG00000255120	15	OVOL1-AS1	1.0	14579
ENSG00000255198	15	SNHG9	1.0	14580
ENSG00000255302	15	EID1	1.0	14581
ENSG00000255346	15	NOX5	1.0	14582
ENSG00000255398	15	HCAR3	1.0	14583
ENSG00000255399	15	TBX5-AS1	1.0	14584
ENSG00000255529	15	POLR2M	1.0	14585
ENSG00000255559	15	ZNF252P-AS1	1.0	14586
ENSG00000255561	15	FDXACB1	1.0	14587
ENSG00000255587	15	RAB44	1.0	14588
ENSG00000255737	15	AGAP2-AS1	1.0	14589
ENSG00000255974	15	CYP2A6	1.0	14590
ENSG00000256043	15	CTSO	1.0	14591
ENSG00000256087	15	ZNF432	1.0	14592
ENSG00000256124	15	LINC01152	1.0	14593
ENSG00000256223	15	ZNF10	1.0	14594
ENSG00000256229	15	ZNF486	1.0	14595
ENSG00000256235	15	SMIM3	1.0	14596
ENSG00000256269	15	HMBS	1.0	14597
ENSG00000256294	15	ZNF225	1.0	14598
ENSG00000256453	15	DND1	1.0	14599
ENSG00000256525	15	POLG2	1.0	14600
ENSG00000256628	15	ZBTB11-AS1	1.0	14601
ENSG00000256683	15	ZNF350	1.0	14602
ENSG00000256771	15	ZNF253	1.0	14603
ENSG00000256870	15	SLC5A8	1.0	14604
ENSG00000257017	15	HP	1.0	14605
ENSG00000257103	15	LSM14A	1.0	14606
ENSG00000257167	15	TMPO-AS1	1.0	14607
ENSG00000257218	15	GATC	1.0	14608
ENSG00000257335	15	MGAM	1.0	14609
ENSG00000257365	15	FNTB	1.0	14610
ENSG00000257599	15	OVCH1-AS1	1.0	14611
ENSG00000257702	15	LBX2-AS1	1.0	14612
ENSG00000257727	15	CNPY2	1.0	14613
ENSG00000257923	15	CUX1	1.0	14614
ENSG00000258057	15	BCDIN3D-AS1	1.0	14615
ENSG00000258102	15	MAP1LC3B2	1.0	14616
ENSG00000258227	15	CLEC5A	1.0	14617
ENSG00000258279	15	LINC00592	1.0	14618
ENSG00000258289	15	CHURC1	1.0	14619
ENSG00000258315	15	C17orf49	1.0	14620
ENSG00000258405	15	ZNF578	1.0	14621
ENSG00000258484	15	SPESP1	1.0	14622
ENSG00000258498	15	DIO3OS	1.0	14623
ENSG00000258537	15	FRMD6-AS2	1.0	14624
ENSG00000258701	15	VESTAR	1.0	14625
ENSG00000258708	15	SLC25A21-AS1	1.0	14626
ENSG00000258725	15	PRC1-AS1	1.0	14627
ENSG00000258730	15	ITPK1-AS1	1.0	14628
ENSG00000258818	15	RNASE4	1.0	14629
ENSG00000258839	15	MC1R	1.0	14630
ENSG00000258890	15	CEP95	1.0	14631
ENSG00000258920	15	FOXN3-AS1	1.0	14632
ENSG00000258947	15	TUBB3	1.0	14633
ENSG00000259091	15	LINC00517	1.0	14634
ENSG00000259120	15	SMIM6	1.0	14635
ENSG00000259129	15	LINC00648	1.0	14636
ENSG00000259134	15	LINC00924	1.0	14637
ENSG00000259248	15	USP3-AS1	1.0	14638
ENSG00000259431	15	THTPA	1.0	14639
ENSG00000259494	15	MRPL46	1.0	14640
ENSG00000259511	15	UBE2Q2P16	1.0	14641
ENSG00000259673	15	IQCH-AS1	1.0	14642
ENSG00000259717	15	LINC00677	1.0	14643
ENSG00000259803	15	SLC22A31	1.0	14644
ENSG00000259956	15	RBM15B	1.0	14645
ENSG00000260001	15	TGFBR3L	1.0	14646
ENSG00000260027	15	HOXB7	1.0	14647
ENSG00000260230	15	FRRS1L	1.0	14648
ENSG00000260314	15	MRC1	1.0	14649
ENSG00000260325	15	HSPB9	1.0	14650
ENSG00000260339	15	HEXA-AS1	1.0	14651
ENSG00000260372	15	AQP4-AS1	1.0	14652
ENSG00000260456	15	C16orf95	1.0	14653
ENSG00000260630	15	SNAI3-AS1	1.0	14654
ENSG00000260852	15	FBXL19-AS1	1.0	14655
ENSG00000260898	15	ADPGK-AS1	1.0	14656
ENSG00000260916	15	CCPG1	1.0	14657
ENSG00000261052	15	SULT1A3	1.0	14658
ENSG00000261115	15	TMEM178B	1.0	14659
ENSG00000261150	15	EPPK1	1.0	14660
ENSG00000261221	15	ZNF865	1.0	14661
ENSG00000261236	15	BOP1	1.0	14662
ENSG00000261373	15	VPS9D1-AS1	1.0	14663
ENSG00000261455	15	LINC01003	1.0	14664
ENSG00000261456	15	TUBB8	1.0	14665
ENSG00000261520	15	DLGAP1-AS5	1.0	14666
ENSG00000261587	15	TMEM249	1.0	14667
ENSG00000261594	15	TPBGL	1.0	14668
ENSG00000261609	15	GAN	1.0	14669
ENSG00000261652	15	PIERCE2	1.0	14670
ENSG00000261701	15	HPR	1.0	14671
ENSG00000261801	15	LOXL1-AS1	1.0	14672
ENSG00000261824	15	LINC00662	1.0	14673
ENSG00000262246	15	CORO7	1.0	14674
ENSG00000262484	15	CCER2	1.0	14675
ENSG00000262814	15	MRPL12	1.0	14676
ENSG00000263001	15	GTF2I	1.0	14677
ENSG00000263002	15	ZNF234	1.0	14678
ENSG00000263327	15	TAPT1-AS1	1.0	14679
ENSG00000263513	15	FAM72C	1.0	14680
ENSG00000263528	15	IKBKE	1.0	14681
ENSG00000263639	15	MSMB	1.0	14682
ENSG00000263753	15	LINC00667	1.0	14683
ENSG00000263874	15	LASP1NB	1.0	14684
ENSG00000263956	15	NBPF11	1.0	14685
ENSG00000264230	15	ANXA8L1	1.0	14686
ENSG00000264364	15	DYNLL2	1.0	14687
ENSG00000264522	15	OTUD7B	1.0	14688
ENSG00000265107	15	GJA5	1.0	14689
ENSG00000265190	15	ANXA8	1.0	14690
ENSG00000265241	15	RBM8A	1.0	14691
ENSG00000265354	15	TIMM23	1.0	14692
ENSG00000265491	15	RNF115	1.0	14693
ENSG00000265681	15	RPL17	1.0	14694
ENSG00000265763	15	ZNF488	1.0	14695
ENSG00000265972	15	TXNIP	1.0	14696
ENSG00000266010	15	GATA6-AS1	1.0	14697
ENSG00000266028	15	SRGAP2	1.0	14698
ENSG00000266094	15	RASSF5	1.0	14699
ENSG00000266173	15	STRADA	1.0	14700
ENSG00000266256	15	LINC00683	1.0	14701
ENSG00000266265	15	KLF14	1.0	14702
ENSG00000266338	15	NBPF15	1.0	14703
ENSG00000266412	15	NCOA4	1.0	14704
ENSG00000266472	15	MRPS21	1.0	14705
ENSG00000266524	15	GDF10	1.0	14706
ENSG00000266714	15	MYO15B	1.0	14707
ENSG00000266964	15	FXYD1	1.0	14708
ENSG00000267041	15	ZNF850	1.0	14709
ENSG00000267064	15	UXT-AS1	1.0	14710
ENSG00000267080	15	ASB16-AS1	1.0	14711
ENSG00000267322	15	SNHG22	1.0	14712
ENSG00000267365	15	KCNJ2-AS1	1.0	14713
ENSG00000267470	15	ZNF571-AS1	1.0	14714
ENSG00000267493	15	CIRBP-AS1	1.0	14715
ENSG00000267532	15	MIR497HG	1.0	14716
ENSG00000267534	15	S1PR2	1.0	14717
ENSG00000267680	15	ZNF224	1.0	14718
ENSG00000267795	15	SMIM22	1.0	14719
ENSG00000267855	15	NDUFA7	1.0	14720
ENSG00000268006	15	PTOV1-AS1	1.0	14721
ENSG00000268043	15	NBPF12	1.0	14722
ENSG00000268061	15	NAPA-AS1	1.0	14723
ENSG00000268104	15	SLC6A14	1.0	14724
ENSG00000268658	15	LINC00664	1.0	14725
ENSG00000268895	15	A1BG-AS1	1.0	14726
ENSG00000269113	15	TRABD2B	1.0	14727
ENSG00000269190	15	FBXO17	1.0	14728
ENSG00000269220	15	LINC00528	1.0	14729
ENSG00000269293	15	ZSCAN16-AS1	1.0	14730
ENSG00000269313	15	MAGIX	1.0	14731
ENSG00000269335	15	IKBKG	1.0	14732
ENSG00000269386	15	RAB11B-AS1	1.0	14733
ENSG00000269404	15	SPIB	1.0	14734
ENSG00000269556	15	TMEM185A	1.0	14735
ENSG00000269699	15	ZIM2	1.0	14736
ENSG00000269713	15	NBPF9	1.0	14737
ENSG00000269743	15	SLC25A53	1.0	14738
ENSG00000269821	15	KCNQ1OT1	1.0	14739
ENSG00000269893	15	SNHG8	1.0	14740
ENSG00000270362	15	HMGN3-AS1	1.0	14741
ENSG00000270419	15	CAHM	1.0	14742
ENSG00000270629	15	NBPF14	1.0	14743
ENSG00000270641	15	TSIX	1.0	14744
ENSG00000270647	15	TAF15	1.0	14745
ENSG00000270800	15	RPS10-NUDT3	1.0	14746
ENSG00000270959	15	LPP-AS2	1.0	14747
ENSG00000271303	15	SRXN1	1.0	14748
ENSG00000271425	15	NBPF10	1.0	14749
ENSG00000271447	15	MMP28	1.0	14750
ENSG00000271503	15	CCL5	1.0	14751
ENSG00000271601	15	LIX1L	1.0	14752
ENSG00000271605	15	MILR1	1.0	14753
ENSG00000272031	15	ANKRD34A	1.0	14754
ENSG00000272047	15	GTF2H5	1.0	14755
ENSG00000272143	15	FGF14-AS2	1.0	14756
ENSG00000272325	15	NUDT3	1.0	14757
ENSG00000272333	15	KMT2B	1.0	14758
ENSG00000272391	15	POM121C	1.0	14759
ENSG00000272523	15	LINC01023	1.0	14760
ENSG00000272602	15	ZNF595	1.0	14761
ENSG00000272636	15	DOC2B	1.0	14762
ENSG00000272674	15	PCDHB16	1.0	14763
ENSG00000272767	15	JMJD1C-AS1	1.0	14764
ENSG00000272886	15	DCP1A	1.0	14765
ENSG00000273079	15	GRIN2B	1.0	14766
ENSG00000273559	15	CWC25	1.0	14767
ENSG00000273611	15	ZNHIT3	1.0	14768
ENSG00000273749	15	CYFIP1	1.0	14769
ENSG00000273820	15	USP27X	1.0	14770
ENSG00000273899	15	NOL12	1.0	14771
ENSG00000274211	15	SOCS7	1.0	14772
ENSG00000274286	15	ADRA2B	1.0	14773
ENSG00000274349	15	ZNF658	1.0	14774
ENSG00000274736	15	CCL23	1.0	14775
ENSG00000275004	15	ZNF280B	1.0	14776
ENSG00000275023	15	MLLT6	1.0	14777
ENSG00000275066	15	SYNRG	1.0	14778
ENSG00000275074	15	NUDT18	1.0	14779
ENSG00000275111	15	ZNF2	1.0	14780
ENSG00000275183	15	LENG9	1.0	14781
ENSG00000275302	15	CCL4	1.0	14782
ENSG00000275385	15	CCL18	1.0	14783
ENSG00000275395	15	FCGBP	1.0	14784
ENSG00000275489	15	SPMAP1	1.0	14785
ENSG00000275700	15	AATF	1.0	14786
ENSG00000275832	15	ARHGAP23	1.0	14787
ENSG00000275835	15	TUBGCP5	1.0	14788
ENSG00000276023	15	DUSP14	1.0	14789
ENSG00000276045	15	ORAI1	1.0	14790
ENSG00000276070	15	CCL4L2	1.0	14791
ENSG00000276231	15	PIK3R6	1.0	14792
ENSG00000276234	15	TADA2A	1.0	14793
ENSG00000276293	15	PIP4K2B	1.0	14794
ENSG00000276409	15	CCL14	1.0	14795
ENSG00000276644	15	DACH1	1.0	14796
ENSG00000277150	15	F8A3	1.0	14797
ENSG00000277161	15	PIGW	1.0	14798
ENSG00000277258	15	PCGF2	1.0	14799
ENSG00000277363	15	SRCIN1	1.0	14800
ENSG00000277443	15	MARCKS	1.0	14801
ENSG00000277494	15	GPIHBP1	1.0	14802
ENSG00000277632	15	CCL3	1.0	14803
ENSG00000277791	15	PSMB3	1.0	14804
ENSG00000277870	15	FAM230A	1.0	14805
ENSG00000277972	15	CISD3	1.0	14806
ENSG00000278023	15	RDM1	1.0	14807
ENSG00000278053	15	DDX52	1.0	14808
ENSG00000278259	15	MYO19	1.0	14809
ENSG00000278311	15	GGNBP2	1.0	14810
ENSG00000278318	15	ZNF229	1.0	14811
ENSG00000278535	15	DHRS11	1.0	14812
ENSG00000278540	15	ACACA	1.0	14813
ENSG00000278619	15	MRM1	1.0	14814
ENSG00000278845	15	MRPL45	1.0	14815
ENSG00000290292	15	HOMEZ	1.0	14816
